2026-05-08 00:45:16 [INFO]: Database connected successfully at Fri May 08 2026 00:45:20 GMT+0530 (India Standard Time)
2026-05-08 00:45:16 [INFO]: ✅ Database connected
2026-05-08 00:45:16 [INFO]: ✅ Redis connected
2026-05-08 00:45:16 [INFO]: 🚀 ERP Server running on port 5000 in development mode
2026-05-08 00:45:16 [INFO]: 📊 API: http://localhost:5000/api
2026-05-08 00:45:16 [INFO]: 🔌 Socket.IO: ws://localhost:5000
2026-05-08 00:45:16 [INFO]: ❤️  Health: http://localhost:5000/health
2026-05-08 00:46:18 [WARN]: Slow query detected {"query":"SELECT u.*, c.name AS company_name, c.is_active AS company_active,\n              c.subscription_expires_at\n       FROM users u\n       LEFT JOIN companies c ON u.company_id = c.id\n       WHERE u.email = LOWER($1) AND u.deleted_at IS NULL","duration":"1588ms","rows":1}
2026-05-08 00:46:19 [INFO]: Socket connected: MJfCy7xqOwVhVw16AAAB (user: cfc2c2df-0ca8-4f06-a42e-d98f24e0e562)
2026-05-08 00:46:21 [WARN]: Slow query detected {"query":"SELECT COUNT(*) AS total,\n           COUNT(*) FILTER (WHERE status = 'dispatched') AS in_transit,\n           COUNT(*) FILTER (WHERE status = 'delivered') AS delivered,\n           COUNT(*) FILTER (WHERE expected_delivery_date < CURRENT_DATE AND status NOT IN ('delivered','returned')) AS delayed\n         FROM dispatches WHERE company_id = $1 AND deleted_at IS NULL\n         AND created_at >= NOW() - INTERVAL '30 days'","duration":"1037ms","rows":1}
2026-05-08 00:46:21 [WARN]: Slow query detected {"query":"SELECT COUNT(*) AS total_materials,\n           COALESCE(SUM(current_stock * purchase_rate), 0) AS stock_value,\n           COUNT(*) FILTER (WHERE current_stock <= minimum_stock) AS low_stock_count,\n           COUNT(*) FILTER (WHERE current_stock = 0) AS out_of_stock\n         FROM materials WHERE company_id = $1 AND is_active = TRUE AND deleted_at IS NULL","duration":"1213ms","rows":1}
2026-05-08 00:46:21 [WARN]: Slow query detected {"query":"SELECT m.name, m.code, SUM(po.produced_quantity) AS total_produced,\n                SUM(po.rejected_quantity) AS total_rejected\n         FROM production_orders po\n         JOIN materials m ON po.product_material_id = m.id\n         WHERE po.company_id = $1 AND po.deleted_at IS NULL\n         AND po.created_at >= NOW() - INTERVAL '30 days'\n         GROUP BY m.id, m.name, m.code\n         ORDER BY total_produced DESC LIMIT 10","duration":"1337ms","rows":0}
2026-05-08 00:46:21 [WARN]: Slow query detected {"query":"SELECT status, COUNT(*) AS count FROM production_orders\n         WHERE company_id = $1 AND deleted_at IS NULL\n         AND created_at >= NOW() - INTERVAL '30 days'\n         GROUP BY status","duration":"1366ms","rows":0}
2026-05-08 00:46:21 [WARN]: Slow query detected {"query":"SELECT m.id, m.code, m.name, m.unit, m.current_stock, m.minimum_stock,\n              m.reorder_level, m.reorder_quantity, m.purchase_rate,\n              mc.name AS category_name, w.name AS warehouse_name,\n              s.name AS supplier_name, s.contact_person AS supplier_contact, s.phone AS supplier_phone\n       FROM materials m\n       LEFT JOIN material_categories mc ON m.category_id = mc.id\n       LEFT JOIN warehouses w ON m.warehouse_id = w.id\n       LEFT JOIN suppliers s ON m.supplier_id = s.id\n       WHERE m.company_id = $1 AND m.current_stock <= m.minimum_stock\n       AND m.is_active = TRUE AND m.deleted_at IS NULL\n       ORDER BY (m.current_stock / NULLIF(m.minimum_stock, 0)) ASC\n       LIMIT 20","duration":"1374ms","rows":11}
2026-05-08 00:46:21 [WARN]: Slow query detected {"query":"SELECT status, COUNT(*) AS count FROM dispatches\n         WHERE company_id = $1 AND deleted_at IS NULL\n         AND created_at >= NOW() - INTERVAL '30 days'\n         GROUP BY status","duration":"1444ms","rows":0}
2026-05-08 00:46:21 [WARN]: Slow query detected {"query":"SELECT COALESCE(SUM(net_amount), 0) AS total_revenue,\n           COALESCE(SUM(net_amount) FILTER (WHERE payment_status = 'paid'), 0) AS paid_revenue,\n           COALESCE(SUM(balance_amount) FILTER (WHERE payment_status != 'paid'), 0) AS pending_revenue,\n           COUNT(*) AS total_invoices\n         FROM invoices WHERE company_id = $1 AND deleted_at IS NULL\n         AND invoice_date >= NOW() - INTERVAL '30 days'","duration":"1389ms","rows":1}
2026-05-08 00:46:21 [WARN]: Slow query detected {"query":"SELECT COUNT(*) FROM materials WHERE company_id = $1 AND current_stock <= minimum_stock AND is_active = TRUE AND deleted_at IS NULL","duration":"1419ms","rows":1}
2026-05-08 00:46:21 [WARN]: Slow query detected {"query":"SELECT COUNT(*), COALESCE(SUM(balance_amount), 0) AS amount\n         FROM invoices WHERE company_id = $1 AND payment_status != 'paid' AND deleted_at IS NULL","duration":"1450ms","rows":1}
2026-05-08 00:49:23 [WARN]: Slow query detected {"query":"SELECT COUNT(*) FROM notifications WHERE user_id = $1 AND company_id = $2 AND is_read = FALSE","duration":"1313ms","rows":1}
2026-05-08 00:50:26 [WARN]: Slow query detected {"query":"SELECT COUNT(*) FROM notifications WHERE user_id = $1 AND company_id = $2 AND is_read = FALSE","duration":"2320ms","rows":1}
2026-05-08 00:51:28 [WARN]: Slow query detected {"query":"SELECT COUNT(*) FROM notifications WHERE user_id = $1 AND company_id = $2 AND is_read = FALSE","duration":"1618ms","rows":1}
2026-05-08 00:52:29 [WARN]: Slow query detected {"query":"SELECT COUNT(*) FROM notifications WHERE user_id = $1 AND company_id = $2 AND is_read = FALSE","duration":"1463ms","rows":1}
2026-05-08 00:53:15 [WARN]: Slow query detected {"query":"SELECT * FROM material_categories WHERE company_id = $1 AND is_active = TRUE ORDER BY name","duration":"3360ms","rows":2}
2026-05-08 00:54:49 [INFO]: Database connected successfully at Fri May 08 2026 00:54:53 GMT+0530 (India Standard Time)
2026-05-08 00:54:49 [INFO]: ✅ Database connected
2026-05-08 00:54:49 [INFO]: ✅ Redis connected
2026-05-08 00:54:49 [INFO]: 🚀 ERP Server running on port 5000 in development mode
2026-05-08 00:54:49 [INFO]: 📊 API: http://localhost:5000/api
2026-05-08 00:54:49 [INFO]: 🔌 Socket.IO: ws://localhost:5000
2026-05-08 00:54:49 [INFO]: ❤️  Health: http://localhost:5000/health
2026-05-08 00:54:49 [INFO]: Socket connected: IvfjO6l_nY7GhBNqAAAB (user: cfc2c2df-0ca8-4f06-a42e-d98f24e0e562)
2026-05-08 00:56:33 [WARN]: Slow query detected {"query":"SELECT * FROM suppliers WHERE company_id = $1 AND deleted_at IS NULL ORDER BY name LIMIT $2 OFFSET $3","duration":"1448ms","rows":2}
2026-05-08 00:56:33 [WARN]: Slow query detected {"query":"SELECT COUNT(*) FROM materials m WHERE m.company_id = $1 AND m.deleted_at IS NULL","duration":"1502ms","rows":1}
2026-05-08 00:56:33 [WARN]: Slow query detected {"query":"SELECT COUNT(*) FROM suppliers WHERE company_id = $1 AND deleted_at IS NULL","duration":"1487ms","rows":1}
2026-05-08 00:56:34 [WARN]: Slow query detected {"query":"SELECT w.*, u.first_name || ' ' || u.last_name AS manager_name,\n              (SELECT COUNT(*) FROM materials m WHERE m.warehouse_id = w.id AND m.deleted_at IS NULL) AS material_count,\n              (SELECT COALESCE(SUM(m.current_stock * m.purchase_rate), 0) FROM materials m WHERE m.warehouse_id = w.id AND m.deleted_at IS NULL) AS stock_value\n       FROM warehouses w\n       LEFT JOIN users u ON w.manager_id = u.id\n       WHERE w.company_id = $1 AND w.deleted_at IS NULL\n       ORDER BY w.is_primary DESC, w.name","duration":"1384ms","rows":1}
2026-05-08 00:57:33 [WARN]: Slow query detected {"query":"SELECT COUNT(*) FROM notifications WHERE user_id = $1 AND company_id = $2 AND is_read = FALSE","duration":"3153ms","rows":1}
2026-05-08 00:58:03 [WARN]: Slow query detected {"query":"SELECT COUNT(*) FROM materials m WHERE m.company_id = $1 AND m.deleted_at IS NULL","duration":"3207ms","rows":1}
2026-05-08 00:59:36 [WARN]: Slow query detected {"query":"SELECT COUNT(*) FROM notifications WHERE user_id = $1 AND company_id = $2 AND is_read = FALSE","duration":"2062ms","rows":1}
2026-05-08 01:00:39 [WARN]: Slow query detected {"query":"SELECT COUNT(*) FROM notifications WHERE user_id = $1 AND company_id = $2 AND is_read = FALSE","duration":"2114ms","rows":1}
2026-05-08 01:01:39 [ERROR]: Error: jwt expired {"url":"/api/notifications/unread-count","method":"GET"}
TokenExpiredError: jwt expired
    at C:\Users\kajal\OneDrive\Desktop\subscription\backend\node_modules\jsonwebtoken\verify.js:190:21
    at getSecret (C:\Users\kajal\OneDrive\Desktop\subscription\backend\node_modules\jsonwebtoken\verify.js:97:14)
    at module.exports [as verify] (C:\Users\kajal\OneDrive\Desktop\subscription\backend\node_modules\jsonwebtoken\verify.js:101:10)
    at authenticate (C:\Users\kajal\OneDrive\Desktop\subscription\backend\src\middleware\auth.js:14:25)
    at newFn (C:\Users\kajal\OneDrive\Desktop\subscription\backend\node_modules\express-async-errors\index.js:16:20)
    at Layer.handle [as handle_request] (C:\Users\kajal\OneDrive\Desktop\subscription\backend\node_modules\express\lib\router\layer.js:95:5)
    at trim_prefix (C:\Users\kajal\OneDrive\Desktop\subscription\backend\node_modules\express\lib\router\index.js:328:13)
    at C:\Users\kajal\OneDrive\Desktop\subscription\backend\node_modules\express\lib\router\index.js:286:9
    at Function.process_params (C:\Users\kajal\OneDrive\Desktop\subscription\backend\node_modules\express\lib\router\index.js:346:12)
    at next (C:\Users\kajal\OneDrive\Desktop\subscription\backend\node_modules\express\lib\router\index.js:280:10)
2026-05-08 01:01:41 [WARN]: Slow query detected {"query":"SELECT id, company_id, role, refresh_token, is_active FROM users WHERE id = $1","duration":"2077ms","rows":1}
2026-05-08 01:02:26 [WARN]: Slow query detected {"query":"SELECT wt.*, COUNT(ws.id) AS stage_count\n       FROM workflow_templates wt\n       LEFT JOIN workflow_stages ws ON ws.template_id = wt.id AND ws.is_active = TRUE\n       WHERE wt.company_id = $1 AND wt.is_active = TRUE\n       GROUP BY wt.id ORDER BY wt.created_at DESC","duration":"2121ms","rows":1}
2026-05-08 01:02:31 [WARN]: Slow query detected {"query":"SELECT ws.*, r.name AS role_name FROM workflow_stages ws\n         LEFT JOIN roles r ON ws.assigned_role = r.id\n         WHERE ws.template_id = $1 AND ws.is_active = TRUE\n         ORDER BY ws.sequence_order","duration":"1878ms","rows":6}
2026-05-08 01:03:20 [INFO]: Database connected successfully at Fri May 08 2026 01:03:24 GMT+0530 (India Standard Time)
2026-05-08 01:03:20 [INFO]: ✅ Database connected
2026-05-08 01:03:20 [INFO]: ✅ Redis connected
2026-05-08 01:03:20 [INFO]: 🚀 ERP Server running on port 5000 in development mode
2026-05-08 01:03:20 [INFO]: 📊 API: http://localhost:5000/api
2026-05-08 01:03:20 [INFO]: 🔌 Socket.IO: ws://localhost:5000
2026-05-08 01:03:20 [INFO]: ❤️  Health: http://localhost:5000/health
2026-05-08 01:03:27 [INFO]: Database connected successfully at Fri May 08 2026 01:03:31 GMT+0530 (India Standard Time)
2026-05-08 01:03:27 [INFO]: ✅ Database connected
2026-05-08 01:03:27 [INFO]: ✅ Redis connected
2026-05-08 01:03:27 [INFO]: 🚀 ERP Server running on port 5000 in development mode
2026-05-08 01:03:27 [INFO]: 📊 API: http://localhost:5000/api
2026-05-08 01:03:27 [INFO]: 🔌 Socket.IO: ws://localhost:5000
2026-05-08 01:03:27 [INFO]: ❤️  Health: http://localhost:5000/health
2026-05-08 01:03:38 [INFO]: Database connected successfully at Fri May 08 2026 01:03:42 GMT+0530 (India Standard Time)
2026-05-08 01:03:38 [INFO]: ✅ Database connected
2026-05-08 01:03:38 [INFO]: ✅ Redis connected
2026-05-08 01:03:38 [INFO]: 🚀 ERP Server running on port 5000 in development mode
2026-05-08 01:03:38 [INFO]: 📊 API: http://localhost:5000/api
2026-05-08 01:03:38 [INFO]: 🔌 Socket.IO: ws://localhost:5000
2026-05-08 01:03:38 [INFO]: ❤️  Health: http://localhost:5000/health
2026-05-08 01:03:48 [INFO]: Database connected successfully at Fri May 08 2026 01:03:52 GMT+0530 (India Standard Time)
2026-05-08 01:03:48 [INFO]: ✅ Database connected
2026-05-08 01:03:48 [INFO]: ✅ Redis connected
2026-05-08 01:03:48 [INFO]: 🚀 ERP Server running on port 5000 in development mode
2026-05-08 01:03:48 [INFO]: 📊 API: http://localhost:5000/api
2026-05-08 01:03:48 [INFO]: 🔌 Socket.IO: ws://localhost:5000
2026-05-08 01:03:48 [INFO]: ❤️  Health: http://localhost:5000/health
2026-05-08 01:03:57 [INFO]: Database connected successfully at Fri May 08 2026 01:04:01 GMT+0530 (India Standard Time)
2026-05-08 01:03:57 [INFO]: ✅ Database connected
2026-05-08 01:03:57 [INFO]: ✅ Redis connected
2026-05-08 01:03:57 [INFO]: 🚀 ERP Server running on port 5000 in development mode
2026-05-08 01:03:57 [INFO]: 📊 API: http://localhost:5000/api
2026-05-08 01:03:57 [INFO]: 🔌 Socket.IO: ws://localhost:5000
2026-05-08 01:03:57 [INFO]: ❤️  Health: http://localhost:5000/health
2026-05-08 01:04:16 [INFO]: Database connected successfully at Fri May 08 2026 01:04:20 GMT+0530 (India Standard Time)
2026-05-08 01:04:16 [INFO]: ✅ Database connected
2026-05-08 01:04:16 [INFO]: ✅ Redis connected
2026-05-08 01:04:16 [INFO]: 🚀 ERP Server running on port 5000 in development mode
2026-05-08 01:04:16 [INFO]: 📊 API: http://localhost:5000/api
2026-05-08 01:04:16 [INFO]: 🔌 Socket.IO: ws://localhost:5000
2026-05-08 01:04:16 [INFO]: ❤️  Health: http://localhost:5000/health
2026-05-08 01:04:27 [INFO]: Database connected successfully at Fri May 08 2026 01:04:30 GMT+0530 (India Standard Time)
2026-05-08 01:04:27 [INFO]: ✅ Database connected
2026-05-08 01:04:27 [INFO]: ✅ Redis connected
2026-05-08 01:04:27 [INFO]: 🚀 ERP Server running on port 5000 in development mode
2026-05-08 01:04:27 [INFO]: 📊 API: http://localhost:5000/api
2026-05-08 01:04:27 [INFO]: 🔌 Socket.IO: ws://localhost:5000
2026-05-08 01:04:27 [INFO]: ❤️  Health: http://localhost:5000/health
2026-05-08 01:10:44 [WARN]: Slow query detected {"query":"SELECT COUNT(*) FROM materials m WHERE m.company_id = $1 AND m.deleted_at IS NULL","duration":"2068ms","rows":1}
2026-05-08 01:10:44 [WARN]: Slow query detected {"query":"SELECT m.*, mc.name AS category_name, w.name AS warehouse_name,\n                s.name AS supplier_name, wr.rack_code, wr.bin_code\n         FROM materials m\n         LEFT JOIN material_categories mc ON m.category_id = mc.id\n         LEFT JOIN warehouses w ON m.warehouse_id = w.id\n         LEFT JOIN suppliers s ON m.supplier_id = s.id\n         LEFT JOIN warehouse_racks wr ON m.rack_id = wr.id\n         WHERE m.company_id = $1 AND m.deleted_at IS NULL\n         ORDER BY m.name ASC\n         LIMIT $2 OFFSET $3","duration":"2375ms","rows":13}
2026-05-08 01:10:44 [WARN]: Slow query detected {"query":"SELECT * FROM material_categories WHERE company_id = $1 AND is_active = TRUE ORDER BY name","duration":"2552ms","rows":2}
2026-05-08 01:10:45 [WARN]: Slow query detected {"query":"SELECT COUNT(*) FROM notifications WHERE user_id = $1 AND company_id = $2 AND is_read = FALSE","duration":"2324ms","rows":1}
2026-05-08 01:11:26 [WARN]: Slow query detected {"query":"SELECT w.*, u.first_name || ' ' || u.last_name AS manager_name,\n              (SELECT COUNT(*) FROM materials m WHERE m.warehouse_id = w.id AND m.deleted_at IS NULL) AS material_count,\n              (SELECT COALESCE(SUM(m.current_stock * m.purchase_rate), 0) FROM materials m WHERE m.warehouse_id = w.id AND m.deleted_at IS NULL) AS stock_value\n       FROM warehouses w\n       LEFT JOIN users u ON w.manager_id = u.id\n       WHERE w.company_id = $1 AND w.deleted_at IS NULL\n       ORDER BY w.is_primary DESC, w.name","duration":"1880ms","rows":1}
2026-05-08 01:12:49 [WARN]: Slow query detected {"query":"SELECT COUNT(*) FROM notifications WHERE user_id = $1 AND company_id = $2 AND is_read = FALSE","duration":"3421ms","rows":1}
2026-05-08 01:16:51 [ERROR]: Error: jwt expired {"url":"/api/notifications/unread-count","method":"GET"}
TokenExpiredError: jwt expired
    at C:\Users\kajal\OneDrive\Desktop\subscription\backend\node_modules\jsonwebtoken\verify.js:190:21
    at getSecret (C:\Users\kajal\OneDrive\Desktop\subscription\backend\node_modules\jsonwebtoken\verify.js:97:14)
    at module.exports [as verify] (C:\Users\kajal\OneDrive\Desktop\subscription\backend\node_modules\jsonwebtoken\verify.js:101:10)
    at authenticate (C:\Users\kajal\OneDrive\Desktop\subscription\backend\src\middleware\auth.js:14:25)
    at newFn (C:\Users\kajal\OneDrive\Desktop\subscription\backend\node_modules\express-async-errors\index.js:16:20)
    at Layer.handle [as handle_request] (C:\Users\kajal\OneDrive\Desktop\subscription\backend\node_modules\express\lib\router\layer.js:95:5)
    at trim_prefix (C:\Users\kajal\OneDrive\Desktop\subscription\backend\node_modules\express\lib\router\index.js:328:13)
    at C:\Users\kajal\OneDrive\Desktop\subscription\backend\node_modules\express\lib\router\index.js:286:9
    at Function.process_params (C:\Users\kajal\OneDrive\Desktop\subscription\backend\node_modules\express\lib\router\index.js:346:12)
    at next (C:\Users\kajal\OneDrive\Desktop\subscription\backend\node_modules\express\lib\router\index.js:280:10)
2026-05-08 01:16:56 [WARN]: Slow query detected {"query":"SELECT id, company_id, role, refresh_token, is_active FROM users WHERE id = $1","duration":"4506ms","rows":1}
2026-05-08 01:20:01 [INFO]: Database connected successfully at Fri May 08 2026 01:20:05 GMT+0530 (India Standard Time)
2026-05-08 01:20:01 [INFO]: ✅ Database connected
2026-05-08 01:20:01 [INFO]: ✅ Redis connected
2026-05-08 01:20:01 [INFO]: 🚀 ERP Server running on port 5000 in development mode
2026-05-08 01:20:01 [INFO]: 📊 API: http://localhost:5000/api
2026-05-08 01:20:01 [INFO]: 🔌 Socket.IO: ws://localhost:5000
2026-05-08 01:20:01 [INFO]: ❤️  Health: http://localhost:5000/health
2026-05-08 01:20:16 [WARN]: Slow query detected {"query":"SELECT COUNT(*) FROM materials m WHERE m.company_id = $1 AND m.deleted_at IS NULL","duration":"1534ms","rows":1}
2026-05-08 01:20:16 [WARN]: Slow query detected {"query":"SELECT w.*, u.first_name || ' ' || u.last_name AS manager_name,\n              (SELECT COUNT(*) FROM materials m WHERE m.warehouse_id = w.id AND m.deleted_at IS NULL) AS material_count,\n              (SELECT COALESCE(SUM(m.current_stock * m.purchase_rate), 0) FROM materials m WHERE m.warehouse_id = w.id AND m.deleted_at IS NULL) AS stock_value\n       FROM warehouses w\n       LEFT JOIN users u ON w.manager_id = u.id\n       WHERE w.company_id = $1 AND w.deleted_at IS NULL\n       ORDER BY w.is_primary DESC, w.name","duration":"1516ms","rows":1}
2026-05-08 01:20:16 [WARN]: Slow query detected {"query":"SELECT COUNT(*) FROM suppliers WHERE company_id = $1 AND deleted_at IS NULL","duration":"1533ms","rows":1}
2026-05-08 01:20:16 [WARN]: Slow query detected {"query":"SELECT * FROM suppliers WHERE company_id = $1 AND deleted_at IS NULL ORDER BY name LIMIT $2 OFFSET $3","duration":"1634ms","rows":2}
2026-05-08 01:23:07 [WARN]: Slow query detected {"query":"SELECT COUNT(*) FROM notifications WHERE user_id = $1 AND company_id = $2 AND is_read = FALSE","duration":"2645ms","rows":1}
2026-05-08 01:23:49 [ERROR]: Idle client error (connection will be replaced):
2026-05-08 01:23:49 [ERROR]: Idle client error (connection will be replaced):
2026-05-08 01:24:17 [WARN]: Retrying query after connection error:
2026-05-08 01:24:28 [ERROR]: Database query error getaddrinfo ENOTFOUND db.bksznpwjhhtybsiwvgtd.supabase.co {"query":"SELECT COUNT(*) FROM notifications WHERE user_id = $1 AND company_id = $2 AND is_read = FALSE"}
2026-05-08 01:24:28 [ERROR]: Error: getaddrinfo ENOTFOUND db.bksznpwjhhtybsiwvgtd.supabase.co {"url":"/api/notifications/unread-count","method":"GET","userId":"cfc2c2df-0ca8-4f06-a42e-d98f24e0e562","companyId":"8cf84328-5d58-432e-b0c8-3c661d0344e7"}
Error: getaddrinfo ENOTFOUND db.bksznpwjhhtybsiwvgtd.supabase.co
    at C:\Users\kajal\OneDrive\Desktop\subscription\backend\node_modules\pg-pool\index.js:45:11
    at process.processTicksAndRejections (node:internal/process/task_queues:105:5)
    at async query (C:\Users\kajal\OneDrive\Desktop\subscription\backend\src\config\database.js:110:17)
    at async NotificationService.getUnreadCount (C:\Users\kajal\OneDrive\Desktop\subscription\backend\src\services\notification.service.js:126:20)
    at async C:\Users\kajal\OneDrive\Desktop\subscription\backend\src\routes\notification.routes.js:16:19
2026-05-08 01:24:32 [WARN]: Slow query detected {"query":"SELECT COUNT(*) FROM notifications WHERE user_id = $1 AND company_id = $2 AND is_read = FALSE","duration":"1638ms","rows":1}
2026-05-08 01:25:39 [WARN]: Slow query detected {"query":"SELECT COUNT(*) FROM notifications WHERE user_id = $1 AND company_id = $2 AND is_read = FALSE","duration":"3206ms","rows":1}
2026-05-08 01:26:43 [WARN]: Slow query detected {"query":"SELECT COUNT(*) FROM notifications WHERE user_id = $1 AND company_id = $2 AND is_read = FALSE","duration":"4234ms","rows":1}
2026-05-08 01:27:49 [WARN]: Slow query detected {"query":"SELECT COUNT(*) FROM notifications WHERE user_id = $1 AND company_id = $2 AND is_read = FALSE","duration":"5534ms","rows":1}
2026-05-08 01:28:53 [WARN]: Slow query detected {"query":"SELECT COUNT(*) FROM notifications WHERE user_id = $1 AND company_id = $2 AND is_read = FALSE","duration":"3440ms","rows":1}
2026-05-08 01:29:56 [WARN]: Slow query detected {"query":"SELECT COUNT(*) FROM notifications WHERE user_id = $1 AND company_id = $2 AND is_read = FALSE","duration":"2623ms","rows":1}
2026-05-08 01:31:07 [WARN]: Slow query detected {"query":"SELECT * FROM suppliers WHERE company_id = $1 AND deleted_at IS NULL ORDER BY name LIMIT $2 OFFSET $3","duration":"3249ms","rows":2}
2026-05-08 01:31:07 [WARN]: Slow query detected {"query":"SELECT COUNT(*) FROM suppliers WHERE company_id = $1 AND deleted_at IS NULL","duration":"3249ms","rows":1}
2026-05-08 01:31:56 [ERROR]: Error: jwt expired {"url":"/api/notifications/unread-count","method":"GET"}
TokenExpiredError: jwt expired
    at C:\Users\kajal\OneDrive\Desktop\subscription\backend\node_modules\jsonwebtoken\verify.js:190:21
    at getSecret (C:\Users\kajal\OneDrive\Desktop\subscription\backend\node_modules\jsonwebtoken\verify.js:97:14)
    at module.exports [as verify] (C:\Users\kajal\OneDrive\Desktop\subscription\backend\node_modules\jsonwebtoken\verify.js:101:10)
    at authenticate (C:\Users\kajal\OneDrive\Desktop\subscription\backend\src\middleware\auth.js:14:25)
    at newFn (C:\Users\kajal\OneDrive\Desktop\subscription\backend\node_modules\express-async-errors\index.js:16:20)
    at Layer.handle [as handle_request] (C:\Users\kajal\OneDrive\Desktop\subscription\backend\node_modules\express\lib\router\layer.js:95:5)
    at trim_prefix (C:\Users\kajal\OneDrive\Desktop\subscription\backend\node_modules\express\lib\router\index.js:328:13)
    at C:\Users\kajal\OneDrive\Desktop\subscription\backend\node_modules\express\lib\router\index.js:286:9
    at Function.process_params (C:\Users\kajal\OneDrive\Desktop\subscription\backend\node_modules\express\lib\router\index.js:346:12)
    at next (C:\Users\kajal\OneDrive\Desktop\subscription\backend\node_modules\express\lib\router\index.js:280:10)
2026-05-08 01:31:58 [WARN]: Slow query detected {"query":"SELECT id, company_id, role, refresh_token, is_active FROM users WHERE id = $1","duration":"2253ms","rows":1}
2026-05-08 01:33:01 [WARN]: Slow query detected {"query":"SELECT COUNT(*) FROM notifications WHERE user_id = $1 AND company_id = $2 AND is_read = FALSE","duration":"2019ms","rows":1}
2026-05-08 01:34:05 [WARN]: Slow query detected {"query":"SELECT COUNT(*) FROM notifications WHERE user_id = $1 AND company_id = $2 AND is_read = FALSE","duration":"3268ms","rows":1}
2026-05-08 01:35:07 [WARN]: Slow query detected {"query":"SELECT COUNT(*) FROM notifications WHERE user_id = $1 AND company_id = $2 AND is_read = FALSE","duration":"1712ms","rows":1}
2026-05-08 01:43:40 [WARN]: Slow query detected {"query":"SELECT COUNT(*) FROM notifications WHERE user_id = $1 AND company_id = $2 AND is_read = FALSE","duration":"1578ms","rows":1}
2026-05-08 01:43:40 [WARN]: Slow query detected {"query":"SELECT * FROM suppliers WHERE company_id = $1 AND deleted_at IS NULL ORDER BY name LIMIT $2 OFFSET $3","duration":"1580ms","rows":2}
2026-05-08 01:43:40 [WARN]: Slow query detected {"query":"SELECT COUNT(*) FROM suppliers WHERE company_id = $1 AND deleted_at IS NULL","duration":"1581ms","rows":1}
2026-05-08 01:43:40 [WARN]: Slow query detected {"query":"SELECT COUNT(*) FROM materials m WHERE m.company_id = $1 AND m.deleted_at IS NULL","duration":"1588ms","rows":1}
2026-05-08 01:43:40 [WARN]: Slow query detected {"query":"SELECT m.*, mc.name AS category_name, w.name AS warehouse_name,\n                s.name AS supplier_name, wr.rack_code, wr.bin_code\n         FROM materials m\n         LEFT JOIN material_categories mc ON m.category_id = mc.id\n         LEFT JOIN warehouses w ON m.warehouse_id = w.id\n         LEFT JOIN suppliers s ON m.supplier_id = s.id\n         LEFT JOIN warehouse_racks wr ON m.rack_id = wr.id\n         WHERE m.company_id = $1 AND m.deleted_at IS NULL\n         ORDER BY m.name ASC\n         LIMIT $2 OFFSET $3","duration":"1599ms","rows":13}
2026-05-08 01:43:41 [WARN]: Slow query detected {"query":"SELECT w.*, u.first_name || ' ' || u.last_name AS manager_name,\n              (SELECT COUNT(*) FROM materials m WHERE m.warehouse_id = w.id AND m.deleted_at IS NULL) AS material_count,\n              (SELECT COALESCE(SUM(m.current_stock * m.purchase_rate), 0) FROM materials m WHERE m.warehouse_id = w.id AND m.deleted_at IS NULL) AS stock_value\n       FROM warehouses w\n       LEFT JOIN users u ON w.manager_id = u.id\n       WHERE w.company_id = $1 AND w.deleted_at IS NULL\n       ORDER BY w.is_primary DESC, w.name","duration":"1740ms","rows":1}
2026-05-08 01:49:03 [ERROR]: Error: jwt expired {"url":"/api/notifications/unread-count","method":"GET"}
TokenExpiredError: jwt expired
    at C:\Users\kajal\OneDrive\Desktop\subscription\backend\node_modules\jsonwebtoken\verify.js:190:21
    at getSecret (C:\Users\kajal\OneDrive\Desktop\subscription\backend\node_modules\jsonwebtoken\verify.js:97:14)
    at module.exports [as verify] (C:\Users\kajal\OneDrive\Desktop\subscription\backend\node_modules\jsonwebtoken\verify.js:101:10)
    at authenticate (C:\Users\kajal\OneDrive\Desktop\subscription\backend\src\middleware\auth.js:14:25)
    at newFn (C:\Users\kajal\OneDrive\Desktop\subscription\backend\node_modules\express-async-errors\index.js:16:20)
    at Layer.handle [as handle_request] (C:\Users\kajal\OneDrive\Desktop\subscription\backend\node_modules\express\lib\router\layer.js:95:5)
    at trim_prefix (C:\Users\kajal\OneDrive\Desktop\subscription\backend\node_modules\express\lib\router\index.js:328:13)
    at C:\Users\kajal\OneDrive\Desktop\subscription\backend\node_modules\express\lib\router\index.js:286:9
    at Function.process_params (C:\Users\kajal\OneDrive\Desktop\subscription\backend\node_modules\express\lib\router\index.js:346:12)
    at next (C:\Users\kajal\OneDrive\Desktop\subscription\backend\node_modules\express\lib\router\index.js:280:10)
2026-05-08 01:49:05 [WARN]: Slow query detected {"query":"SELECT id, company_id, role, refresh_token, is_active FROM users WHERE id = $1","duration":"2079ms","rows":1}
2026-05-08 01:49:10 [WARN]: Slow query detected {"query":"SELECT w.*, u.first_name || ' ' || u.last_name AS manager_name,\n              (SELECT COUNT(*) FROM materials m WHERE m.warehouse_id = w.id AND m.deleted_at IS NULL) AS material_count,\n              (SELECT COALESCE(SUM(m.current_stock * m.purchase_rate), 0) FROM materials m WHERE m.warehouse_id = w.id AND m.deleted_at IS NULL) AS stock_value\n       FROM warehouses w\n       LEFT JOIN users u ON w.manager_id = u.id\n       WHERE w.company_id = $1 AND w.deleted_at IS NULL\n       ORDER BY w.is_primary DESC, w.name","duration":"1838ms","rows":1}
2026-05-08 01:49:10 [WARN]: Slow query detected {"query":"SELECT COUNT(*) FROM suppliers WHERE company_id = $1 AND deleted_at IS NULL","duration":"1977ms","rows":1}
2026-05-08 01:50:47 [INFO]: Database connected successfully at Fri May 08 2026 01:50:51 GMT+0530 (India Standard Time)
2026-05-08 01:50:47 [INFO]: ✅ Database connected
2026-05-08 01:50:47 [INFO]: ✅ Redis connected
2026-05-08 01:50:47 [INFO]: 🚀 ERP Server running on port 5000 in development mode
2026-05-08 01:50:47 [INFO]: 📊 API: http://localhost:5000/api
2026-05-08 01:50:47 [INFO]: 🔌 Socket.IO: ws://localhost:5000
2026-05-08 01:50:47 [INFO]: ❤️  Health: http://localhost:5000/health
2026-05-08 01:51:37 [INFO]: Database connected successfully at Fri May 08 2026 01:51:42 GMT+0530 (India Standard Time)
2026-05-08 01:51:37 [INFO]: ✅ Database connected
2026-05-08 01:51:37 [INFO]: ✅ Redis connected
2026-05-08 01:51:37 [INFO]: 🚀 ERP Server running on port 5000 in development mode
2026-05-08 01:51:37 [INFO]: 📊 API: http://localhost:5000/api
2026-05-08 01:51:37 [INFO]: 🔌 Socket.IO: ws://localhost:5000
2026-05-08 01:51:37 [INFO]: ❤️  Health: http://localhost:5000/health
2026-05-08 01:51:43 [INFO]: Database connected successfully at Fri May 08 2026 01:51:48 GMT+0530 (India Standard Time)
2026-05-08 01:51:43 [INFO]: ✅ Database connected
2026-05-08 01:51:43 [INFO]: ✅ Redis connected
2026-05-08 01:51:43 [INFO]: 🚀 ERP Server running on port 5000 in development mode
2026-05-08 01:51:43 [INFO]: 📊 API: http://localhost:5000/api
2026-05-08 01:51:43 [INFO]: 🔌 Socket.IO: ws://localhost:5000
2026-05-08 01:51:43 [INFO]: ❤️  Health: http://localhost:5000/health
2026-05-08 11:37:58 [INFO]: Database connected successfully at Fri May 08 2026 11:38:03 GMT+0530 (India Standard Time)
2026-05-08 11:37:58 [INFO]: ✅ Database connected
2026-05-08 11:37:58 [INFO]: ✅ Redis connected
2026-05-08 11:37:58 [INFO]: 🚀 ERP Server running on port 5000 in development mode
2026-05-08 11:37:58 [INFO]: 📊 API: http://localhost:5000/api
2026-05-08 11:37:58 [INFO]: 🔌 Socket.IO: ws://localhost:5000
2026-05-08 11:37:58 [INFO]: ❤️  Health: http://localhost:5000/health
2026-05-08 11:38:25 [ERROR]: Error: jwt expired {"url":"/api/notifications/unread-count","method":"GET"}
TokenExpiredError: jwt expired
    at C:\Users\kajal\OneDrive\Desktop\subscription\backend\node_modules\jsonwebtoken\verify.js:190:21
    at getSecret (C:\Users\kajal\OneDrive\Desktop\subscription\backend\node_modules\jsonwebtoken\verify.js:97:14)
    at module.exports [as verify] (C:\Users\kajal\OneDrive\Desktop\subscription\backend\node_modules\jsonwebtoken\verify.js:101:10)
    at authenticate (C:\Users\kajal\OneDrive\Desktop\subscription\backend\src\middleware\auth.js:14:25)
    at newFn (C:\Users\kajal\OneDrive\Desktop\subscription\backend\node_modules\express-async-errors\index.js:16:20)
    at Layer.handle [as handle_request] (C:\Users\kajal\OneDrive\Desktop\subscription\backend\node_modules\express\lib\router\layer.js:95:5)
    at trim_prefix (C:\Users\kajal\OneDrive\Desktop\subscription\backend\node_modules\express\lib\router\index.js:328:13)
    at C:\Users\kajal\OneDrive\Desktop\subscription\backend\node_modules\express\lib\router\index.js:286:9
    at Function.process_params (C:\Users\kajal\OneDrive\Desktop\subscription\backend\node_modules\express\lib\router\index.js:346:12)
    at next (C:\Users\kajal\OneDrive\Desktop\subscription\backend\node_modules\express\lib\router\index.js:280:10)
2026-05-08 11:38:25 [ERROR]: Error: jwt expired {"url":"/api/dashboard/stats?period=30","method":"GET"}
TokenExpiredError: jwt expired
    at C:\Users\kajal\OneDrive\Desktop\subscription\backend\node_modules\jsonwebtoken\verify.js:190:21
    at getSecret (C:\Users\kajal\OneDrive\Desktop\subscription\backend\node_modules\jsonwebtoken\verify.js:97:14)
    at module.exports [as verify] (C:\Users\kajal\OneDrive\Desktop\subscription\backend\node_modules\jsonwebtoken\verify.js:101:10)
    at authenticate (C:\Users\kajal\OneDrive\Desktop\subscription\backend\src\middleware\auth.js:14:25)
    at newFn (C:\Users\kajal\OneDrive\Desktop\subscription\backend\node_modules\express-async-errors\index.js:16:20)
    at Layer.handle [as handle_request] (C:\Users\kajal\OneDrive\Desktop\subscription\backend\node_modules\express\lib\router\layer.js:95:5)
    at trim_prefix (C:\Users\kajal\OneDrive\Desktop\subscription\backend\node_modules\express\lib\router\index.js:328:13)
    at C:\Users\kajal\OneDrive\Desktop\subscription\backend\node_modules\express\lib\router\index.js:286:9
    at Function.process_params (C:\Users\kajal\OneDrive\Desktop\subscription\backend\node_modules\express\lib\router\index.js:346:12)
    at next (C:\Users\kajal\OneDrive\Desktop\subscription\backend\node_modules\express\lib\router\index.js:280:10)
2026-05-08 11:38:25 [ERROR]: Error: jwt expired {"url":"/api/dashboard/charts?period=30","method":"GET"}
TokenExpiredError: jwt expired
    at C:\Users\kajal\OneDrive\Desktop\subscription\backend\node_modules\jsonwebtoken\verify.js:190:21
    at getSecret (C:\Users\kajal\OneDrive\Desktop\subscription\backend\node_modules\jsonwebtoken\verify.js:97:14)
    at module.exports [as verify] (C:\Users\kajal\OneDrive\Desktop\subscription\backend\node_modules\jsonwebtoken\verify.js:101:10)
    at authenticate (C:\Users\kajal\OneDrive\Desktop\subscription\backend\src\middleware\auth.js:14:25)
    at newFn (C:\Users\kajal\OneDrive\Desktop\subscription\backend\node_modules\express-async-errors\index.js:16:20)
    at Layer.handle [as handle_request] (C:\Users\kajal\OneDrive\Desktop\subscription\backend\node_modules\express\lib\router\layer.js:95:5)
    at trim_prefix (C:\Users\kajal\OneDrive\Desktop\subscription\backend\node_modules\express\lib\router\index.js:328:13)
    at C:\Users\kajal\OneDrive\Desktop\subscription\backend\node_modules\express\lib\router\index.js:286:9
    at Function.process_params (C:\Users\kajal\OneDrive\Desktop\subscription\backend\node_modules\express\lib\router\index.js:346:12)
    at next (C:\Users\kajal\OneDrive\Desktop\subscription\backend\node_modules\express\lib\router\index.js:280:10)
2026-05-08 11:38:25 [ERROR]: Error: jwt expired {"url":"/api/dashboard/low-stock","method":"GET"}
TokenExpiredError: jwt expired
    at C:\Users\kajal\OneDrive\Desktop\subscription\backend\node_modules\jsonwebtoken\verify.js:190:21
    at getSecret (C:\Users\kajal\OneDrive\Desktop\subscription\backend\node_modules\jsonwebtoken\verify.js:97:14)
    at module.exports [as verify] (C:\Users\kajal\OneDrive\Desktop\subscription\backend\node_modules\jsonwebtoken\verify.js:101:10)
    at authenticate (C:\Users\kajal\OneDrive\Desktop\subscription\backend\src\middleware\auth.js:14:25)
    at newFn (C:\Users\kajal\OneDrive\Desktop\subscription\backend\node_modules\express-async-errors\index.js:16:20)
    at Layer.handle [as handle_request] (C:\Users\kajal\OneDrive\Desktop\subscription\backend\node_modules\express\lib\router\layer.js:95:5)
    at trim_prefix (C:\Users\kajal\OneDrive\Desktop\subscription\backend\node_modules\express\lib\router\index.js:328:13)
    at C:\Users\kajal\OneDrive\Desktop\subscription\backend\node_modules\express\lib\router\index.js:286:9
    at Function.process_params (C:\Users\kajal\OneDrive\Desktop\subscription\backend\node_modules\express\lib\router\index.js:346:12)
    at next (C:\Users\kajal\OneDrive\Desktop\subscription\backend\node_modules\express\lib\router\index.js:280:10)
2026-05-08 11:38:26 [ERROR]: Error: jwt expired {"url":"/api/dashboard/production-timeline","method":"GET"}
TokenExpiredError: jwt expired
    at C:\Users\kajal\OneDrive\Desktop\subscription\backend\node_modules\jsonwebtoken\verify.js:190:21
    at getSecret (C:\Users\kajal\OneDrive\Desktop\subscription\backend\node_modules\jsonwebtoken\verify.js:97:14)
    at module.exports [as verify] (C:\Users\kajal\OneDrive\Desktop\subscription\backend\node_modules\jsonwebtoken\verify.js:101:10)
    at authenticate (C:\Users\kajal\OneDrive\Desktop\subscription\backend\src\middleware\auth.js:14:25)
    at newFn (C:\Users\kajal\OneDrive\Desktop\subscription\backend\node_modules\express-async-errors\index.js:16:20)
    at Layer.handle [as handle_request] (C:\Users\kajal\OneDrive\Desktop\subscription\backend\node_modules\express\lib\router\layer.js:95:5)
    at trim_prefix (C:\Users\kajal\OneDrive\Desktop\subscription\backend\node_modules\express\lib\router\index.js:328:13)
    at C:\Users\kajal\OneDrive\Desktop\subscription\backend\node_modules\express\lib\router\index.js:286:9
    at Function.process_params (C:\Users\kajal\OneDrive\Desktop\subscription\backend\node_modules\express\lib\router\index.js:346:12)
    at next (C:\Users\kajal\OneDrive\Desktop\subscription\backend\node_modules\express\lib\router\index.js:280:10)
2026-05-08 11:38:27 [WARN]: Slow query detected {"query":"SELECT status, COUNT(*) AS count FROM dispatches\n         WHERE company_id = $1 AND deleted_at IS NULL\n         AND created_at >= NOW() - INTERVAL '30 days'\n         GROUP BY status","duration":"1088ms","rows":0}
2026-05-08 11:38:27 [WARN]: Slow query detected {"query":"SELECT COUNT(*) AS total,\n           COUNT(*) FILTER (WHERE status = 'pending') AS pending,\n           COUNT(*) FILTER (WHERE status = 'in_progress') AS running,\n           COUNT(*) FILTER (WHERE status = 'completed') AS completed,\n           COUNT(*) FILTER (WHERE planned_end_date < CURRENT_DATE AND status NOT IN ('completed','cancelled')) AS delayed,\n           COALESCE(SUM(produced_quantity), 0) AS total_produced,\n           COALESCE(SUM(rejected_quantity), 0) AS total_rejected\n         FROM production_orders WHERE company_id = $1 AND deleted_at IS NULL\n         AND created_at >= NOW() - INTERVAL '30 days'","duration":"1304ms","rows":1}
2026-05-08 11:38:27 [WARN]: Slow query detected {"query":"SELECT COUNT(*) AS total,\n           COUNT(*) FILTER (WHERE status = 'dispatched') AS in_transit,\n           COUNT(*) FILTER (WHERE status = 'delivered') AS delivered,\n           COUNT(*) FILTER (WHERE expected_delivery_date < CURRENT_DATE AND status NOT IN ('delivered','returned')) AS delayed\n         FROM dispatches WHERE company_id = $1 AND deleted_at IS NULL\n         AND created_at >= NOW() - INTERVAL '30 days'","duration":"1330ms","rows":1}
2026-05-08 11:38:27 [WARN]: Slow query detected {"query":"SELECT COUNT(*) AS total_materials,\n           COALESCE(SUM(current_stock * purchase_rate), 0) AS stock_value,\n           COUNT(*) FILTER (WHERE current_stock <= minimum_stock) AS low_stock_count,\n           COUNT(*) FILTER (WHERE current_stock = 0) AS out_of_stock\n         FROM materials WHERE company_id = $1 AND is_active = TRUE AND deleted_at IS NULL","duration":"1347ms","rows":1}
2026-05-08 11:38:27 [WARN]: Slow query detected {"query":"SELECT m.name, m.code, SUM(po.produced_quantity) AS total_produced,\n                SUM(po.rejected_quantity) AS total_rejected\n         FROM production_orders po\n         JOIN materials m ON po.product_material_id = m.id\n         WHERE po.company_id = $1 AND po.deleted_at IS NULL\n         AND po.created_at >= NOW() - INTERVAL '30 days'\n         GROUP BY m.id, m.name, m.code\n         ORDER BY total_produced DESC LIMIT 10","duration":"1251ms","rows":0}
2026-05-08 11:38:27 [WARN]: Slow query detected {"query":"SELECT COUNT(*) AS total,\n           COUNT(*) FILTER (WHERE status = 'pending') AS pending,\n           COUNT(*) FILTER (WHERE status = 'in_progress') AS in_progress,\n           COUNT(*) FILTER (WHERE status = 'completed') AS completed,\n           COUNT(*) FILTER (WHERE created_at >= NOW() - INTERVAL '30 days') AS period_total\n         FROM sales_orders WHERE company_id = $1 AND deleted_at IS NULL","duration":"1487ms","rows":1}
2026-05-08 11:38:27 [WARN]: Slow query detected {"query":"SELECT m.id, m.code, m.name, m.unit, m.current_stock, m.minimum_stock,\n              m.reorder_level, m.reorder_quantity, m.purchase_rate,\n              mc.name AS category_name, w.name AS warehouse_name,\n              s.name AS supplier_name, s.contact_person AS supplier_contact, s.phone AS supplier_phone\n       FROM materials m\n       LEFT JOIN material_categories mc ON m.category_id = mc.id\n       LEFT JOIN warehouses w ON m.warehouse_id = w.id\n       LEFT JOIN suppliers s ON m.supplier_id = s.id\n       WHERE m.company_id = $1 AND m.current_stock <= m.minimum_stock\n       AND m.is_active = TRUE AND m.deleted_at IS NULL\n       ORDER BY (m.current_stock / NULLIF(m.minimum_stock, 0)) ASC\n       LIMIT 20","duration":"1371ms","rows":11}
2026-05-08 11:38:27 [WARN]: Slow query detected {"query":"SELECT po.id, po.order_number, po.status, po.priority,\n              po.planned_start_date, po.planned_end_date, po.actual_start_date, po.actual_end_date,\n              m.name AS product_name,\n              ws.name AS current_stage, ws.color AS stage_color,\n              CASE WHEN po.planned_end_date < CURRENT_DATE AND po.status NOT IN ('completed','cancelled') THEN TRUE ELSE FALSE END AS is_delayed\n       FROM production_orders po\n       LEFT JOIN materials m ON po.product_material_id = m.id\n       LEFT JOIN workflow_stages ws ON po.current_stage_id = ws.id\n       WHERE po.company_id = $1 AND po.deleted_at IS NULL\n       AND po.status NOT IN ('cancelled')\n       ORDER BY po.planned_start_date ASC\n       LIMIT 50","duration":"1368ms","rows":0}
2026-05-08 11:39:26 [INFO]: Socket connected: o1tdeu6qA6zFwrQHAAAB (user: cfc2c2df-0ca8-4f06-a42e-d98f24e0e562)
2026-05-08 11:40:57 [WARN]: Slow query detected {"query":"SELECT COUNT(*) FROM suppliers WHERE company_id = $1 AND deleted_at IS NULL","duration":"1947ms","rows":1}
2026-05-08 11:43:23 [WARN]: Slow query detected {"query":"SELECT COUNT(*) FROM materials m WHERE m.company_id = $1 AND m.deleted_at IS NULL","duration":"1881ms","rows":1}
2026-05-08 11:45:53 [WARN]: Slow query detected {"query":"SELECT COUNT(*) FROM suppliers WHERE company_id = $1 AND deleted_at IS NULL","duration":"5946ms","rows":1}
2026-05-08 11:47:34 [WARN]: Slow query detected {"query":"SELECT COUNT(*) FROM materials m WHERE m.company_id = $1 AND m.deleted_at IS NULL","duration":"2066ms","rows":1}
2026-05-08 11:47:34 [WARN]: Slow query detected {"query":"SELECT COUNT(*) FROM suppliers WHERE company_id = $1 AND deleted_at IS NULL","duration":"2415ms","rows":1}
2026-05-08 11:47:34 [WARN]: Slow query detected {"query":"SELECT m.*, mc.name AS category_name, w.name AS warehouse_name,\n                s.name AS supplier_name, wr.rack_code, wr.bin_code\n         FROM materials m\n         LEFT JOIN material_categories mc ON m.category_id = mc.id\n         LEFT JOIN warehouses w ON m.warehouse_id = w.id\n         LEFT JOIN suppliers s ON m.supplier_id = s.id\n         LEFT JOIN warehouse_racks wr ON m.rack_id = wr.id\n         WHERE m.company_id = $1 AND m.deleted_at IS NULL\n         ORDER BY m.name ASC\n         LIMIT $2 OFFSET $3","duration":"2131ms","rows":14}
2026-05-08 11:50:51 [ERROR]: Error: getaddrinfo ENOTFOUND db.bksznpwjhhtybsiwvgtd.supabase.co {"url":"/api/grn?page=1&limit=20&search=&qcStatus=","method":"GET","userId":"cfc2c2df-0ca8-4f06-a42e-d98f24e0e562","companyId":"8cf84328-5d58-432e-b0c8-3c661d0344e7"}
Error: getaddrinfo ENOTFOUND db.bksznpwjhhtybsiwvgtd.supabase.co
    at C:\Users\kajal\OneDrive\Desktop\subscription\backend\node_modules\pg-pool\index.js:45:11
    at process.processTicksAndRejections (node:internal/process/task_queues:105:5)
    at async Promise.all (index 1)
    at async C:\Users\kajal\OneDrive\Desktop\subscription\backend\src\routes\grn.routes.js:87:51
2026-05-08 11:51:03 [ERROR]: Error: getaddrinfo ENOTFOUND db.bksznpwjhhtybsiwvgtd.supabase.co {"url":"/api/grn?page=1&limit=20&search=&qcStatus=","method":"GET","userId":"cfc2c2df-0ca8-4f06-a42e-d98f24e0e562","companyId":"8cf84328-5d58-432e-b0c8-3c661d0344e7"}
Error: getaddrinfo ENOTFOUND db.bksznpwjhhtybsiwvgtd.supabase.co
    at C:\Users\kajal\OneDrive\Desktop\subscription\backend\node_modules\pg-pool\index.js:45:11
    at process.processTicksAndRejections (node:internal/process/task_queues:105:5)
    at async Promise.all (index 1)
    at async C:\Users\kajal\OneDrive\Desktop\subscription\backend\src\routes\grn.routes.js:87:51
2026-05-08 11:51:03 [ERROR]: Error: getaddrinfo ENOTFOUND db.bksznpwjhhtybsiwvgtd.supabase.co {"url":"/api/po?page=1&limit=20&search=&status=","method":"GET","userId":"cfc2c2df-0ca8-4f06-a42e-d98f24e0e562","companyId":"8cf84328-5d58-432e-b0c8-3c661d0344e7"}
Error: getaddrinfo ENOTFOUND db.bksznpwjhhtybsiwvgtd.supabase.co
    at C:\Users\kajal\OneDrive\Desktop\subscription\backend\node_modules\pg-pool\index.js:45:11
    at process.processTicksAndRejections (node:internal/process/task_queues:105:5)
    at async Promise.all (index 1)
    at async C:\Users\kajal\OneDrive\Desktop\subscription\backend\src\routes\po.routes.js:39:51
2026-05-08 11:53:08 [WARN]: Slow query detected {"query":"SELECT ws.*, r.name AS role_name FROM workflow_stages ws\n         LEFT JOIN roles r ON ws.assigned_role = r.id\n         WHERE ws.template_id = $1 AND ws.is_active = TRUE\n         ORDER BY ws.sequence_order","duration":"5387ms","rows":6}
2026-05-08 11:54:31 [ERROR]: Error: jwt expired {"url":"/api/notifications/unread-count","method":"GET"}
TokenExpiredError: jwt expired
    at C:\Users\kajal\OneDrive\Desktop\subscription\backend\node_modules\jsonwebtoken\verify.js:190:21
    at getSecret (C:\Users\kajal\OneDrive\Desktop\subscription\backend\node_modules\jsonwebtoken\verify.js:97:14)
    at module.exports [as verify] (C:\Users\kajal\OneDrive\Desktop\subscription\backend\node_modules\jsonwebtoken\verify.js:101:10)
    at authenticate (C:\Users\kajal\OneDrive\Desktop\subscription\backend\src\middleware\auth.js:14:25)
    at newFn (C:\Users\kajal\OneDrive\Desktop\subscription\backend\node_modules\express-async-errors\index.js:16:20)
    at Layer.handle [as handle_request] (C:\Users\kajal\OneDrive\Desktop\subscription\backend\node_modules\express\lib\router\layer.js:95:5)
    at trim_prefix (C:\Users\kajal\OneDrive\Desktop\subscription\backend\node_modules\express\lib\router\index.js:328:13)
    at C:\Users\kajal\OneDrive\Desktop\subscription\backend\node_modules\express\lib\router\index.js:286:9
    at Function.process_params (C:\Users\kajal\OneDrive\Desktop\subscription\backend\node_modules\express\lib\router\index.js:346:12)
    at next (C:\Users\kajal\OneDrive\Desktop\subscription\backend\node_modules\express\lib\router\index.js:280:10)
2026-05-08 11:57:57 [WARN]: Slow query detected {"query":"SELECT ws.*, r.name AS role_name FROM workflow_stages ws\n         LEFT JOIN roles r ON ws.assigned_role = r.id\n         WHERE ws.template_id = $1 AND ws.is_active = TRUE\n         ORDER BY ws.sequence_order","duration":"2137ms","rows":0}
2026-05-08 12:05:40 [WARN]: Slow query detected {"query":"SELECT * FROM workflow_templates WHERE id = $1 AND company_id = $2","duration":"1524ms","rows":1}
2026-05-08 12:05:40 [WARN]: Slow query detected {"query":"SELECT ws.*, r.name AS role_name FROM workflow_stages ws\n         LEFT JOIN roles r ON ws.assigned_role = r.id\n         WHERE ws.template_id = $1 AND ws.is_active = TRUE\n         ORDER BY ws.sequence_order","duration":"1552ms","rows":0}
2026-05-08 12:08:13 [WARN]: Slow query detected {"query":"SELECT ws.*, r.name AS role_name FROM workflow_stages ws\n         LEFT JOIN roles r ON ws.assigned_role = r.id\n         WHERE ws.template_id = $1 AND ws.is_active = TRUE\n         ORDER BY ws.sequence_order","duration":"1528ms","rows":1}
2026-05-08 12:09:36 [ERROR]: Error: jwt expired {"url":"/api/notifications/unread-count","method":"GET"}
TokenExpiredError: jwt expired
    at C:\Users\kajal\OneDrive\Desktop\subscription\backend\node_modules\jsonwebtoken\verify.js:190:21
    at getSecret (C:\Users\kajal\OneDrive\Desktop\subscription\backend\node_modules\jsonwebtoken\verify.js:97:14)
    at module.exports [as verify] (C:\Users\kajal\OneDrive\Desktop\subscription\backend\node_modules\jsonwebtoken\verify.js:101:10)
    at authenticate (C:\Users\kajal\OneDrive\Desktop\subscription\backend\src\middleware\auth.js:14:25)
    at newFn (C:\Users\kajal\OneDrive\Desktop\subscription\backend\node_modules\express-async-errors\index.js:16:20)
    at Layer.handle [as handle_request] (C:\Users\kajal\OneDrive\Desktop\subscription\backend\node_modules\express\lib\router\layer.js:95:5)
    at trim_prefix (C:\Users\kajal\OneDrive\Desktop\subscription\backend\node_modules\express\lib\router\index.js:328:13)
    at C:\Users\kajal\OneDrive\Desktop\subscription\backend\node_modules\express\lib\router\index.js:286:9
    at Function.process_params (C:\Users\kajal\OneDrive\Desktop\subscription\backend\node_modules\express\lib\router\index.js:346:12)
    at next (C:\Users\kajal\OneDrive\Desktop\subscription\backend\node_modules\express\lib\router\index.js:280:10)
2026-05-08 12:10:14 [WARN]: Slow query detected {"query":"SELECT po.id, po.order_number, po.status, po.priority,\n              po.planned_start_date, po.planned_end_date, po.actual_start_date, po.actual_end_date,\n              m.name AS product_name,\n              ws.name AS current_stage, ws.color AS stage_color,\n              CASE WHEN po.planned_end_date < CURRENT_DATE AND po.status NOT IN ('completed','cancelled') THEN TRUE ELSE FALSE END AS is_delayed\n       FROM production_orders po\n       LEFT JOIN materials m ON po.product_material_id = m.id\n       LEFT JOIN workflow_stages ws ON po.current_stage_id = ws.id\n       WHERE po.company_id = $1 AND po.deleted_at IS NULL\n       AND po.status NOT IN ('cancelled')\n       ORDER BY po.planned_start_date ASC\n       LIMIT 50","duration":"1006ms","rows":0}
2026-05-08 12:10:14 [WARN]: Slow query detected {"query":"SELECT m.id, m.code, m.name, m.unit, m.current_stock, m.minimum_stock,\n              m.reorder_level, m.reorder_quantity, m.purchase_rate,\n              mc.name AS category_name, w.name AS warehouse_name,\n              s.name AS supplier_name, s.contact_person AS supplier_contact, s.phone AS supplier_phone\n       FROM materials m\n       LEFT JOIN material_categories mc ON m.category_id = mc.id\n       LEFT JOIN warehouses w ON m.warehouse_id = w.id\n       LEFT JOIN suppliers s ON m.supplier_id = s.id\n       WHERE m.company_id = $1 AND m.current_stock <= m.minimum_stock\n       AND m.is_active = TRUE AND m.deleted_at IS NULL\n       ORDER BY (m.current_stock / NULLIF(m.minimum_stock, 0)) ASC\n       LIMIT 20","duration":"1020ms","rows":11}
2026-05-08 12:10:15 [WARN]: Slow query detected {"query":"SELECT COUNT(*) AS total,\n           COUNT(*) FILTER (WHERE status = 'dispatched') AS in_transit,\n           COUNT(*) FILTER (WHERE status = 'delivered') AS delivered,\n           COUNT(*) FILTER (WHERE expected_delivery_date < CURRENT_DATE AND status NOT IN ('delivered','returned')) AS delayed\n         FROM dispatches WHERE company_id = $1 AND deleted_at IS NULL\n         AND created_at >= NOW() - INTERVAL '30 days'","duration":"1805ms","rows":1}
2026-05-08 12:10:15 [WARN]: Slow query detected {"query":"SELECT COUNT(*) AS total_materials,\n           COALESCE(SUM(current_stock * purchase_rate), 0) AS stock_value,\n           COUNT(*) FILTER (WHERE current_stock <= minimum_stock) AS low_stock_count,\n           COUNT(*) FILTER (WHERE current_stock = 0) AS out_of_stock\n         FROM materials WHERE company_id = $1 AND is_active = TRUE AND deleted_at IS NULL","duration":"1806ms","rows":1}
2026-05-08 12:10:15 [WARN]: Slow query detected {"query":"SELECT COALESCE(SUM(net_amount), 0) AS total_revenue,\n           COALESCE(SUM(net_amount) FILTER (WHERE payment_status = 'paid'), 0) AS paid_revenue,\n           COALESCE(SUM(balance_amount) FILTER (WHERE payment_status != 'paid'), 0) AS pending_revenue,\n           COUNT(*) AS total_invoices\n         FROM invoices WHERE company_id = $1 AND deleted_at IS NULL\n         AND invoice_date >= NOW() - INTERVAL '30 days'","duration":"1811ms","rows":1}
2026-05-08 12:16:04 [WARN]: Slow query detected {"query":"SELECT COUNT(*) FROM production_orders po WHERE po.company_id = $1 AND po.deleted_at IS NULL AND po.status = $2","duration":"3494ms","rows":1}
2026-05-08 12:16:04 [WARN]: Slow query detected {"query":"SELECT COUNT(*) FROM dispatches d WHERE d.company_id = $1 AND d.deleted_at IS NULL","duration":"12645ms","rows":1}
2026-05-08 12:19:14 [WARN]: Slow query detected {"query":"SELECT psl.*, ws.name AS stage_name, ws.color AS stage_color, ws.sequence_order,\n                u.first_name || ' ' || u.last_name AS operator_name\n         FROM production_stage_logs psl\n         JOIN workflow_stages ws ON psl.stage_id = ws.id\n         LEFT JOIN users u ON psl.operator_id = u.id\n         WHERE psl.production_order_id = $1\n         ORDER BY ws.sequence_order","duration":"1766ms","rows":6}
2026-05-08 12:19:14 [WARN]: Slow query detected {"query":"SELECT pm.*, m.name AS material_name, m.code AS material_code, m.unit\n         FROM production_materials pm\n         JOIN materials m ON pm.material_id = m.id\n         WHERE pm.production_order_id = $1","duration":"2049ms","rows":1}
2026-05-08 12:21:15 [WARN]: Slow query detected {"query":"SELECT COUNT(*) FROM production_orders po WHERE po.company_id = $1 AND po.deleted_at IS NULL AND po.priority = $2","duration":"2446ms","rows":1}
2026-05-08 12:23:29 [ERROR]: Database query error invalid input syntax for type uuid: "" {"query":"SELECT id FROM workflow_stages WHERE template_id = $1 AND is_active = TRUE ORDER BY sequence_order ASC LIMIT 1"}
2026-05-08 12:23:29 [ERROR]: Error: invalid input syntax for type uuid: "" {"url":"/api/production","method":"POST","userId":"cfc2c2df-0ca8-4f06-a42e-d98f24e0e562","companyId":"8cf84328-5d58-432e-b0c8-3c661d0344e7"}
error: invalid input syntax for type uuid: ""
    at C:\Users\kajal\OneDrive\Desktop\subscription\backend\node_modules\pg-pool\index.js:45:11
    at process.processTicksAndRejections (node:internal/process/task_queues:105:5)
    at async query (C:\Users\kajal\OneDrive\Desktop\subscription\backend\src\config\database.js:110:17)
    at async create (C:\Users\kajal\OneDrive\Desktop\subscription\backend\src\controllers\production.controller.js:119:23)
2026-05-08 12:23:34 [WARN]: Slow query detected {"query":"SELECT COUNT(*) FROM production_orders WHERE company_id = $1 AND DATE(created_at) = CURRENT_DATE","duration":"1716ms","rows":1}
2026-05-08 12:23:35 [ERROR]: Database query error invalid input syntax for type uuid: "" {"query":"SELECT id FROM workflow_stages WHERE template_id = $1 AND is_active = TRUE ORDER BY sequence_order ASC LIMIT 1"}
2026-05-08 12:23:35 [ERROR]: Error: invalid input syntax for type uuid: "" {"url":"/api/production","method":"POST","userId":"cfc2c2df-0ca8-4f06-a42e-d98f24e0e562","companyId":"8cf84328-5d58-432e-b0c8-3c661d0344e7"}
error: invalid input syntax for type uuid: ""
    at C:\Users\kajal\OneDrive\Desktop\subscription\backend\node_modules\pg-pool\index.js:45:11
    at process.processTicksAndRejections (node:internal/process/task_queues:105:5)
    at async query (C:\Users\kajal\OneDrive\Desktop\subscription\backend\src\config\database.js:110:17)
    at async create (C:\Users\kajal\OneDrive\Desktop\subscription\backend\src\controllers\production.controller.js:119:23)
2026-05-08 12:23:55 [WARN]: Slow query detected {"query":"SELECT COUNT(*) FROM notifications WHERE user_id = $1 AND company_id = $2 AND is_read = FALSE","duration":"12871ms","rows":1}
2026-05-08 12:23:55 [WARN]: Slow query detected {"query":"SELECT COUNT(*) FROM production_orders WHERE company_id = $1 AND DATE(created_at) = CURRENT_DATE","duration":"13231ms","rows":1}
2026-05-08 12:23:55 [ERROR]: Database query error invalid input syntax for type uuid: "" {"query":"SELECT id FROM workflow_stages WHERE template_id = $1 AND is_active = TRUE ORDER BY sequence_order ASC LIMIT 1"}
2026-05-08 12:23:55 [ERROR]: Error: invalid input syntax for type uuid: "" {"url":"/api/production","method":"POST","userId":"cfc2c2df-0ca8-4f06-a42e-d98f24e0e562","companyId":"8cf84328-5d58-432e-b0c8-3c661d0344e7"}
error: invalid input syntax for type uuid: ""
    at C:\Users\kajal\OneDrive\Desktop\subscription\backend\node_modules\pg-pool\index.js:45:11
    at process.processTicksAndRejections (node:internal/process/task_queues:105:5)
    at async query (C:\Users\kajal\OneDrive\Desktop\subscription\backend\src\config\database.js:110:17)
    at async create (C:\Users\kajal\OneDrive\Desktop\subscription\backend\src\controllers\production.controller.js:119:23)
2026-05-08 12:24:29 [WARN]: Slow query detected {"query":"SELECT COUNT(*) FROM production_orders po WHERE po.company_id = $1 AND po.deleted_at IS NULL","duration":"1557ms","rows":1}
2026-05-08 12:24:56 [ERROR]: Error: jwt expired {"url":"/api/notifications/unread-count","method":"GET"}
TokenExpiredError: jwt expired
    at C:\Users\kajal\OneDrive\Desktop\subscription\backend\node_modules\jsonwebtoken\verify.js:190:21
    at getSecret (C:\Users\kajal\OneDrive\Desktop\subscription\backend\node_modules\jsonwebtoken\verify.js:97:14)
    at module.exports [as verify] (C:\Users\kajal\OneDrive\Desktop\subscription\backend\node_modules\jsonwebtoken\verify.js:101:10)
    at authenticate (C:\Users\kajal\OneDrive\Desktop\subscription\backend\src\middleware\auth.js:14:25)
    at newFn (C:\Users\kajal\OneDrive\Desktop\subscription\backend\node_modules\express-async-errors\index.js:16:20)
    at Layer.handle [as handle_request] (C:\Users\kajal\OneDrive\Desktop\subscription\backend\node_modules\express\lib\router\layer.js:95:5)
    at trim_prefix (C:\Users\kajal\OneDrive\Desktop\subscription\backend\node_modules\express\lib\router\index.js:328:13)
    at C:\Users\kajal\OneDrive\Desktop\subscription\backend\node_modules\express\lib\router\index.js:286:9
    at Function.process_params (C:\Users\kajal\OneDrive\Desktop\subscription\backend\node_modules\express\lib\router\index.js:346:12)
    at next (C:\Users\kajal\OneDrive\Desktop\subscription\backend\node_modules\express\lib\router\index.js:280:10)
2026-05-08 12:25:27 [WARN]: Slow query detected {"query":"SELECT pm.*, m.name AS material_name, m.code AS material_code, m.unit\n         FROM production_materials pm\n         JOIN materials m ON pm.material_id = m.id\n         WHERE pm.production_order_id = $1","duration":"1399ms","rows":1}
2026-05-08 12:26:28 [WARN]: Slow query detected {"query":"SELECT COUNT(*) FROM dispatches d WHERE d.company_id = $1 AND d.deleted_at IS NULL","duration":"1527ms","rows":1}
2026-05-08 12:40:04 [ERROR]: Error: jwt expired {"url":"/api/notifications/unread-count","method":"GET"}
TokenExpiredError: jwt expired
    at C:\Users\kajal\OneDrive\Desktop\subscription\backend\node_modules\jsonwebtoken\verify.js:190:21
    at getSecret (C:\Users\kajal\OneDrive\Desktop\subscription\backend\node_modules\jsonwebtoken\verify.js:97:14)
    at module.exports [as verify] (C:\Users\kajal\OneDrive\Desktop\subscription\backend\node_modules\jsonwebtoken\verify.js:101:10)
    at authenticate (C:\Users\kajal\OneDrive\Desktop\subscription\backend\src\middleware\auth.js:14:25)
    at newFn (C:\Users\kajal\OneDrive\Desktop\subscription\backend\node_modules\express-async-errors\index.js:16:20)
    at Layer.handle [as handle_request] (C:\Users\kajal\OneDrive\Desktop\subscription\backend\node_modules\express\lib\router\layer.js:95:5)
    at trim_prefix (C:\Users\kajal\OneDrive\Desktop\subscription\backend\node_modules\express\lib\router\index.js:328:13)
    at C:\Users\kajal\OneDrive\Desktop\subscription\backend\node_modules\express\lib\router\index.js:286:9
    at Function.process_params (C:\Users\kajal\OneDrive\Desktop\subscription\backend\node_modules\express\lib\router\index.js:346:12)
    at next (C:\Users\kajal\OneDrive\Desktop\subscription\backend\node_modules\express\lib\router\index.js:280:10)
2026-05-08 12:55:12 [ERROR]: Error: jwt expired {"url":"/api/notifications/unread-count","method":"GET"}
TokenExpiredError: jwt expired
    at C:\Users\kajal\OneDrive\Desktop\subscription\backend\node_modules\jsonwebtoken\verify.js:190:21
    at getSecret (C:\Users\kajal\OneDrive\Desktop\subscription\backend\node_modules\jsonwebtoken\verify.js:97:14)
    at module.exports [as verify] (C:\Users\kajal\OneDrive\Desktop\subscription\backend\node_modules\jsonwebtoken\verify.js:101:10)
    at authenticate (C:\Users\kajal\OneDrive\Desktop\subscription\backend\src\middleware\auth.js:14:25)
    at newFn (C:\Users\kajal\OneDrive\Desktop\subscription\backend\node_modules\express-async-errors\index.js:16:20)
    at Layer.handle [as handle_request] (C:\Users\kajal\OneDrive\Desktop\subscription\backend\node_modules\express\lib\router\layer.js:95:5)
    at trim_prefix (C:\Users\kajal\OneDrive\Desktop\subscription\backend\node_modules\express\lib\router\index.js:328:13)
    at C:\Users\kajal\OneDrive\Desktop\subscription\backend\node_modules\express\lib\router\index.js:286:9
    at Function.process_params (C:\Users\kajal\OneDrive\Desktop\subscription\backend\node_modules\express\lib\router\index.js:346:12)
    at next (C:\Users\kajal\OneDrive\Desktop\subscription\backend\node_modules\express\lib\router\index.js:280:10)
2026-05-08 13:00:02 [INFO]: Socket disconnected: o1tdeu6qA6zFwrQHAAAB
2026-05-08 13:16:34 [ERROR]: Error: jwt expired {"url":"/api/notifications/unread-count","method":"GET"}
TokenExpiredError: jwt expired
    at C:\Users\kajal\OneDrive\Desktop\subscription\backend\node_modules\jsonwebtoken\verify.js:190:21
    at getSecret (C:\Users\kajal\OneDrive\Desktop\subscription\backend\node_modules\jsonwebtoken\verify.js:97:14)
    at module.exports [as verify] (C:\Users\kajal\OneDrive\Desktop\subscription\backend\node_modules\jsonwebtoken\verify.js:101:10)
    at authenticate (C:\Users\kajal\OneDrive\Desktop\subscription\backend\src\middleware\auth.js:14:25)
    at newFn (C:\Users\kajal\OneDrive\Desktop\subscription\backend\node_modules\express-async-errors\index.js:16:20)
    at Layer.handle [as handle_request] (C:\Users\kajal\OneDrive\Desktop\subscription\backend\node_modules\express\lib\router\layer.js:95:5)
    at trim_prefix (C:\Users\kajal\OneDrive\Desktop\subscription\backend\node_modules\express\lib\router\index.js:328:13)
    at C:\Users\kajal\OneDrive\Desktop\subscription\backend\node_modules\express\lib\router\index.js:286:9
    at Function.process_params (C:\Users\kajal\OneDrive\Desktop\subscription\backend\node_modules\express\lib\router\index.js:346:12)
    at next (C:\Users\kajal\OneDrive\Desktop\subscription\backend\node_modules\express\lib\router\index.js:280:10)
2026-05-08 13:16:35 [ERROR]: Error: jwt expired {"url":"/api/reports/production?startDate=&endDate=&status=","method":"GET"}
TokenExpiredError: jwt expired
    at C:\Users\kajal\OneDrive\Desktop\subscription\backend\node_modules\jsonwebtoken\verify.js:190:21
    at getSecret (C:\Users\kajal\OneDrive\Desktop\subscription\backend\node_modules\jsonwebtoken\verify.js:97:14)
    at module.exports [as verify] (C:\Users\kajal\OneDrive\Desktop\subscription\backend\node_modules\jsonwebtoken\verify.js:101:10)
    at authenticate (C:\Users\kajal\OneDrive\Desktop\subscription\backend\src\middleware\auth.js:14:25)
    at newFn (C:\Users\kajal\OneDrive\Desktop\subscription\backend\node_modules\express-async-errors\index.js:16:20)
    at Layer.handle [as handle_request] (C:\Users\kajal\OneDrive\Desktop\subscription\backend\node_modules\express\lib\router\layer.js:95:5)
    at trim_prefix (C:\Users\kajal\OneDrive\Desktop\subscription\backend\node_modules\express\lib\router\index.js:328:13)
    at C:\Users\kajal\OneDrive\Desktop\subscription\backend\node_modules\express\lib\router\index.js:286:9
    at Function.process_params (C:\Users\kajal\OneDrive\Desktop\subscription\backend\node_modules\express\lib\router\index.js:346:12)
    at next (C:\Users\kajal\OneDrive\Desktop\subscription\backend\node_modules\express\lib\router\index.js:280:10)
2026-05-08 13:16:36 [ERROR]: Error: jwt expired {"url":"/api/notifications/unread-count","method":"GET"}
TokenExpiredError: jwt expired
    at C:\Users\kajal\OneDrive\Desktop\subscription\backend\node_modules\jsonwebtoken\verify.js:190:21
    at getSecret (C:\Users\kajal\OneDrive\Desktop\subscription\backend\node_modules\jsonwebtoken\verify.js:97:14)
    at module.exports [as verify] (C:\Users\kajal\OneDrive\Desktop\subscription\backend\node_modules\jsonwebtoken\verify.js:101:10)
    at authenticate (C:\Users\kajal\OneDrive\Desktop\subscription\backend\src\middleware\auth.js:14:25)
    at newFn (C:\Users\kajal\OneDrive\Desktop\subscription\backend\node_modules\express-async-errors\index.js:16:20)
    at Layer.handle [as handle_request] (C:\Users\kajal\OneDrive\Desktop\subscription\backend\node_modules\express\lib\router\layer.js:95:5)
    at trim_prefix (C:\Users\kajal\OneDrive\Desktop\subscription\backend\node_modules\express\lib\router\index.js:328:13)
    at C:\Users\kajal\OneDrive\Desktop\subscription\backend\node_modules\express\lib\router\index.js:286:9
    at Function.process_params (C:\Users\kajal\OneDrive\Desktop\subscription\backend\node_modules\express\lib\router\index.js:346:12)
    at next (C:\Users\kajal\OneDrive\Desktop\subscription\backend\node_modules\express\lib\router\index.js:280:10)
2026-05-08 13:16:36 [ERROR]: Error: jwt expired {"url":"/api/reports/stock?startDate=&endDate=&status=","method":"GET"}
TokenExpiredError: jwt expired
    at C:\Users\kajal\OneDrive\Desktop\subscription\backend\node_modules\jsonwebtoken\verify.js:190:21
    at getSecret (C:\Users\kajal\OneDrive\Desktop\subscription\backend\node_modules\jsonwebtoken\verify.js:97:14)
    at module.exports [as verify] (C:\Users\kajal\OneDrive\Desktop\subscription\backend\node_modules\jsonwebtoken\verify.js:101:10)
    at authenticate (C:\Users\kajal\OneDrive\Desktop\subscription\backend\src\middleware\auth.js:14:25)
    at newFn (C:\Users\kajal\OneDrive\Desktop\subscription\backend\node_modules\express-async-errors\index.js:16:20)
    at Layer.handle [as handle_request] (C:\Users\kajal\OneDrive\Desktop\subscription\backend\node_modules\express\lib\router\layer.js:95:5)
    at trim_prefix (C:\Users\kajal\OneDrive\Desktop\subscription\backend\node_modules\express\lib\router\index.js:328:13)
    at C:\Users\kajal\OneDrive\Desktop\subscription\backend\node_modules\express\lib\router\index.js:286:9
    at Function.process_params (C:\Users\kajal\OneDrive\Desktop\subscription\backend\node_modules\express\lib\router\index.js:346:12)
    at next (C:\Users\kajal\OneDrive\Desktop\subscription\backend\node_modules\express\lib\router\index.js:280:10)
2026-05-08 13:16:38 [WARN]: Slow query detected {"query":"SELECT m.id, m.code, m.name, m.unit, m.current_stock, m.reserved_stock,\n              m.damaged_stock, m.in_production_stock, m.in_transit_stock,\n              m.minimum_stock, m.reorder_level, m.purchase_rate,\n              (m.current_stock * m.purchase_rate) AS stock_value,\n              mc.name AS category_name, w.name AS warehouse_name,\n              CASE WHEN m.current_stock <= m.minimum_stock THEN 'Low' ELSE 'OK' END AS stock_status\n       FROM materials m\n       LEFT JOIN material_categories mc ON m.category_id = mc.id\n       LEFT JOIN warehouses w ON m.warehouse_id = w.id\n       WHERE m.company_id = $1 AND m.deleted_at IS NULL AND m.is_active = TRUE\n       ORDER BY m.name","duration":"1344ms","rows":14}
2026-05-08 14:59:23 [INFO]: Database connected successfully at Fri May 08 2026 14:59:28 GMT+0530 (India Standard Time)
2026-05-08 14:59:24 [INFO]: ✅ Database connected
2026-05-08 14:59:24 [INFO]: ✅ Redis connected
2026-05-08 14:59:24 [INFO]: 🚀 ERP Server running on port 5000 in development mode
2026-05-08 14:59:24 [INFO]: 📊 API: http://localhost:5000/api
2026-05-08 14:59:24 [INFO]: 🔌 Socket.IO: ws://localhost:5000
2026-05-08 14:59:24 [INFO]: ❤️  Health: http://localhost:5000/health
2026-05-08 14:59:43 [ERROR]: Error: jwt expired {"url":"/api/notifications/unread-count","method":"GET"}
TokenExpiredError: jwt expired
    at C:\Users\kajal\OneDrive\Desktop\subscription\backend\node_modules\jsonwebtoken\verify.js:190:21
    at getSecret (C:\Users\kajal\OneDrive\Desktop\subscription\backend\node_modules\jsonwebtoken\verify.js:97:14)
    at module.exports [as verify] (C:\Users\kajal\OneDrive\Desktop\subscription\backend\node_modules\jsonwebtoken\verify.js:101:10)
    at authenticate (C:\Users\kajal\OneDrive\Desktop\subscription\backend\src\middleware\auth.js:14:25)
    at newFn (C:\Users\kajal\OneDrive\Desktop\subscription\backend\node_modules\express-async-errors\index.js:16:20)
    at Layer.handle [as handle_request] (C:\Users\kajal\OneDrive\Desktop\subscription\backend\node_modules\express\lib\router\layer.js:95:5)
    at trim_prefix (C:\Users\kajal\OneDrive\Desktop\subscription\backend\node_modules\express\lib\router\index.js:328:13)
    at C:\Users\kajal\OneDrive\Desktop\subscription\backend\node_modules\express\lib\router\index.js:286:9
    at Function.process_params (C:\Users\kajal\OneDrive\Desktop\subscription\backend\node_modules\express\lib\router\index.js:346:12)
    at next (C:\Users\kajal\OneDrive\Desktop\subscription\backend\node_modules\express\lib\router\index.js:280:10)
2026-05-08 14:59:43 [ERROR]: Error: jwt expired {"url":"/api/reports/stock?startDate=&endDate=&status=","method":"GET"}
TokenExpiredError: jwt expired
    at C:\Users\kajal\OneDrive\Desktop\subscription\backend\node_modules\jsonwebtoken\verify.js:190:21
    at getSecret (C:\Users\kajal\OneDrive\Desktop\subscription\backend\node_modules\jsonwebtoken\verify.js:97:14)
    at module.exports [as verify] (C:\Users\kajal\OneDrive\Desktop\subscription\backend\node_modules\jsonwebtoken\verify.js:101:10)
    at authenticate (C:\Users\kajal\OneDrive\Desktop\subscription\backend\src\middleware\auth.js:14:25)
    at newFn (C:\Users\kajal\OneDrive\Desktop\subscription\backend\node_modules\express-async-errors\index.js:16:20)
    at Layer.handle [as handle_request] (C:\Users\kajal\OneDrive\Desktop\subscription\backend\node_modules\express\lib\router\layer.js:95:5)
    at trim_prefix (C:\Users\kajal\OneDrive\Desktop\subscription\backend\node_modules\express\lib\router\index.js:328:13)
    at C:\Users\kajal\OneDrive\Desktop\subscription\backend\node_modules\express\lib\router\index.js:286:9
    at Function.process_params (C:\Users\kajal\OneDrive\Desktop\subscription\backend\node_modules\express\lib\router\index.js:346:12)
    at next (C:\Users\kajal\OneDrive\Desktop\subscription\backend\node_modules\express\lib\router\index.js:280:10)
2026-05-08 14:59:45 [WARN]: Slow query detected {"query":"SELECT m.id, m.code, m.name, m.unit, m.current_stock, m.reserved_stock,\n              m.damaged_stock, m.in_production_stock, m.in_transit_stock,\n              m.minimum_stock, m.reorder_level, m.purchase_rate,\n              (m.current_stock * m.purchase_rate) AS stock_value,\n              mc.name AS category_name, w.name AS warehouse_name,\n              CASE WHEN m.current_stock <= m.minimum_stock THEN 'Low' ELSE 'OK' END AS stock_status\n       FROM materials m\n       LEFT JOIN material_categories mc ON m.category_id = mc.id\n       LEFT JOIN warehouses w ON m.warehouse_id = w.id\n       WHERE m.company_id = $1 AND m.deleted_at IS NULL AND m.is_active = TRUE\n       ORDER BY m.name","duration":"1322ms","rows":14}
2026-05-08 15:00:25 [WARN]: Slow query detected {"query":"SELECT pm.*, m.name AS material_name, m.code AS material_code, m.unit\n         FROM production_materials pm\n         JOIN materials m ON pm.material_id = m.id\n         WHERE pm.production_order_id = $1","duration":"1286ms","rows":1}
2026-05-08 15:07:38 [INFO]: Database connected successfully at Fri May 08 2026 15:07:42 GMT+0530 (India Standard Time)
2026-05-08 15:07:38 [INFO]: ✅ Database connected
2026-05-08 15:07:38 [INFO]: ✅ Redis connected
2026-05-08 15:07:38 [INFO]: 🚀 ERP Server running on port 5000 in development mode
2026-05-08 15:07:38 [INFO]: 📊 API: http://localhost:5000/api
2026-05-08 15:07:38 [INFO]: 🔌 Socket.IO: ws://localhost:5000
2026-05-08 15:07:38 [INFO]: ❤️  Health: http://localhost:5000/health
2026-05-08 15:07:43 [INFO]: Database connected successfully at Fri May 08 2026 15:07:47 GMT+0530 (India Standard Time)
2026-05-08 15:07:43 [INFO]: ✅ Database connected
2026-05-08 15:07:43 [INFO]: ✅ Redis connected
2026-05-08 15:07:43 [INFO]: 🚀 ERP Server running on port 5000 in development mode
2026-05-08 15:07:43 [INFO]: 📊 API: http://localhost:5000/api
2026-05-08 15:07:43 [INFO]: 🔌 Socket.IO: ws://localhost:5000
2026-05-08 15:07:43 [INFO]: ❤️  Health: http://localhost:5000/health
2026-05-08 15:08:02 [INFO]: Database connected successfully at Fri May 08 2026 15:08:06 GMT+0530 (India Standard Time)
2026-05-08 15:08:02 [INFO]: ✅ Database connected
2026-05-08 15:08:02 [INFO]: ✅ Redis connected
2026-05-08 15:08:02 [INFO]: 🚀 ERP Server running on port 5000 in development mode
2026-05-08 15:08:02 [INFO]: 📊 API: http://localhost:5000/api
2026-05-08 15:08:02 [INFO]: 🔌 Socket.IO: ws://localhost:5000
2026-05-08 15:08:02 [INFO]: ❤️  Health: http://localhost:5000/health
2026-05-08 15:15:58 [ERROR]: Error: jwt expired {"url":"/api/notifications/unread-count","method":"GET"}
TokenExpiredError: jwt expired
    at C:\Users\kajal\OneDrive\Desktop\subscription\backend\node_modules\jsonwebtoken\verify.js:190:21
    at getSecret (C:\Users\kajal\OneDrive\Desktop\subscription\backend\node_modules\jsonwebtoken\verify.js:97:14)
    at module.exports [as verify] (C:\Users\kajal\OneDrive\Desktop\subscription\backend\node_modules\jsonwebtoken\verify.js:101:10)
    at authenticate (C:\Users\kajal\OneDrive\Desktop\subscription\backend\src\middleware\auth.js:14:25)
    at newFn (C:\Users\kajal\OneDrive\Desktop\subscription\backend\node_modules\express-async-errors\index.js:16:20)
    at Layer.handle [as handle_request] (C:\Users\kajal\OneDrive\Desktop\subscription\backend\node_modules\express\lib\router\layer.js:95:5)
    at trim_prefix (C:\Users\kajal\OneDrive\Desktop\subscription\backend\node_modules\express\lib\router\index.js:328:13)
    at C:\Users\kajal\OneDrive\Desktop\subscription\backend\node_modules\express\lib\router\index.js:286:9
    at Function.process_params (C:\Users\kajal\OneDrive\Desktop\subscription\backend\node_modules\express\lib\router\index.js:346:12)
    at next (C:\Users\kajal\OneDrive\Desktop\subscription\backend\node_modules\express\lib\router\index.js:280:10)
2026-05-08 15:16:04 [WARN]: Slow query detected {"query":"SELECT psl.*, ws.name AS stage_name, ws.color AS stage_color, ws.sequence_order,\n                ws.is_qc_stage, ws.department,\n                psl.output_quantity AS produced_quantity,\n                u.first_name || ' ' || u.last_name AS operator_name\n         FROM production_stage_logs psl\n         JOIN workflow_stages ws ON psl.stage_id = ws.id\n         LEFT JOIN users u ON psl.operator_id = u.id\n         WHERE psl.production_order_id = $1\n         ORDER BY ws.sequence_order","duration":"1264ms","rows":6}
2026-05-08 15:16:05 [WARN]: Slow query detected {"query":"SELECT pm.*, m.name AS material_name, m.code AS material_code, m.unit\n         FROM production_materials pm\n         JOIN materials m ON pm.material_id = m.id\n         WHERE pm.production_order_id = $1","duration":"1297ms","rows":1}
2026-05-08 15:20:58 [INFO]: Database connected successfully at Fri May 08 2026 15:21:02 GMT+0530 (India Standard Time)
2026-05-08 15:20:58 [INFO]: ✅ Database connected
2026-05-08 15:20:58 [INFO]: ✅ Redis connected
2026-05-08 15:20:58 [INFO]: 🚀 ERP Server running on port 5000 in development mode
2026-05-08 15:20:58 [INFO]: 📊 API: http://localhost:5000/api
2026-05-08 15:20:58 [INFO]: 🔌 Socket.IO: ws://localhost:5000
2026-05-08 15:20:58 [INFO]: ❤️  Health: http://localhost:5000/health
2026-05-08 15:21:05 [INFO]: Database connected successfully at Fri May 08 2026 15:21:09 GMT+0530 (India Standard Time)
2026-05-08 15:21:05 [INFO]: ✅ Database connected
2026-05-08 15:21:05 [INFO]: ✅ Redis connected
2026-05-08 15:21:05 [INFO]: 🚀 ERP Server running on port 5000 in development mode
2026-05-08 15:21:05 [INFO]: 📊 API: http://localhost:5000/api
2026-05-08 15:21:05 [INFO]: 🔌 Socket.IO: ws://localhost:5000
2026-05-08 15:21:05 [INFO]: ❤️  Health: http://localhost:5000/health
2026-05-08 15:21:10 [INFO]: Database connected successfully at Fri May 08 2026 15:21:15 GMT+0530 (India Standard Time)
2026-05-08 15:21:10 [INFO]: ✅ Database connected
2026-05-08 15:21:10 [INFO]: ✅ Redis connected
2026-05-08 15:21:10 [INFO]: 🚀 ERP Server running on port 5000 in development mode
2026-05-08 15:21:10 [INFO]: 📊 API: http://localhost:5000/api
2026-05-08 15:21:10 [INFO]: 🔌 Socket.IO: ws://localhost:5000
2026-05-08 15:21:10 [INFO]: ❤️  Health: http://localhost:5000/health
2026-05-08 15:21:28 [INFO]: Database connected successfully at Fri May 08 2026 15:21:32 GMT+0530 (India Standard Time)
2026-05-08 15:21:28 [INFO]: ✅ Database connected
2026-05-08 15:21:28 [INFO]: ✅ Redis connected
2026-05-08 15:21:28 [INFO]: 🚀 ERP Server running on port 5000 in development mode
2026-05-08 15:21:28 [INFO]: 📊 API: http://localhost:5000/api
2026-05-08 15:21:28 [INFO]: 🔌 Socket.IO: ws://localhost:5000
2026-05-08 15:21:28 [INFO]: ❤️  Health: http://localhost:5000/health
2026-05-08 15:21:33 [INFO]: Database connected successfully at Fri May 08 2026 15:21:37 GMT+0530 (India Standard Time)
2026-05-08 15:21:33 [INFO]: ✅ Database connected
2026-05-08 15:21:33 [INFO]: ✅ Redis connected
2026-05-08 15:21:33 [INFO]: 🚀 ERP Server running on port 5000 in development mode
2026-05-08 15:21:33 [INFO]: 📊 API: http://localhost:5000/api
2026-05-08 15:21:33 [INFO]: 🔌 Socket.IO: ws://localhost:5000
2026-05-08 15:21:33 [INFO]: ❤️  Health: http://localhost:5000/health
2026-05-08 15:21:39 [INFO]: Database connected successfully at Fri May 08 2026 15:21:44 GMT+0530 (India Standard Time)
2026-05-08 15:21:39 [INFO]: ✅ Database connected
2026-05-08 15:21:39 [INFO]: ✅ Redis connected
2026-05-08 15:21:39 [INFO]: 🚀 ERP Server running on port 5000 in development mode
2026-05-08 15:21:39 [INFO]: 📊 API: http://localhost:5000/api
2026-05-08 15:21:39 [INFO]: 🔌 Socket.IO: ws://localhost:5000
2026-05-08 15:21:39 [INFO]: ❤️  Health: http://localhost:5000/health
2026-05-08 15:21:43 [ERROR]: Database query error relation "production_stage_reverts" does not exist {"query":"SELECT psr.id, psr.created_at, psr.reason, psr.from_stage_id, psr.to_stage_id,\n                ws_from.name AS from_stage_name, ws_to.name AS to_stage_name,\n                u.first_name || ' ' || u.last_name AS reverted_by_name\n         FROM production_stage_reverts psr\n         JOIN workflow_stages ws_from ON psr.from_stage_id = ws_from.id\n         JOIN workflow_stages ws_to   ON psr.to_stage_id   = ws_to.id\n         LEFT JOIN users u ON psr.reverted_by = u.id\n         WHERE psr.production_order_id = $1\n         ORDER BY psr.created_at DESC"}
2026-05-08 15:21:43 [ERROR]: Error: relation "production_stage_reverts" does not exist {"url":"/api/production/cd759c8d-0971-498c-a0f8-645bdcb0c869","method":"GET","userId":"cfc2c2df-0ca8-4f06-a42e-d98f24e0e562","companyId":"8cf84328-5d58-432e-b0c8-3c661d0344e7"}
error: relation "production_stage_reverts" does not exist
    at C:\Users\kajal\OneDrive\Desktop\subscription\backend\node_modules\pg-pool\index.js:45:11
    at process.processTicksAndRejections (node:internal/process/task_queues:105:5)
    at async query (C:\Users\kajal\OneDrive\Desktop\subscription\backend\src\config\database.js:110:17)
    at async Promise.all (index 3)
    at async getOne (C:\Users\kajal\OneDrive\Desktop\subscription\backend\src\controllers\production.controller.js:56:58)
2026-05-08 15:21:43 [WARN]: Slow query detected {"query":"SELECT pm.*, m.name AS material_name, m.code AS material_code, m.unit\n         FROM production_materials pm\n         JOIN materials m ON pm.material_id = m.id\n         WHERE pm.production_order_id = $1","duration":"1329ms","rows":1}
2026-05-08 15:21:43 [WARN]: Slow query detected {"query":"SELECT psl.*, ws.name AS stage_name, ws.color AS stage_color, ws.sequence_order,\n                ws.is_qc_stage, ws.department,\n                psl.output_quantity AS produced_quantity,\n                u.first_name || ' ' || u.last_name AS operator_name\n         FROM production_stage_logs psl\n         JOIN workflow_stages ws ON psl.stage_id = ws.id\n         LEFT JOIN users u ON psl.operator_id = u.id\n         WHERE psl.production_order_id = $1\n         ORDER BY ws.sequence_order","duration":"1392ms","rows":6}
2026-05-08 15:30:08 [WARN]: Slow query detected {"query":"SELECT pm.*, m.name AS material_name, m.code AS material_code, m.unit\n         FROM production_materials pm\n         JOIN materials m ON pm.material_id = m.id\n         WHERE pm.production_order_id = $1","duration":"1271ms","rows":1}
2026-05-08 15:30:08 [ERROR]: Database query error relation "production_stage_reverts" does not exist {"query":"SELECT psr.id, psr.created_at, psr.reason, psr.from_stage_id, psr.to_stage_id,\n                ws_from.name AS from_stage_name, ws_to.name AS to_stage_name,\n                u.first_name || ' ' || u.last_name AS reverted_by_name\n         FROM production_stage_reverts psr\n         JOIN workflow_stages ws_from ON psr.from_stage_id = ws_from.id\n         JOIN workflow_stages ws_to   ON psr.to_stage_id   = ws_to.id\n         LEFT JOIN users u ON psr.reverted_by = u.id\n         WHERE psr.production_order_id = $1\n         ORDER BY psr.created_at DESC"}
2026-05-08 15:30:08 [ERROR]: Error: relation "production_stage_reverts" does not exist {"url":"/api/production/cd759c8d-0971-498c-a0f8-645bdcb0c869","method":"GET","userId":"cfc2c2df-0ca8-4f06-a42e-d98f24e0e562","companyId":"8cf84328-5d58-432e-b0c8-3c661d0344e7"}
error: relation "production_stage_reverts" does not exist
    at C:\Users\kajal\OneDrive\Desktop\subscription\backend\node_modules\pg-pool\index.js:45:11
    at process.processTicksAndRejections (node:internal/process/task_queues:105:5)
    at async query (C:\Users\kajal\OneDrive\Desktop\subscription\backend\src\config\database.js:110:17)
    at async Promise.all (index 3)
    at async getOne (C:\Users\kajal\OneDrive\Desktop\subscription\backend\src\controllers\production.controller.js:56:58)
2026-05-08 15:30:08 [WARN]: Slow query detected {"query":"SELECT COUNT(*) FROM notifications WHERE user_id = $1 AND company_id = $2 AND is_read = FALSE","duration":"1309ms","rows":1}
2026-05-08 15:30:08 [WARN]: Slow query detected {"query":"SELECT psl.*, ws.name AS stage_name, ws.color AS stage_color, ws.sequence_order,\n                ws.is_qc_stage, ws.department,\n                psl.output_quantity AS produced_quantity,\n                u.first_name || ' ' || u.last_name AS operator_name\n         FROM production_stage_logs psl\n         JOIN workflow_stages ws ON psl.stage_id = ws.id\n         LEFT JOIN users u ON psl.operator_id = u.id\n         WHERE psl.production_order_id = $1\n         ORDER BY ws.sequence_order","duration":"1395ms","rows":6}
2026-05-08 15:32:08 [ERROR]: Error: jwt expired {"url":"/api/notifications/unread-count","method":"GET"}
TokenExpiredError: jwt expired
    at C:\Users\kajal\OneDrive\Desktop\subscription\backend\node_modules\jsonwebtoken\verify.js:190:21
    at getSecret (C:\Users\kajal\OneDrive\Desktop\subscription\backend\node_modules\jsonwebtoken\verify.js:97:14)
    at module.exports [as verify] (C:\Users\kajal\OneDrive\Desktop\subscription\backend\node_modules\jsonwebtoken\verify.js:101:10)
    at authenticate (C:\Users\kajal\OneDrive\Desktop\subscription\backend\src\middleware\auth.js:14:25)
    at newFn (C:\Users\kajal\OneDrive\Desktop\subscription\backend\node_modules\express-async-errors\index.js:16:20)
    at Layer.handle [as handle_request] (C:\Users\kajal\OneDrive\Desktop\subscription\backend\node_modules\express\lib\router\layer.js:95:5)
    at trim_prefix (C:\Users\kajal\OneDrive\Desktop\subscription\backend\node_modules\express\lib\router\index.js:328:13)
    at C:\Users\kajal\OneDrive\Desktop\subscription\backend\node_modules\express\lib\router\index.js:286:9
    at Function.process_params (C:\Users\kajal\OneDrive\Desktop\subscription\backend\node_modules\express\lib\router\index.js:346:12)
    at next (C:\Users\kajal\OneDrive\Desktop\subscription\backend\node_modules\express\lib\router\index.js:280:10)
2026-05-08 15:32:21 [WARN]: Slow query detected {"query":"SELECT name, department, notify_on_complete FROM workflow_stages WHERE id = $1","duration":"1356ms","rows":1}
2026-05-08 15:32:21 [WARN]: Slow query detected {"query":"SELECT pm.*, m.name AS material_name, m.code AS material_code, m.unit\n         FROM production_materials pm\n         JOIN materials m ON pm.material_id = m.id\n         WHERE pm.production_order_id = $1","duration":"1227ms","rows":1}
2026-05-08 15:32:21 [WARN]: Slow query detected {"query":"SELECT psl.*, ws.name AS stage_name, ws.color AS stage_color, ws.sequence_order,\n                ws.is_qc_stage, ws.department,\n                psl.output_quantity AS produced_quantity,\n                u.first_name || ' ' || u.last_name AS operator_name\n         FROM production_stage_logs psl\n         JOIN workflow_stages ws ON psl.stage_id = ws.id\n         LEFT JOIN users u ON psl.operator_id = u.id\n         WHERE psl.production_order_id = $1\n         ORDER BY ws.sequence_order","duration":"1243ms","rows":6}
2026-05-08 15:32:21 [WARN]: Slow query detected {"query":"SELECT psr.id, psr.created_at, psr.reason, psr.from_stage_id, psr.to_stage_id,\n                ws_from.name AS from_stage_name, ws_to.name AS to_stage_name,\n                u.first_name || ' ' || u.last_name AS reverted_by_name\n         FROM production_stage_reverts psr\n         JOIN workflow_stages ws_from ON psr.from_stage_id = ws_from.id\n         JOIN workflow_stages ws_to   ON psr.to_stage_id   = ws_to.id\n         LEFT JOIN users u ON psr.reverted_by = u.id\n         WHERE psr.production_order_id = $1\n         ORDER BY psr.created_at DESC","duration":"1361ms","rows":0}
2026-05-08 15:34:11 [WARN]: Slow query detected {"query":"SELECT psr.id, psr.created_at, psr.reason, psr.from_stage_id, psr.to_stage_id,\n                ws_from.name AS from_stage_name, ws_to.name AS to_stage_name,\n                u.first_name || ' ' || u.last_name AS reverted_by_name\n         FROM production_stage_reverts psr\n         JOIN workflow_stages ws_from ON psr.from_stage_id = ws_from.id\n         JOIN workflow_stages ws_to   ON psr.to_stage_id   = ws_to.id\n         LEFT JOIN users u ON psr.reverted_by = u.id\n         WHERE psr.production_order_id = $1\n         ORDER BY psr.created_at DESC","duration":"1461ms","rows":2}
2026-05-08 15:34:12 [ERROR]: Email send failed: {"to":"kajal971126@gmail.com","subject":"Production Complete - IndustrialERP","error":"Invalid login: 535-5.7.8 Username and Password not accepted. For more information, go to\n535 5.7.8  https://support.google.com/mail/?p=BadCredentials d9443c01a7336-2baf1e35bcfsm15610665ad.38 - gsmtp"}
2026-05-08 15:35:16 [WARN]: Slow query detected {"query":"SELECT COUNT(*) AS total_materials,\n           COALESCE(SUM(current_stock * purchase_rate), 0) AS stock_value,\n           COUNT(*) FILTER (WHERE current_stock <= minimum_stock) AS low_stock_count,\n           COUNT(*) FILTER (WHERE current_stock = 0) AS out_of_stock\n         FROM materials WHERE company_id = $1 AND is_active = TRUE AND deleted_at IS NULL","duration":"1238ms","rows":1}
2026-05-08 15:35:17 [WARN]: Slow query detected {"query":"SELECT COUNT(*) AS total,\n           COUNT(*) FILTER (WHERE status = 'dispatched') AS in_transit,\n           COUNT(*) FILTER (WHERE status = 'delivered') AS delivered,\n           COUNT(*) FILTER (WHERE expected_delivery_date < CURRENT_DATE AND status NOT IN ('delivered','returned')) AS delayed\n         FROM dispatches WHERE company_id = $1 AND deleted_at IS NULL\n         AND created_at >= NOW() - INTERVAL '30 days'","duration":"1317ms","rows":1}
2026-05-08 15:35:17 [WARN]: Slow query detected {"query":"SELECT COALESCE(SUM(net_amount), 0) AS total_revenue,\n           COALESCE(SUM(net_amount) FILTER (WHERE payment_status = 'paid'), 0) AS paid_revenue,\n           COALESCE(SUM(balance_amount) FILTER (WHERE payment_status != 'paid'), 0) AS pending_revenue,\n           COUNT(*) AS total_invoices\n         FROM invoices WHERE company_id = $1 AND deleted_at IS NULL\n         AND invoice_date >= NOW() - INTERVAL '30 days'","duration":"1352ms","rows":1}
2026-05-08 15:40:56 [WARN]: Slow query detected {"query":"SELECT COUNT(*) FROM notifications WHERE user_id = $1 AND company_id = $2 ","duration":"2124ms","rows":1}
2026-05-08 15:42:00 [WARN]: Slow query detected {"query":"SELECT COUNT(*) FROM production_orders po WHERE po.company_id = $1 AND po.deleted_at IS NULL","duration":"1409ms","rows":1}
2026-05-08 15:42:27 [WARN]: Slow query detected {"query":"SELECT * FROM material_categories WHERE company_id = $1 AND is_active = TRUE ORDER BY name","duration":"1262ms","rows":2}
2026-05-08 15:46:06 [WARN]: Slow query detected {"query":"SELECT COUNT(*) FROM customers WHERE company_id = $1 AND deleted_at IS NULL","duration":"2211ms","rows":1}
2026-05-08 15:46:06 [WARN]: Slow query detected {"query":"SELECT COUNT(*) FROM materials m WHERE m.company_id = $1 AND m.deleted_at IS NULL","duration":"2016ms","rows":1}
2026-05-08 15:46:06 [WARN]: Slow query detected {"query":"SELECT m.*, mc.name AS category_name, w.name AS warehouse_name,\n                s.name AS supplier_name, wr.rack_code, wr.bin_code\n         FROM materials m\n         LEFT JOIN material_categories mc ON m.category_id = mc.id\n         LEFT JOIN warehouses w ON m.warehouse_id = w.id\n         LEFT JOIN suppliers s ON m.supplier_id = s.id\n         LEFT JOIN warehouse_racks wr ON m.rack_id = wr.id\n         WHERE m.company_id = $1 AND m.deleted_at IS NULL\n         ORDER BY m.name ASC\n         LIMIT $2 OFFSET $3","duration":"2021ms","rows":14}
2026-05-08 15:46:06 [WARN]: Slow query detected {"query":"SELECT wt.*, COUNT(ws.id) AS stage_count\n       FROM workflow_templates wt\n       LEFT JOIN workflow_stages ws ON ws.template_id = wt.id AND ws.is_active = TRUE\n       WHERE wt.company_id = $1 AND wt.is_active = TRUE\n       GROUP BY wt.id ORDER BY wt.created_at DESC","duration":"2043ms","rows":2}
2026-05-08 15:47:15 [ERROR]: Error: jwt expired {"url":"/api/notifications/unread-count","method":"GET"}
TokenExpiredError: jwt expired
    at C:\Users\kajal\OneDrive\Desktop\subscription\backend\node_modules\jsonwebtoken\verify.js:190:21
    at getSecret (C:\Users\kajal\OneDrive\Desktop\subscription\backend\node_modules\jsonwebtoken\verify.js:97:14)
    at module.exports [as verify] (C:\Users\kajal\OneDrive\Desktop\subscription\backend\node_modules\jsonwebtoken\verify.js:101:10)
    at authenticate (C:\Users\kajal\OneDrive\Desktop\subscription\backend\src\middleware\auth.js:14:25)
    at newFn (C:\Users\kajal\OneDrive\Desktop\subscription\backend\node_modules\express-async-errors\index.js:16:20)
    at Layer.handle [as handle_request] (C:\Users\kajal\OneDrive\Desktop\subscription\backend\node_modules\express\lib\router\layer.js:95:5)
    at trim_prefix (C:\Users\kajal\OneDrive\Desktop\subscription\backend\node_modules\express\lib\router\index.js:328:13)
    at C:\Users\kajal\OneDrive\Desktop\subscription\backend\node_modules\express\lib\router\index.js:286:9
    at Function.process_params (C:\Users\kajal\OneDrive\Desktop\subscription\backend\node_modules\express\lib\router\index.js:346:12)
    at next (C:\Users\kajal\OneDrive\Desktop\subscription\backend\node_modules\express\lib\router\index.js:280:10)
2026-05-08 15:47:49 [ERROR]: Database query error invalid input syntax for type uuid: "" {"query":"SELECT id FROM workflow_stages WHERE template_id = $1 AND is_active = TRUE ORDER BY sequence_order ASC LIMIT 1"}
2026-05-08 15:47:49 [ERROR]: Error: invalid input syntax for type uuid: "" {"url":"/api/production","method":"POST","userId":"cfc2c2df-0ca8-4f06-a42e-d98f24e0e562","companyId":"8cf84328-5d58-432e-b0c8-3c661d0344e7"}
error: invalid input syntax for type uuid: ""
    at C:\Users\kajal\OneDrive\Desktop\subscription\backend\node_modules\pg-pool\index.js:45:11
    at process.processTicksAndRejections (node:internal/process/task_queues:105:5)
    at async query (C:\Users\kajal\OneDrive\Desktop\subscription\backend\src\config\database.js:110:17)
    at async create (C:\Users\kajal\OneDrive\Desktop\subscription\backend\src\controllers\production.controller.js:134:23)
2026-05-08 15:48:04 [WARN]: Slow query detected {"query":"SELECT COUNT(*) FROM production_orders WHERE company_id = $1 AND DATE(created_at) = CURRENT_DATE","duration":"1759ms","rows":1}
2026-05-08 15:48:08 [WARN]: Slow query detected {"query":"SELECT COUNT(*) FROM production_orders po WHERE po.company_id = $1 AND po.deleted_at IS NULL","duration":"2069ms","rows":1}
2026-05-08 15:48:19 [WARN]: Slow query detected {"query":"SELECT psr.id, psr.created_at, psr.reason, psr.from_stage_id, psr.to_stage_id,\n                ws_from.name AS from_stage_name, ws_to.name AS to_stage_name,\n                u.first_name || ' ' || u.last_name AS reverted_by_name\n         FROM production_stage_reverts psr\n         JOIN workflow_stages ws_from ON psr.from_stage_id = ws_from.id\n         JOIN workflow_stages ws_to   ON psr.to_stage_id   = ws_to.id\n         LEFT JOIN users u ON psr.reverted_by = u.id\n         WHERE psr.production_order_id = $1\n         ORDER BY psr.created_at DESC","duration":"2796ms","rows":0}
2026-05-08 15:48:19 [WARN]: Slow query detected {"query":"SELECT pm.*, m.name AS material_name, m.code AS material_code, m.unit\n         FROM production_materials pm\n         JOIN materials m ON pm.material_id = m.id\n         WHERE pm.production_order_id = $1","duration":"2797ms","rows":1}
2026-05-08 15:49:37 [ERROR]: Database query error invalid input syntax for type uuid: "" {"query":"SELECT id FROM workflow_stages WHERE template_id = $1 AND is_active = TRUE ORDER BY sequence_order ASC LIMIT 1"}
2026-05-08 15:49:37 [ERROR]: Error: invalid input syntax for type uuid: "" {"url":"/api/production","method":"POST","userId":"cfc2c2df-0ca8-4f06-a42e-d98f24e0e562","companyId":"8cf84328-5d58-432e-b0c8-3c661d0344e7"}
error: invalid input syntax for type uuid: ""
    at C:\Users\kajal\OneDrive\Desktop\subscription\backend\node_modules\pg-pool\index.js:45:11
    at process.processTicksAndRejections (node:internal/process/task_queues:105:5)
    at async query (C:\Users\kajal\OneDrive\Desktop\subscription\backend\src\config\database.js:110:17)
    at async create (C:\Users\kajal\OneDrive\Desktop\subscription\backend\src\controllers\production.controller.js:134:23)
2026-05-08 15:52:18 [WARN]: Slow query detected {"query":"SELECT COUNT(*) FROM notifications WHERE user_id = $1 AND company_id = $2 AND is_read = FALSE","duration":"1248ms","rows":1}
2026-05-08 15:59:19 [INFO]: Database connected successfully at Fri May 08 2026 15:59:23 GMT+0530 (India Standard Time)
2026-05-08 15:59:19 [INFO]: ✅ Database connected
2026-05-08 15:59:19 [INFO]: ✅ Redis connected
2026-05-08 15:59:19 [INFO]: 🚀 ERP Server running on port 5000 in development mode
2026-05-08 15:59:19 [INFO]: 📊 API: http://localhost:5000/api
2026-05-08 15:59:19 [INFO]: 🔌 Socket.IO: ws://localhost:5000
2026-05-08 15:59:19 [INFO]: ❤️  Health: http://localhost:5000/health
2026-05-08 16:00:11 [INFO]: Database connected successfully at Fri May 08 2026 16:00:15 GMT+0530 (India Standard Time)
2026-05-08 16:00:11 [INFO]: ✅ Database connected
2026-05-08 16:00:11 [INFO]: ✅ Redis connected
2026-05-08 16:00:11 [INFO]: 🚀 ERP Server running on port 5000 in development mode
2026-05-08 16:00:11 [INFO]: 📊 API: http://localhost:5000/api
2026-05-08 16:00:11 [INFO]: 🔌 Socket.IO: ws://localhost:5000
2026-05-08 16:00:11 [INFO]: ❤️  Health: http://localhost:5000/health
2026-05-08 16:00:23 [INFO]: Database connected successfully at Fri May 08 2026 16:00:27 GMT+0530 (India Standard Time)
2026-05-08 16:00:23 [INFO]: ✅ Database connected
2026-05-08 16:00:23 [INFO]: ✅ Redis connected
2026-05-08 16:00:23 [INFO]: 🚀 ERP Server running on port 5000 in development mode
2026-05-08 16:00:23 [INFO]: 📊 API: http://localhost:5000/api
2026-05-08 16:00:23 [INFO]: 🔌 Socket.IO: ws://localhost:5000
2026-05-08 16:00:23 [INFO]: ❤️  Health: http://localhost:5000/health
2026-05-08 16:00:30 [INFO]: Database connected successfully at Fri May 08 2026 16:00:35 GMT+0530 (India Standard Time)
2026-05-08 16:00:30 [INFO]: ✅ Database connected
2026-05-08 16:00:30 [INFO]: ✅ Redis connected
2026-05-08 16:00:30 [INFO]: 🚀 ERP Server running on port 5000 in development mode
2026-05-08 16:00:30 [INFO]: 📊 API: http://localhost:5000/api
2026-05-08 16:00:30 [INFO]: 🔌 Socket.IO: ws://localhost:5000
2026-05-08 16:00:30 [INFO]: ❤️  Health: http://localhost:5000/health
2026-05-08 16:01:43 [INFO]: Database connected successfully at Fri May 08 2026 16:01:48 GMT+0530 (India Standard Time)
2026-05-08 16:01:43 [INFO]: ✅ Database connected
2026-05-08 16:01:43 [INFO]: ✅ Redis connected
2026-05-08 16:01:43 [INFO]: 🚀 ERP Server running on port 5000 in development mode
2026-05-08 16:01:43 [INFO]: 📊 API: http://localhost:5000/api
2026-05-08 16:01:43 [INFO]: 🔌 Socket.IO: ws://localhost:5000
2026-05-08 16:01:43 [INFO]: ❤️  Health: http://localhost:5000/health
2026-05-08 16:01:51 [INFO]: Database connected successfully at Fri May 08 2026 16:01:56 GMT+0530 (India Standard Time)
2026-05-08 16:01:51 [INFO]: ✅ Database connected
2026-05-08 16:01:51 [INFO]: ✅ Redis connected
2026-05-08 16:01:51 [INFO]: 🚀 ERP Server running on port 5000 in development mode
2026-05-08 16:01:51 [INFO]: 📊 API: http://localhost:5000/api
2026-05-08 16:01:51 [INFO]: 🔌 Socket.IO: ws://localhost:5000
2026-05-08 16:01:51 [INFO]: ❤️  Health: http://localhost:5000/health
2026-05-08 16:05:48 [ERROR]: Error: jwt expired {"url":"/api/notifications/unread-count","method":"GET"}
TokenExpiredError: jwt expired
    at C:\Users\kajal\OneDrive\Desktop\subscription\backend\node_modules\jsonwebtoken\verify.js:190:21
    at getSecret (C:\Users\kajal\OneDrive\Desktop\subscription\backend\node_modules\jsonwebtoken\verify.js:97:14)
    at module.exports [as verify] (C:\Users\kajal\OneDrive\Desktop\subscription\backend\node_modules\jsonwebtoken\verify.js:101:10)
    at authenticate (C:\Users\kajal\OneDrive\Desktop\subscription\backend\src\middleware\auth.js:14:25)
    at newFn (C:\Users\kajal\OneDrive\Desktop\subscription\backend\node_modules\express-async-errors\index.js:16:20)
    at Layer.handle [as handle_request] (C:\Users\kajal\OneDrive\Desktop\subscription\backend\node_modules\express\lib\router\layer.js:95:5)
    at trim_prefix (C:\Users\kajal\OneDrive\Desktop\subscription\backend\node_modules\express\lib\router\index.js:328:13)
    at C:\Users\kajal\OneDrive\Desktop\subscription\backend\node_modules\express\lib\router\index.js:286:9
    at Function.process_params (C:\Users\kajal\OneDrive\Desktop\subscription\backend\node_modules\express\lib\router\index.js:346:12)
    at next (C:\Users\kajal\OneDrive\Desktop\subscription\backend\node_modules\express\lib\router\index.js:280:10)
2026-05-08 16:05:49 [ERROR]: Error: jwt expired {"url":"/api/customers?limit=500","method":"GET"}
TokenExpiredError: jwt expired
    at C:\Users\kajal\OneDrive\Desktop\subscription\backend\node_modules\jsonwebtoken\verify.js:190:21
    at getSecret (C:\Users\kajal\OneDrive\Desktop\subscription\backend\node_modules\jsonwebtoken\verify.js:97:14)
    at module.exports [as verify] (C:\Users\kajal\OneDrive\Desktop\subscription\backend\node_modules\jsonwebtoken\verify.js:101:10)
    at authenticate (C:\Users\kajal\OneDrive\Desktop\subscription\backend\src\middleware\auth.js:14:25)
    at newFn (C:\Users\kajal\OneDrive\Desktop\subscription\backend\node_modules\express-async-errors\index.js:16:20)
    at Layer.handle [as handle_request] (C:\Users\kajal\OneDrive\Desktop\subscription\backend\node_modules\express\lib\router\layer.js:95:5)
    at trim_prefix (C:\Users\kajal\OneDrive\Desktop\subscription\backend\node_modules\express\lib\router\index.js:328:13)
    at C:\Users\kajal\OneDrive\Desktop\subscription\backend\node_modules\express\lib\router\index.js:286:9
    at Function.process_params (C:\Users\kajal\OneDrive\Desktop\subscription\backend\node_modules\express\lib\router\index.js:346:12)
    at next (C:\Users\kajal\OneDrive\Desktop\subscription\backend\node_modules\express\lib\router\index.js:280:10)
2026-05-08 16:05:49 [ERROR]: Error: jwt expired {"url":"/api/workflows","method":"GET"}
TokenExpiredError: jwt expired
    at C:\Users\kajal\OneDrive\Desktop\subscription\backend\node_modules\jsonwebtoken\verify.js:190:21
    at getSecret (C:\Users\kajal\OneDrive\Desktop\subscription\backend\node_modules\jsonwebtoken\verify.js:97:14)
    at module.exports [as verify] (C:\Users\kajal\OneDrive\Desktop\subscription\backend\node_modules\jsonwebtoken\verify.js:101:10)
    at authenticate (C:\Users\kajal\OneDrive\Desktop\subscription\backend\src\middleware\auth.js:14:25)
    at newFn (C:\Users\kajal\OneDrive\Desktop\subscription\backend\node_modules\express-async-errors\index.js:16:20)
    at Layer.handle [as handle_request] (C:\Users\kajal\OneDrive\Desktop\subscription\backend\node_modules\express\lib\router\layer.js:95:5)
    at trim_prefix (C:\Users\kajal\OneDrive\Desktop\subscription\backend\node_modules\express\lib\router\index.js:328:13)
    at C:\Users\kajal\OneDrive\Desktop\subscription\backend\node_modules\express\lib\router\index.js:286:9
    at Function.process_params (C:\Users\kajal\OneDrive\Desktop\subscription\backend\node_modules\express\lib\router\index.js:346:12)
    at next (C:\Users\kajal\OneDrive\Desktop\subscription\backend\node_modules\express\lib\router\index.js:280:10)
2026-05-08 16:05:49 [ERROR]: Error: jwt expired {"url":"/api/materials?limit=500","method":"GET"}
TokenExpiredError: jwt expired
    at C:\Users\kajal\OneDrive\Desktop\subscription\backend\node_modules\jsonwebtoken\verify.js:190:21
    at getSecret (C:\Users\kajal\OneDrive\Desktop\subscription\backend\node_modules\jsonwebtoken\verify.js:97:14)
    at module.exports [as verify] (C:\Users\kajal\OneDrive\Desktop\subscription\backend\node_modules\jsonwebtoken\verify.js:101:10)
    at authenticate (C:\Users\kajal\OneDrive\Desktop\subscription\backend\src\middleware\auth.js:14:25)
    at newFn (C:\Users\kajal\OneDrive\Desktop\subscription\backend\node_modules\express-async-errors\index.js:16:20)
    at Layer.handle [as handle_request] (C:\Users\kajal\OneDrive\Desktop\subscription\backend\node_modules\express\lib\router\layer.js:95:5)
    at trim_prefix (C:\Users\kajal\OneDrive\Desktop\subscription\backend\node_modules\express\lib\router\index.js:328:13)
    at C:\Users\kajal\OneDrive\Desktop\subscription\backend\node_modules\express\lib\router\index.js:286:9
    at Function.process_params (C:\Users\kajal\OneDrive\Desktop\subscription\backend\node_modules\express\lib\router\index.js:346:12)
    at next (C:\Users\kajal\OneDrive\Desktop\subscription\backend\node_modules\express\lib\router\index.js:280:10)
2026-05-08 16:05:50 [WARN]: Slow query detected {"query":"SELECT * FROM customers WHERE company_id = $1 AND deleted_at IS NULL ORDER BY name LIMIT $2 OFFSET $3","duration":"1394ms","rows":0}
2026-05-08 16:05:50 [WARN]: Slow query detected {"query":"SELECT COUNT(*) FROM customers WHERE company_id = $1 AND deleted_at IS NULL","duration":"1435ms","rows":1}
2026-05-08 16:05:50 [WARN]: Slow query detected {"query":"SELECT id, company_id, role, refresh_token, is_active FROM users WHERE id = $1","duration":"1493ms","rows":1}
2026-05-08 16:06:04 [WARN]: Slow query detected {"query":"SELECT COUNT(*) FROM materials m WHERE m.company_id = $1 AND m.deleted_at IS NULL","duration":"1740ms","rows":1}
2026-05-08 16:06:09 [ERROR]: Database query error COALESCE types character varying and material_unit cannot be matched {"query":"SELECT po.*, COALESCE(po.product_name, m.name) AS product_name,\n                m.code AS product_code, COALESCE(po.unit, m.unit) AS product_unit,\n                c.name AS customer_name, ws.name AS current_stage_name, ws.color AS stage_color,\n                wt.name AS workflow_name,\n                u.first_name || ' ' || u.last_name AS created_by_name,\n                CASE WHEN po.planned_end_date < CURRENT_DATE AND po.status NOT IN ('completed','cancelled') THEN TRUE ELSE FALSE END AS is_delayed\n         FROM production_orders po\n         LEFT JOIN materials m ON po.product_material_id = m.id\n         LEFT JOIN customers c ON po.customer_id = c.id\n         LEFT JOIN workflow_stages ws ON po.current_stage_id = ws.id\n         LEFT JOIN workflow_templates wt ON po.workflow_template_id = wt.id\n         LEFT JOIN users u ON po.created_by = u.id\n         WHERE po.company_id = $1 AND po.deleted_at IS NULL\n         ORDER BY po.created_at DESC\n         LIMIT $2 OFFSET $3"}
2026-05-08 16:06:09 [ERROR]: Error: COALESCE types character varying and material_unit cannot be matched {"url":"/api/production?page=1&limit=20&search=&status=&priority=","method":"GET","userId":"cfc2c2df-0ca8-4f06-a42e-d98f24e0e562","companyId":"8cf84328-5d58-432e-b0c8-3c661d0344e7"}
error: COALESCE types character varying and material_unit cannot be matched
    at C:\Users\kajal\OneDrive\Desktop\subscription\backend\node_modules\pg-pool\index.js:45:11
    at process.processTicksAndRejections (node:internal/process/task_queues:105:5)
    at async query (C:\Users\kajal\OneDrive\Desktop\subscription\backend\src\config\database.js:110:17)
    at async Promise.all (index 0)
    at async getAll (C:\Users\kajal\OneDrive\Desktop\subscription\backend\src\controllers\production.controller.js:24:33)
2026-05-08 16:06:10 [ERROR]: Database query error COALESCE types character varying and material_unit cannot be matched {"query":"SELECT po.*, COALESCE(po.product_name, m.name) AS product_name,\n                m.code AS product_code, COALESCE(po.unit, m.unit) AS product_unit,\n                c.name AS customer_name, ws.name AS current_stage_name, ws.color AS stage_color,\n                wt.name AS workflow_name,\n                u.first_name || ' ' || u.last_name AS created_by_name,\n                CASE WHEN po.planned_end_date < CURRENT_DATE AND po.status NOT IN ('completed','cancelled') THEN TRUE ELSE FALSE END AS is_delayed\n         FROM production_orders po\n         LEFT JOIN materials m ON po.product_material_id = m.id\n         LEFT JOIN customers c ON po.customer_id = c.id\n         LEFT JOIN workflow_stages ws ON po.current_stage_id = ws.id\n         LEFT JOIN workflow_templates wt ON po.workflow_template_id = wt.id\n         LEFT JOIN users u ON po.created_by = u.id\n         WHERE po.company_id = $1 AND po.deleted_at IS NULL\n         ORDER BY po.created_at DESC\n         LIMIT $2 OFFSET $3"}
2026-05-08 16:06:10 [ERROR]: Error: COALESCE types character varying and material_unit cannot be matched {"url":"/api/production?page=1&limit=20&search=&status=&priority=","method":"GET","userId":"cfc2c2df-0ca8-4f06-a42e-d98f24e0e562","companyId":"8cf84328-5d58-432e-b0c8-3c661d0344e7"}
error: COALESCE types character varying and material_unit cannot be matched
    at C:\Users\kajal\OneDrive\Desktop\subscription\backend\node_modules\pg-pool\index.js:45:11
    at process.processTicksAndRejections (node:internal/process/task_queues:105:5)
    at async query (C:\Users\kajal\OneDrive\Desktop\subscription\backend\src\config\database.js:110:17)
    at async Promise.all (index 0)
    at async getAll (C:\Users\kajal\OneDrive\Desktop\subscription\backend\src\controllers\production.controller.js:24:33)
2026-05-08 16:06:20 [ERROR]: Database query error COALESCE types character varying and material_unit cannot be matched {"query":"SELECT po.*, COALESCE(po.product_name, m.name) AS product_name,\n                m.code AS product_code, COALESCE(po.unit, m.unit) AS product_unit,\n                c.name AS customer_name, ws.name AS current_stage_name, ws.color AS stage_color,\n                wt.name AS workflow_name,\n                u.first_name || ' ' || u.last_name AS created_by_name,\n                CASE WHEN po.planned_end_date < CURRENT_DATE AND po.status NOT IN ('completed','cancelled') THEN TRUE ELSE FALSE END AS is_delayed\n         FROM production_orders po\n         LEFT JOIN materials m ON po.product_material_id = m.id\n         LEFT JOIN customers c ON po.customer_id = c.id\n         LEFT JOIN workflow_stages ws ON po.current_stage_id = ws.id\n         LEFT JOIN workflow_templates wt ON po.workflow_template_id = wt.id\n         LEFT JOIN users u ON po.created_by = u.id\n         WHERE po.company_id = $1 AND po.deleted_at IS NULL\n         ORDER BY po.created_at DESC\n         LIMIT $2 OFFSET $3"}
2026-05-08 16:06:20 [ERROR]: Error: COALESCE types character varying and material_unit cannot be matched {"url":"/api/production?page=1&limit=20&search=&status=&priority=","method":"GET","userId":"cfc2c2df-0ca8-4f06-a42e-d98f24e0e562","companyId":"8cf84328-5d58-432e-b0c8-3c661d0344e7"}
error: COALESCE types character varying and material_unit cannot be matched
    at C:\Users\kajal\OneDrive\Desktop\subscription\backend\node_modules\pg-pool\index.js:45:11
    at process.processTicksAndRejections (node:internal/process/task_queues:105:5)
    at async query (C:\Users\kajal\OneDrive\Desktop\subscription\backend\src\config\database.js:110:17)
    at async Promise.all (index 0)
    at async getAll (C:\Users\kajal\OneDrive\Desktop\subscription\backend\src\controllers\production.controller.js:24:33)
2026-05-08 16:06:21 [ERROR]: Database query error COALESCE types character varying and material_unit cannot be matched {"query":"SELECT po.*, COALESCE(po.product_name, m.name) AS product_name,\n                m.code AS product_code, COALESCE(po.unit, m.unit) AS product_unit,\n                c.name AS customer_name, ws.name AS current_stage_name, ws.color AS stage_color,\n                wt.name AS workflow_name,\n                u.first_name || ' ' || u.last_name AS created_by_name,\n                CASE WHEN po.planned_end_date < CURRENT_DATE AND po.status NOT IN ('completed','cancelled') THEN TRUE ELSE FALSE END AS is_delayed\n         FROM production_orders po\n         LEFT JOIN materials m ON po.product_material_id = m.id\n         LEFT JOIN customers c ON po.customer_id = c.id\n         LEFT JOIN workflow_stages ws ON po.current_stage_id = ws.id\n         LEFT JOIN workflow_templates wt ON po.workflow_template_id = wt.id\n         LEFT JOIN users u ON po.created_by = u.id\n         WHERE po.company_id = $1 AND po.deleted_at IS NULL\n         ORDER BY po.created_at DESC\n         LIMIT $2 OFFSET $3"}
2026-05-08 16:06:21 [ERROR]: Error: COALESCE types character varying and material_unit cannot be matched {"url":"/api/production?page=1&limit=20&search=&status=&priority=","method":"GET","userId":"cfc2c2df-0ca8-4f06-a42e-d98f24e0e562","companyId":"8cf84328-5d58-432e-b0c8-3c661d0344e7"}
error: COALESCE types character varying and material_unit cannot be matched
    at C:\Users\kajal\OneDrive\Desktop\subscription\backend\node_modules\pg-pool\index.js:45:11
    at process.processTicksAndRejections (node:internal/process/task_queues:105:5)
    at async query (C:\Users\kajal\OneDrive\Desktop\subscription\backend\src\config\database.js:110:17)
    at async Promise.all (index 0)
    at async getAll (C:\Users\kajal\OneDrive\Desktop\subscription\backend\src\controllers\production.controller.js:24:33)
2026-05-08 16:06:42 [ERROR]: Database query error COALESCE types character varying and material_unit cannot be matched {"query":"SELECT po.*, COALESCE(po.product_name, m.name) AS product_name,\n                m.code AS product_code, COALESCE(po.unit, m.unit) AS product_unit,\n                c.name AS customer_name, ws.name AS current_stage_name, ws.color AS stage_color,\n                wt.name AS workflow_name,\n                u.first_name || ' ' || u.last_name AS created_by_name,\n                CASE WHEN po.planned_end_date < CURRENT_DATE AND po.status NOT IN ('completed','cancelled') THEN TRUE ELSE FALSE END AS is_delayed\n         FROM production_orders po\n         LEFT JOIN materials m ON po.product_material_id = m.id\n         LEFT JOIN customers c ON po.customer_id = c.id\n         LEFT JOIN workflow_stages ws ON po.current_stage_id = ws.id\n         LEFT JOIN workflow_templates wt ON po.workflow_template_id = wt.id\n         LEFT JOIN users u ON po.created_by = u.id\n         WHERE po.company_id = $1 AND po.deleted_at IS NULL\n         ORDER BY po.created_at DESC\n         LIMIT $2 OFFSET $3"}
2026-05-08 16:06:42 [ERROR]: Error: COALESCE types character varying and material_unit cannot be matched {"url":"/api/production?page=1&limit=20&search=&status=&priority=","method":"GET","userId":"cfc2c2df-0ca8-4f06-a42e-d98f24e0e562","companyId":"8cf84328-5d58-432e-b0c8-3c661d0344e7"}
error: COALESCE types character varying and material_unit cannot be matched
    at C:\Users\kajal\OneDrive\Desktop\subscription\backend\node_modules\pg-pool\index.js:45:11
    at process.processTicksAndRejections (node:internal/process/task_queues:105:5)
    at async query (C:\Users\kajal\OneDrive\Desktop\subscription\backend\src\config\database.js:110:17)
    at async Promise.all (index 0)
    at async getAll (C:\Users\kajal\OneDrive\Desktop\subscription\backend\src\controllers\production.controller.js:24:33)
2026-05-08 16:06:43 [WARN]: Slow query detected {"query":"SELECT COUNT(*) FROM production_orders po WHERE po.company_id = $1 AND po.deleted_at IS NULL","duration":"1289ms","rows":1}
2026-05-08 16:06:46 [ERROR]: Database query error COALESCE types character varying and material_unit cannot be matched {"query":"SELECT po.*, COALESCE(po.product_name, m.name) AS product_name,\n                m.code AS product_code, COALESCE(po.unit, m.unit) AS product_unit,\n                c.name AS customer_name, ws.name AS current_stage_name, ws.color AS stage_color,\n                wt.name AS workflow_name,\n                u.first_name || ' ' || u.last_name AS created_by_name,\n                CASE WHEN po.planned_end_date < CURRENT_DATE AND po.status NOT IN ('completed','cancelled') THEN TRUE ELSE FALSE END AS is_delayed\n         FROM production_orders po\n         LEFT JOIN materials m ON po.product_material_id = m.id\n         LEFT JOIN customers c ON po.customer_id = c.id\n         LEFT JOIN workflow_stages ws ON po.current_stage_id = ws.id\n         LEFT JOIN workflow_templates wt ON po.workflow_template_id = wt.id\n         LEFT JOIN users u ON po.created_by = u.id\n         WHERE po.company_id = $1 AND po.deleted_at IS NULL\n         ORDER BY po.created_at DESC\n         LIMIT $2 OFFSET $3"}
2026-05-08 16:06:46 [ERROR]: Error: COALESCE types character varying and material_unit cannot be matched {"url":"/api/production?page=1&limit=20&search=&status=&priority=","method":"GET","userId":"cfc2c2df-0ca8-4f06-a42e-d98f24e0e562","companyId":"8cf84328-5d58-432e-b0c8-3c661d0344e7"}
error: COALESCE types character varying and material_unit cannot be matched
    at C:\Users\kajal\OneDrive\Desktop\subscription\backend\node_modules\pg-pool\index.js:45:11
    at process.processTicksAndRejections (node:internal/process/task_queues:105:5)
    at async query (C:\Users\kajal\OneDrive\Desktop\subscription\backend\src\config\database.js:110:17)
    at async Promise.all (index 0)
    at async getAll (C:\Users\kajal\OneDrive\Desktop\subscription\backend\src\controllers\production.controller.js:24:33)
2026-05-08 16:06:46 [WARN]: Slow query detected {"query":"SELECT COUNT(*) FROM production_orders po WHERE po.company_id = $1 AND po.deleted_at IS NULL","duration":"2225ms","rows":1}
2026-05-08 16:07:20 [INFO]: SIGINT received. Shutting down gracefully...
2026-05-08 16:08:00 [INFO]: Database connected successfully at Fri May 08 2026 16:08:04 GMT+0530 (India Standard Time)
2026-05-08 16:08:00 [INFO]: ✅ Database connected
2026-05-08 16:08:00 [INFO]: ✅ Redis connected
2026-05-08 16:08:00 [INFO]: 🚀 ERP Server running on port 5000 in development mode
2026-05-08 16:08:00 [INFO]: 📊 API: http://localhost:5000/api
2026-05-08 16:08:00 [INFO]: 🔌 Socket.IO: ws://localhost:5000
2026-05-08 16:08:00 [INFO]: ❤️  Health: http://localhost:5000/health
2026-05-08 16:08:43 [WARN]: Slow query detected {"query":"SELECT COUNT(*) FROM production_orders po WHERE po.company_id = $1 AND po.deleted_at IS NULL","duration":"1254ms","rows":1}
2026-05-08 16:08:44 [ERROR]: Database query error COALESCE types character varying and material_unit cannot be matched {"query":"SELECT po.*, COALESCE(po.product_name, m.name) AS product_name,\n                m.code AS product_code, COALESCE(po.unit, m.unit) AS product_unit,\n                c.name AS customer_name, ws.name AS current_stage_name, ws.color AS stage_color,\n                wt.name AS workflow_name,\n                u.first_name || ' ' || u.last_name AS created_by_name,\n                CASE WHEN po.planned_end_date < CURRENT_DATE AND po.status NOT IN ('completed','cancelled') THEN TRUE ELSE FALSE END AS is_delayed\n         FROM production_orders po\n         LEFT JOIN materials m ON po.product_material_id = m.id\n         LEFT JOIN customers c ON po.customer_id = c.id\n         LEFT JOIN workflow_stages ws ON po.current_stage_id = ws.id\n         LEFT JOIN workflow_templates wt ON po.workflow_template_id = wt.id\n         LEFT JOIN users u ON po.created_by = u.id\n         WHERE po.company_id = $1 AND po.deleted_at IS NULL\n         ORDER BY po.created_at DESC\n         LIMIT $2 OFFSET $3"}
2026-05-08 16:08:44 [ERROR]: Error: COALESCE types character varying and material_unit cannot be matched {"url":"/api/production?page=1&limit=20&search=&status=&priority=","method":"GET","userId":"cfc2c2df-0ca8-4f06-a42e-d98f24e0e562","companyId":"8cf84328-5d58-432e-b0c8-3c661d0344e7"}
error: COALESCE types character varying and material_unit cannot be matched
    at C:\Users\kajal\OneDrive\Desktop\subscription\backend\node_modules\pg-pool\index.js:45:11
    at process.processTicksAndRejections (node:internal/process/task_queues:105:5)
    at async query (C:\Users\kajal\OneDrive\Desktop\subscription\backend\src\config\database.js:110:17)
    at async Promise.all (index 0)
    at async getAll (C:\Users\kajal\OneDrive\Desktop\subscription\backend\src\controllers\production.controller.js:24:33)
2026-05-08 16:08:45 [ERROR]: Database query error COALESCE types character varying and material_unit cannot be matched {"query":"SELECT po.*, COALESCE(po.product_name, m.name) AS product_name,\n                m.code AS product_code, COALESCE(po.unit, m.unit) AS product_unit,\n                c.name AS customer_name, ws.name AS current_stage_name, ws.color AS stage_color,\n                wt.name AS workflow_name,\n                u.first_name || ' ' || u.last_name AS created_by_name,\n                CASE WHEN po.planned_end_date < CURRENT_DATE AND po.status NOT IN ('completed','cancelled') THEN TRUE ELSE FALSE END AS is_delayed\n         FROM production_orders po\n         LEFT JOIN materials m ON po.product_material_id = m.id\n         LEFT JOIN customers c ON po.customer_id = c.id\n         LEFT JOIN workflow_stages ws ON po.current_stage_id = ws.id\n         LEFT JOIN workflow_templates wt ON po.workflow_template_id = wt.id\n         LEFT JOIN users u ON po.created_by = u.id\n         WHERE po.company_id = $1 AND po.deleted_at IS NULL\n         ORDER BY po.created_at DESC\n         LIMIT $2 OFFSET $3"}
2026-05-08 16:08:45 [ERROR]: Error: COALESCE types character varying and material_unit cannot be matched {"url":"/api/production?page=1&limit=20&search=&status=&priority=","method":"GET","userId":"cfc2c2df-0ca8-4f06-a42e-d98f24e0e562","companyId":"8cf84328-5d58-432e-b0c8-3c661d0344e7"}
error: COALESCE types character varying and material_unit cannot be matched
    at C:\Users\kajal\OneDrive\Desktop\subscription\backend\node_modules\pg-pool\index.js:45:11
    at process.processTicksAndRejections (node:internal/process/task_queues:105:5)
    at async query (C:\Users\kajal\OneDrive\Desktop\subscription\backend\src\config\database.js:110:17)
    at async Promise.all (index 0)
    at async getAll (C:\Users\kajal\OneDrive\Desktop\subscription\backend\src\controllers\production.controller.js:24:33)
2026-05-08 16:09:49 [INFO]: Database connected successfully at Fri May 08 2026 16:09:54 GMT+0530 (India Standard Time)
2026-05-08 16:09:49 [INFO]: ✅ Database connected
2026-05-08 16:09:49 [INFO]: ✅ Redis connected
2026-05-08 16:09:49 [INFO]: 🚀 ERP Server running on port 5000 in development mode
2026-05-08 16:09:49 [INFO]: 📊 API: http://localhost:5000/api
2026-05-08 16:09:49 [INFO]: 🔌 Socket.IO: ws://localhost:5000
2026-05-08 16:09:49 [INFO]: ❤️  Health: http://localhost:5000/health
2026-05-08 16:13:23 [WARN]: Slow query detected {"query":"SELECT COUNT(*) FROM production_orders po WHERE po.company_id = $1 AND po.deleted_at IS NULL","duration":"1422ms","rows":1}
2026-05-08 16:14:07 [WARN]: Slow query detected {"query":"SELECT pm.*, m.name AS material_name, m.code AS material_code, m.unit\n         FROM production_materials pm\n         JOIN materials m ON pm.material_id = m.id\n         WHERE pm.production_order_id = $1","duration":"1448ms","rows":1}
2026-05-08 16:14:07 [WARN]: Slow query detected {"query":"SELECT psr.id, psr.created_at, psr.reason, psr.from_stage_id, psr.to_stage_id,\n                ws_from.name AS from_stage_name, ws_to.name AS to_stage_name,\n                u.first_name || ' ' || u.last_name AS reverted_by_name\n         FROM production_stage_reverts psr\n         JOIN workflow_stages ws_from ON psr.from_stage_id = ws_from.id\n         JOIN workflow_stages ws_to   ON psr.to_stage_id   = ws_to.id\n         LEFT JOIN users u ON psr.reverted_by = u.id\n         WHERE psr.production_order_id = $1\n         ORDER BY psr.created_at DESC","duration":"1452ms","rows":0}
2026-05-08 16:30:24 [ERROR]: Error: jwt expired {"url":"/api/notifications/unread-count","method":"GET"}
TokenExpiredError: jwt expired
    at C:\Users\kajal\OneDrive\Desktop\subscription\backend\node_modules\jsonwebtoken\verify.js:190:21
    at getSecret (C:\Users\kajal\OneDrive\Desktop\subscription\backend\node_modules\jsonwebtoken\verify.js:97:14)
    at module.exports [as verify] (C:\Users\kajal\OneDrive\Desktop\subscription\backend\node_modules\jsonwebtoken\verify.js:101:10)
    at authenticate (C:\Users\kajal\OneDrive\Desktop\subscription\backend\src\middleware\auth.js:14:25)
    at newFn (C:\Users\kajal\OneDrive\Desktop\subscription\backend\node_modules\express-async-errors\index.js:16:20)
    at Layer.handle [as handle_request] (C:\Users\kajal\OneDrive\Desktop\subscription\backend\node_modules\express\lib\router\layer.js:95:5)
    at trim_prefix (C:\Users\kajal\OneDrive\Desktop\subscription\backend\node_modules\express\lib\router\index.js:328:13)
    at C:\Users\kajal\OneDrive\Desktop\subscription\backend\node_modules\express\lib\router\index.js:286:9
    at Function.process_params (C:\Users\kajal\OneDrive\Desktop\subscription\backend\node_modules\express\lib\router\index.js:346:12)
    at next (C:\Users\kajal\OneDrive\Desktop\subscription\backend\node_modules\express\lib\router\index.js:280:10)
2026-05-08 16:35:16 [WARN]: Slow query detected {"query":"SELECT pm.*, m.name AS material_name, m.code AS material_code, m.unit\n         FROM production_materials pm\n         JOIN materials m ON pm.material_id = m.id\n         WHERE pm.production_order_id = $1","duration":"1320ms","rows":1}
2026-05-08 16:35:16 [WARN]: Slow query detected {"query":"SELECT psl.*, ws.name AS stage_name, ws.color AS stage_color, ws.sequence_order,\n                ws.is_qc_stage, ws.department,\n                psl.output_quantity AS produced_quantity,\n                u.first_name || ' ' || u.last_name AS operator_name\n         FROM production_stage_logs psl\n         JOIN workflow_stages ws ON psl.stage_id = ws.id\n         LEFT JOIN users u ON psl.operator_id = u.id\n         WHERE psl.production_order_id = $1\n         ORDER BY ws.sequence_order","duration":"1370ms","rows":6}
2026-05-08 16:35:16 [WARN]: Slow query detected {"query":"SELECT psr.id, psr.created_at, psr.reason, psr.from_stage_id, psr.to_stage_id,\n                ws_from.name AS from_stage_name, ws_to.name AS to_stage_name,\n                u.first_name || ' ' || u.last_name AS reverted_by_name\n         FROM production_stage_reverts psr\n         JOIN workflow_stages ws_from ON psr.from_stage_id = ws_from.id\n         JOIN workflow_stages ws_to   ON psr.to_stage_id   = ws_to.id\n         LEFT JOIN users u ON psr.reverted_by = u.id\n         WHERE psr.production_order_id = $1\n         ORDER BY psr.created_at DESC","duration":"1409ms","rows":0}
2026-05-08 16:35:47 [INFO]: Database connected successfully at Fri May 08 2026 16:35:52 GMT+0530 (India Standard Time)
2026-05-08 16:35:47 [INFO]: ✅ Database connected
2026-05-08 16:35:47 [INFO]: ✅ Redis connected
2026-05-08 16:35:47 [INFO]: 🚀 ERP Server running on port 5000 in development mode
2026-05-08 16:35:47 [INFO]: 📊 API: http://localhost:5000/api
2026-05-08 16:35:47 [INFO]: 🔌 Socket.IO: ws://localhost:5000
2026-05-08 16:35:48 [INFO]: ❤️  Health: http://localhost:5000/health
2026-05-08 16:35:53 [INFO]: Database connected successfully at Fri May 08 2026 16:35:57 GMT+0530 (India Standard Time)
2026-05-08 16:35:53 [INFO]: ✅ Database connected
2026-05-08 16:35:53 [INFO]: ✅ Redis connected
2026-05-08 16:35:53 [INFO]: 🚀 ERP Server running on port 5000 in development mode
2026-05-08 16:35:53 [INFO]: 📊 API: http://localhost:5000/api
2026-05-08 16:35:53 [INFO]: 🔌 Socket.IO: ws://localhost:5000
2026-05-08 16:35:53 [INFO]: ❤️  Health: http://localhost:5000/health
2026-05-08 16:36:37 [INFO]: Database connected successfully at Fri May 08 2026 16:36:41 GMT+0530 (India Standard Time)
2026-05-08 16:36:37 [INFO]: ✅ Database connected
2026-05-08 16:36:37 [INFO]: ✅ Redis connected
2026-05-08 16:36:37 [INFO]: 🚀 ERP Server running on port 5000 in development mode
2026-05-08 16:36:37 [INFO]: 📊 API: http://localhost:5000/api
2026-05-08 16:36:37 [INFO]: 🔌 Socket.IO: ws://localhost:5000
2026-05-08 16:36:37 [INFO]: ❤️  Health: http://localhost:5000/health
2026-05-08 16:36:43 [INFO]: Database connected successfully at Fri May 08 2026 16:36:47 GMT+0530 (India Standard Time)
2026-05-08 16:36:43 [INFO]: ✅ Database connected
2026-05-08 16:36:43 [INFO]: ✅ Redis connected
2026-05-08 16:36:43 [INFO]: 🚀 ERP Server running on port 5000 in development mode
2026-05-08 16:36:43 [INFO]: 📊 API: http://localhost:5000/api
2026-05-08 16:36:43 [INFO]: 🔌 Socket.IO: ws://localhost:5000
2026-05-08 16:36:43 [INFO]: ❤️  Health: http://localhost:5000/health
2026-05-08 16:37:31 [INFO]: Database connected successfully at Fri May 08 2026 16:37:35 GMT+0530 (India Standard Time)
2026-05-08 16:37:31 [INFO]: ✅ Database connected
2026-05-08 16:37:31 [INFO]: ✅ Redis connected
2026-05-08 16:37:31 [INFO]: 🚀 ERP Server running on port 5000 in development mode
2026-05-08 16:37:31 [INFO]: 📊 API: http://localhost:5000/api
2026-05-08 16:37:31 [INFO]: 🔌 Socket.IO: ws://localhost:5000
2026-05-08 16:37:31 [INFO]: ❤️  Health: http://localhost:5000/health
2026-05-08 16:37:42 [INFO]: Database connected successfully at Fri May 08 2026 16:37:46 GMT+0530 (India Standard Time)
2026-05-08 16:37:42 [INFO]: ✅ Database connected
2026-05-08 16:37:42 [INFO]: ✅ Redis connected
2026-05-08 16:37:42 [INFO]: 🚀 ERP Server running on port 5000 in development mode
2026-05-08 16:37:42 [INFO]: 📊 API: http://localhost:5000/api
2026-05-08 16:37:42 [INFO]: 🔌 Socket.IO: ws://localhost:5000
2026-05-08 16:37:42 [INFO]: ❤️  Health: http://localhost:5000/health
2026-05-08 16:37:51 [INFO]: Database connected successfully at Fri May 08 2026 16:37:56 GMT+0530 (India Standard Time)
2026-05-08 16:37:51 [INFO]: ✅ Database connected
2026-05-08 16:37:51 [INFO]: ✅ Redis connected
2026-05-08 16:37:51 [INFO]: 🚀 ERP Server running on port 5000 in development mode
2026-05-08 16:37:51 [INFO]: 📊 API: http://localhost:5000/api
2026-05-08 16:37:51 [INFO]: 🔌 Socket.IO: ws://localhost:5000
2026-05-08 16:37:51 [INFO]: ❤️  Health: http://localhost:5000/health
2026-05-08 16:38:08 [INFO]: Database connected successfully at Fri May 08 2026 16:38:12 GMT+0530 (India Standard Time)
2026-05-08 16:38:08 [INFO]: ✅ Database connected
2026-05-08 16:38:08 [INFO]: ✅ Redis connected
2026-05-08 16:38:08 [INFO]: 🚀 ERP Server running on port 5000 in development mode
2026-05-08 16:38:08 [INFO]: 📊 API: http://localhost:5000/api
2026-05-08 16:38:08 [INFO]: 🔌 Socket.IO: ws://localhost:5000
2026-05-08 16:38:08 [INFO]: ❤️  Health: http://localhost:5000/health
2026-05-08 16:38:12 [INFO]: Database connected successfully at Fri May 08 2026 16:38:17 GMT+0530 (India Standard Time)
2026-05-08 16:38:12 [INFO]: ✅ Database connected
2026-05-08 16:38:12 [INFO]: ✅ Redis connected
2026-05-08 16:38:12 [INFO]: 🚀 ERP Server running on port 5000 in development mode
2026-05-08 16:38:12 [INFO]: 📊 API: http://localhost:5000/api
2026-05-08 16:38:12 [INFO]: 🔌 Socket.IO: ws://localhost:5000
2026-05-08 16:38:12 [INFO]: ❤️  Health: http://localhost:5000/health
2026-05-08 16:43:28 [WARN]: Slow query detected {"query":"SELECT psr.id, psr.created_at, psr.reason, psr.from_stage_id, psr.to_stage_id,\n                ws_from.name AS from_stage_name, ws_to.name AS to_stage_name,\n                u.first_name || ' ' || u.last_name AS reverted_by_name\n         FROM production_stage_reverts psr\n         JOIN workflow_stages ws_from ON psr.from_stage_id = ws_from.id\n         JOIN workflow_stages ws_to   ON psr.to_stage_id   = ws_to.id\n         LEFT JOIN users u ON psr.reverted_by = u.id\n         WHERE psr.production_order_id = $1\n         ORDER BY psr.created_at DESC","duration":"1277ms","rows":0}
2026-05-08 16:43:28 [WARN]: Slow query detected {"query":"SELECT pm.*, m.name AS material_name, m.code AS material_code, m.unit\n         FROM production_materials pm\n         JOIN materials m ON pm.material_id = m.id\n         WHERE pm.production_order_id = $1","duration":"1282ms","rows":1}
2026-05-08 16:43:28 [WARN]: Slow query detected {"query":"SELECT psl.*, ws.name AS stage_name, ws.color AS stage_color, ws.sequence_order,\n                ws.is_qc_stage, ws.department,\n                psl.output_quantity AS produced_quantity,\n                u.first_name || ' ' || u.last_name AS operator_name\n         FROM production_stage_logs psl\n         JOIN workflow_stages ws ON psl.stage_id = ws.id\n         LEFT JOIN users u ON psl.operator_id = u.id\n         WHERE psl.production_order_id = $1\n         ORDER BY ws.sequence_order","duration":"1295ms","rows":6}
2026-05-08 16:47:22 [ERROR]: Error: jwt expired {"url":"/api/notifications/unread-count","method":"GET"}
TokenExpiredError: jwt expired
    at C:\Users\kajal\OneDrive\Desktop\subscription\backend\node_modules\jsonwebtoken\verify.js:190:21
    at getSecret (C:\Users\kajal\OneDrive\Desktop\subscription\backend\node_modules\jsonwebtoken\verify.js:97:14)
    at module.exports [as verify] (C:\Users\kajal\OneDrive\Desktop\subscription\backend\node_modules\jsonwebtoken\verify.js:101:10)
    at authenticate (C:\Users\kajal\OneDrive\Desktop\subscription\backend\src\middleware\auth.js:14:25)
    at newFn (C:\Users\kajal\OneDrive\Desktop\subscription\backend\node_modules\express-async-errors\index.js:16:20)
    at Layer.handle [as handle_request] (C:\Users\kajal\OneDrive\Desktop\subscription\backend\node_modules\express\lib\router\layer.js:95:5)
    at trim_prefix (C:\Users\kajal\OneDrive\Desktop\subscription\backend\node_modules\express\lib\router\index.js:328:13)
    at C:\Users\kajal\OneDrive\Desktop\subscription\backend\node_modules\express\lib\router\index.js:286:9
    at Function.process_params (C:\Users\kajal\OneDrive\Desktop\subscription\backend\node_modules\express\lib\router\index.js:346:12)
    at next (C:\Users\kajal\OneDrive\Desktop\subscription\backend\node_modules\express\lib\router\index.js:280:10)
2026-05-08 16:48:23 [WARN]: Slow query detected {"query":"SELECT name, department, notify_on_complete FROM workflow_stages WHERE id = $1","duration":"1290ms","rows":1}
2026-05-08 16:48:23 [WARN]: Slow query detected {"query":"SELECT pm.*, m.name AS material_name, m.code AS material_code, m.unit\n         FROM production_materials pm\n         JOIN materials m ON pm.material_id = m.id\n         WHERE pm.production_order_id = $1","duration":"1276ms","rows":1}
2026-05-08 16:48:23 [WARN]: Slow query detected {"query":"SELECT psl.*, ws.name AS stage_name, ws.color AS stage_color, ws.sequence_order,\n                ws.is_qc_stage, ws.department,\n                psl.output_quantity AS produced_quantity,\n                u.first_name || ' ' || u.last_name AS operator_name\n         FROM production_stage_logs psl\n         JOIN workflow_stages ws ON psl.stage_id = ws.id\n         LEFT JOIN users u ON psl.operator_id = u.id\n         WHERE psl.production_order_id = $1\n         ORDER BY ws.sequence_order","duration":"1325ms","rows":6}
2026-05-08 16:48:23 [WARN]: Slow query detected {"query":"SELECT psr.id, psr.created_at, psr.reason, psr.from_stage_id, psr.to_stage_id,\n                ws_from.name AS from_stage_name, ws_to.name AS to_stage_name,\n                u.first_name || ' ' || u.last_name AS reverted_by_name\n         FROM production_stage_reverts psr\n         JOIN workflow_stages ws_from ON psr.from_stage_id = ws_from.id\n         JOIN workflow_stages ws_to   ON psr.to_stage_id   = ws_to.id\n         LEFT JOIN users u ON psr.reverted_by = u.id\n         WHERE psr.production_order_id = $1\n         ORDER BY psr.created_at DESC","duration":"1358ms","rows":0}
2026-05-08 16:53:40 [INFO]: Database connected successfully at Fri May 08 2026 16:53:44 GMT+0530 (India Standard Time)
2026-05-08 16:53:40 [INFO]: ✅ Database connected
2026-05-08 16:53:40 [INFO]: ✅ Redis connected
2026-05-08 16:53:40 [INFO]: 🚀 ERP Server running on port 5000 in development mode
2026-05-08 16:53:40 [INFO]: 📊 API: http://localhost:5000/api
2026-05-08 16:53:40 [INFO]: 🔌 Socket.IO: ws://localhost:5000
2026-05-08 16:53:40 [INFO]: ❤️  Health: http://localhost:5000/health
2026-05-08 16:53:48 [INFO]: Database connected successfully at Fri May 08 2026 16:53:53 GMT+0530 (India Standard Time)
2026-05-08 16:53:48 [INFO]: ✅ Database connected
2026-05-08 16:53:48 [INFO]: ✅ Redis connected
2026-05-08 16:53:48 [INFO]: 🚀 ERP Server running on port 5000 in development mode
2026-05-08 16:53:48 [INFO]: 📊 API: http://localhost:5000/api
2026-05-08 16:53:48 [INFO]: 🔌 Socket.IO: ws://localhost:5000
2026-05-08 16:53:48 [INFO]: ❤️  Health: http://localhost:5000/health
2026-05-08 16:53:56 [INFO]: Database connected successfully at Fri May 08 2026 16:54:01 GMT+0530 (India Standard Time)
2026-05-08 16:53:56 [INFO]: ✅ Database connected
2026-05-08 16:53:56 [INFO]: ✅ Redis connected
2026-05-08 16:53:56 [INFO]: 🚀 ERP Server running on port 5000 in development mode
2026-05-08 16:53:56 [INFO]: 📊 API: http://localhost:5000/api
2026-05-08 16:53:56 [INFO]: 🔌 Socket.IO: ws://localhost:5000
2026-05-08 16:53:56 [INFO]: ❤️  Health: http://localhost:5000/health
2026-05-08 16:54:15 [INFO]: Database connected successfully at Fri May 08 2026 16:54:20 GMT+0530 (India Standard Time)
2026-05-08 16:54:15 [INFO]: ✅ Database connected
2026-05-08 16:54:15 [INFO]: ✅ Redis connected
2026-05-08 16:54:15 [INFO]: 🚀 ERP Server running on port 5000 in development mode
2026-05-08 16:54:15 [INFO]: 📊 API: http://localhost:5000/api
2026-05-08 16:54:15 [INFO]: 🔌 Socket.IO: ws://localhost:5000
2026-05-08 16:54:15 [INFO]: ❤️  Health: http://localhost:5000/health
2026-05-08 16:54:24 [INFO]: Database connected successfully at Fri May 08 2026 16:54:29 GMT+0530 (India Standard Time)
2026-05-08 16:54:24 [INFO]: ✅ Database connected
2026-05-08 16:54:24 [INFO]: ✅ Redis connected
2026-05-08 16:54:24 [INFO]: 🚀 ERP Server running on port 5000 in development mode
2026-05-08 16:54:24 [INFO]: 📊 API: http://localhost:5000/api
2026-05-08 16:54:24 [INFO]: 🔌 Socket.IO: ws://localhost:5000
2026-05-08 16:54:24 [INFO]: ❤️  Health: http://localhost:5000/health
2026-05-08 16:56:46 [WARN]: Slow query detected {"query":"SELECT psl.*, ws.name AS stage_name, ws.color AS stage_color, ws.sequence_order,\n                ws.is_qc_stage, ws.department,\n                psl.output_quantity AS produced_quantity,\n                u.first_name || ' ' || u.last_name AS operator_name,\n                cb.first_name || ' ' || cb.last_name AS completed_by_name\n         FROM production_stage_logs psl\n         JOIN workflow_stages ws ON psl.stage_id = ws.id\n         LEFT JOIN users u  ON psl.operator_id  = u.id\n         LEFT JOIN users cb ON psl.completed_by = cb.id\n         WHERE psl.production_order_id = $1\n         ORDER BY ws.sequence_order","duration":"1300ms","rows":6}
2026-05-08 16:56:46 [WARN]: Slow query detected {"query":"SELECT pm.*,\n                m.name AS material_name, m.code AS material_code,\n                m.unit::text AS unit, m.current_stock, m.reserved_stock,\n                COALESCE(pm.actual_quantity, 0) AS actual_quantity,\n                COALESCE(pm.variance_quantity, 0) AS variance_quantity,\n                COALESCE(pm.wastage_quantity, 0)  AS wastage_quantity,\n                -- remaining = planned - actual (0 when complete)\n                GREATEST(0, pm.planned_quantity - COALESCE(pm.actual_quantity, 0)) AS remaining_quantity\n         FROM production_materials pm\n         JOIN materials m ON pm.material_id = m.id\n         WHERE pm.production_order_id = $1\n         ORDER BY pm.id","duration":"1426ms","rows":1}
2026-05-08 16:56:47 [WARN]: Slow query detected {"query":"SELECT psr.id, psr.created_at, psr.reason, psr.from_stage_id, psr.to_stage_id,\n                ws_from.name AS from_stage_name, ws_to.name AS to_stage_name,\n                u.first_name || ' ' || u.last_name AS reverted_by_name\n         FROM production_stage_reverts psr\n         JOIN workflow_stages ws_from ON psr.from_stage_id = ws_from.id\n         JOIN workflow_stages ws_to   ON psr.to_stage_id   = ws_to.id\n         LEFT JOIN users u ON psr.reverted_by = u.id\n         WHERE psr.production_order_id = $1\n         ORDER BY psr.created_at DESC","duration":"1494ms","rows":0}
2026-05-08 17:02:45 [ERROR]: Error: jwt expired {"url":"/api/notifications/unread-count","method":"GET"}
TokenExpiredError: jwt expired
    at C:\Users\kajal\OneDrive\Desktop\subscription\backend\node_modules\jsonwebtoken\verify.js:190:21
    at getSecret (C:\Users\kajal\OneDrive\Desktop\subscription\backend\node_modules\jsonwebtoken\verify.js:97:14)
    at module.exports [as verify] (C:\Users\kajal\OneDrive\Desktop\subscription\backend\node_modules\jsonwebtoken\verify.js:101:10)
    at authenticate (C:\Users\kajal\OneDrive\Desktop\subscription\backend\src\middleware\auth.js:14:25)
    at newFn (C:\Users\kajal\OneDrive\Desktop\subscription\backend\node_modules\express-async-errors\index.js:16:20)
    at Layer.handle [as handle_request] (C:\Users\kajal\OneDrive\Desktop\subscription\backend\node_modules\express\lib\router\layer.js:95:5)
    at trim_prefix (C:\Users\kajal\OneDrive\Desktop\subscription\backend\node_modules\express\lib\router\index.js:328:13)
    at C:\Users\kajal\OneDrive\Desktop\subscription\backend\node_modules\express\lib\router\index.js:286:9
    at Function.process_params (C:\Users\kajal\OneDrive\Desktop\subscription\backend\node_modules\express\lib\router\index.js:346:12)
    at next (C:\Users\kajal\OneDrive\Desktop\subscription\backend\node_modules\express\lib\router\index.js:280:10)
2026-05-08 17:05:52 [WARN]: Slow query detected {"query":"SELECT COUNT(*) FROM products p WHERE p.company_id = $1 AND p.deleted_at IS NULL","duration":"1273ms","rows":1}
2026-05-08 17:06:11 [WARN]: Slow query detected {"query":"SELECT COUNT(*) AS total_materials,\n           COALESCE(SUM(current_stock * purchase_rate), 0) AS stock_value,\n           COUNT(*) FILTER (WHERE current_stock <= minimum_stock) AS low_stock_count,\n           COUNT(*) FILTER (WHERE current_stock = 0) AS out_of_stock\n         FROM materials WHERE company_id = $1 AND is_active = TRUE AND deleted_at IS NULL","duration":"1271ms","rows":1}
2026-05-08 17:06:11 [WARN]: Slow query detected {"query":"SELECT COUNT(*) AS total,\n           COUNT(*) FILTER (WHERE status = 'dispatched') AS in_transit,\n           COUNT(*) FILTER (WHERE status = 'delivered') AS delivered,\n           COUNT(*) FILTER (WHERE expected_delivery_date < CURRENT_DATE AND status NOT IN ('delivered','returned')) AS delayed\n         FROM dispatches WHERE company_id = $1 AND deleted_at IS NULL\n         AND created_at >= NOW() - INTERVAL '30 days'","duration":"1296ms","rows":1}
2026-05-08 17:06:11 [WARN]: Slow query detected {"query":"SELECT COALESCE(SUM(net_amount), 0) AS total_revenue,\n           COALESCE(SUM(net_amount) FILTER (WHERE payment_status = 'paid'), 0) AS paid_revenue,\n           COALESCE(SUM(balance_amount) FILTER (WHERE payment_status != 'paid'), 0) AS pending_revenue,\n           COUNT(*) AS total_invoices\n         FROM invoices WHERE company_id = $1 AND deleted_at IS NULL\n         AND invoice_date >= NOW() - INTERVAL '30 days'","duration":"1322ms","rows":1}
2026-05-08 17:07:33 [WARN]: Slow query detected {"query":"SELECT COUNT(*) FROM materials m WHERE m.company_id = $1 AND m.deleted_at IS NULL","duration":"1300ms","rows":1}
2026-05-08 17:09:06 [WARN]: Slow query detected {"query":"SELECT COUNT(*) FROM materials m WHERE m.company_id = $1 AND m.deleted_at IS NULL","duration":"1305ms","rows":1}
2026-05-08 17:10:25 [WARN]: Slow query detected {"query":"SELECT * FROM suppliers WHERE company_id = $1 AND deleted_at IS NULL ORDER BY name LIMIT $2 OFFSET $3","duration":"1281ms","rows":3}
2026-05-08 17:10:25 [WARN]: Slow query detected {"query":"SELECT COUNT(*) FROM suppliers WHERE company_id = $1 AND deleted_at IS NULL","duration":"1301ms","rows":1}
2026-05-08 17:17:49 [ERROR]: Error: jwt expired {"url":"/api/notifications/unread-count","method":"GET"}
TokenExpiredError: jwt expired
    at C:\Users\kajal\OneDrive\Desktop\subscription\backend\node_modules\jsonwebtoken\verify.js:190:21
    at getSecret (C:\Users\kajal\OneDrive\Desktop\subscription\backend\node_modules\jsonwebtoken\verify.js:97:14)
    at module.exports [as verify] (C:\Users\kajal\OneDrive\Desktop\subscription\backend\node_modules\jsonwebtoken\verify.js:101:10)
    at authenticate (C:\Users\kajal\OneDrive\Desktop\subscription\backend\src\middleware\auth.js:14:25)
    at newFn (C:\Users\kajal\OneDrive\Desktop\subscription\backend\node_modules\express-async-errors\index.js:16:20)
    at Layer.handle [as handle_request] (C:\Users\kajal\OneDrive\Desktop\subscription\backend\node_modules\express\lib\router\layer.js:95:5)
    at trim_prefix (C:\Users\kajal\OneDrive\Desktop\subscription\backend\node_modules\express\lib\router\index.js:328:13)
    at C:\Users\kajal\OneDrive\Desktop\subscription\backend\node_modules\express\lib\router\index.js:286:9
    at Function.process_params (C:\Users\kajal\OneDrive\Desktop\subscription\backend\node_modules\express\lib\router\index.js:346:12)
    at next (C:\Users\kajal\OneDrive\Desktop\subscription\backend\node_modules\express\lib\router\index.js:280:10)
2026-05-08 17:21:04 [WARN]: Slow query detected {"query":"SELECT COUNT(*) FROM materials m WHERE m.company_id = $1 AND m.deleted_at IS NULL","duration":"1554ms","rows":1}
2026-05-08 17:21:13 [WARN]: Slow query detected {"query":"SELECT COUNT(*) FROM materials m WHERE m.company_id = $1 AND m.deleted_at IS NULL","duration":"1404ms","rows":1}
2026-05-08 17:27:58 [WARN]: Slow query detected {"query":"SELECT COUNT(*) FROM stock_transactions WHERE material_id = $1 AND company_id = $2","duration":"1825ms","rows":1}
2026-05-08 17:30:56 [WARN]: Slow query detected {"query":"SELECT COUNT(*) FROM notifications WHERE user_id = $1 AND company_id = $2 AND is_read = FALSE","duration":"1417ms","rows":1}
2026-05-08 17:31:16 [WARN]: Slow query detected {"query":"SELECT COUNT(*) FROM customers WHERE company_id = $1 AND deleted_at IS NULL","duration":"2639ms","rows":1}
2026-05-08 17:31:16 [WARN]: Slow query detected {"query":"SELECT * FROM customers WHERE company_id = $1 AND deleted_at IS NULL ORDER BY name LIMIT $2 OFFSET $3","duration":"2642ms","rows":0}
2026-05-08 17:31:16 [WARN]: Slow query detected {"query":"SELECT wt.*, COUNT(ws.id) AS stage_count\n       FROM workflow_templates wt\n       LEFT JOIN workflow_stages ws ON ws.template_id = wt.id AND ws.is_active = TRUE\n       WHERE wt.company_id = $1 AND wt.is_active = TRUE\n       GROUP BY wt.id ORDER BY wt.created_at DESC","duration":"2649ms","rows":2}
2026-05-08 17:32:31 [WARN]: Slow query detected {"query":"SELECT b.*,\n                json_agg(\n                  json_build_object(\n                    'id', bi.id,\n                    'material_id', bi.material_id,\n                    'material_name', m.name,\n                    'material_code', m.code,\n                    'material_unit', m.unit::text,\n                    'quantity_per_unit', bi.quantity_per_unit,\n                    'unit', bi.unit,\n                    'waste_percentage', bi.waste_percentage,\n                    'sequence_order', bi.sequence_order,\n                    'notes', bi.notes,\n                    'current_stock', m.current_stock\n                  ) ORDER BY bi.sequence_order\n                ) FILTER (WHERE bi.id IS NOT NULL) AS items\n         FROM bill_of_materials b\n         LEFT JOIN bom_items bi ON bi.bom_id = b.id\n         LEFT JOIN materials m ON m.id = bi.material_id\n         WHERE b.product_id = $1 AND b.is_active = TRUE\n         GROUP BY b.id","duration":"2357ms","rows":1}
2026-05-08 17:32:56 [ERROR]: Error: jwt expired {"url":"/api/notifications/unread-count","method":"GET"}
TokenExpiredError: jwt expired
    at C:\Users\kajal\OneDrive\Desktop\subscription\backend\node_modules\jsonwebtoken\verify.js:190:21
    at getSecret (C:\Users\kajal\OneDrive\Desktop\subscription\backend\node_modules\jsonwebtoken\verify.js:97:14)
    at module.exports [as verify] (C:\Users\kajal\OneDrive\Desktop\subscription\backend\node_modules\jsonwebtoken\verify.js:101:10)
    at authenticate (C:\Users\kajal\OneDrive\Desktop\subscription\backend\src\middleware\auth.js:14:25)
    at newFn (C:\Users\kajal\OneDrive\Desktop\subscription\backend\node_modules\express-async-errors\index.js:16:20)
    at Layer.handle [as handle_request] (C:\Users\kajal\OneDrive\Desktop\subscription\backend\node_modules\express\lib\router\layer.js:95:5)
    at trim_prefix (C:\Users\kajal\OneDrive\Desktop\subscription\backend\node_modules\express\lib\router\index.js:328:13)
    at C:\Users\kajal\OneDrive\Desktop\subscription\backend\node_modules\express\lib\router\index.js:286:9
    at Function.process_params (C:\Users\kajal\OneDrive\Desktop\subscription\backend\node_modules\express\lib\router\index.js:346:12)
    at next (C:\Users\kajal\OneDrive\Desktop\subscription\backend\node_modules\express\lib\router\index.js:280:10)
2026-05-08 17:34:31 [WARN]: Slow query detected {"query":"SELECT COUNT(*) FROM products p WHERE p.company_id = $1 AND p.deleted_at IS NULL","duration":"2176ms","rows":1}
2026-05-08 17:35:22 [WARN]: Slow query detected {"query":"SELECT COUNT(*) FROM materials m WHERE m.company_id = $1 AND m.deleted_at IS NULL","duration":"1881ms","rows":1}
2026-05-08 17:36:00 [WARN]: Slow query detected {"query":"SELECT COUNT(*) FROM customers WHERE company_id = $1 AND deleted_at IS NULL","duration":"2221ms","rows":1}
2026-05-08 17:37:05 [WARN]: Slow query detected {"query":"SELECT psl.*, ws.name AS stage_name, ws.color AS stage_color, ws.sequence_order,\n                ws.is_qc_stage, ws.department,\n                psl.output_quantity AS produced_quantity,\n                u.first_name || ' ' || u.last_name AS operator_name,\n                cb.first_name || ' ' || cb.last_name AS completed_by_name\n         FROM production_stage_logs psl\n         JOIN workflow_stages ws ON psl.stage_id = ws.id\n         LEFT JOIN users u  ON psl.operator_id  = u.id\n         LEFT JOIN users cb ON psl.completed_by = cb.id\n         WHERE psl.production_order_id = $1\n         ORDER BY ws.sequence_order","duration":"1830ms","rows":6}
2026-05-08 17:37:05 [WARN]: Slow query detected {"query":"SELECT pm.*,\n                m.name AS material_name, m.code AS material_code,\n                m.unit::text AS unit, m.current_stock, m.reserved_stock,\n                COALESCE(pm.actual_quantity, 0) AS actual_quantity,\n                COALESCE(pm.variance_quantity, 0) AS variance_quantity,\n                COALESCE(pm.wastage_quantity, 0)  AS wastage_quantity,\n                -- remaining = planned - actual (0 when complete)\n                GREATEST(0, pm.planned_quantity - COALESCE(pm.actual_quantity, 0)) AS remaining_quantity\n         FROM production_materials pm\n         JOIN materials m ON pm.material_id = m.id\n         WHERE pm.production_order_id = $1\n         ORDER BY pm.id","duration":"1832ms","rows":1}
2026-05-08 17:37:05 [WARN]: Slow query detected {"query":"SELECT psr.id, psr.created_at, psr.reason, psr.from_stage_id, psr.to_stage_id,\n                ws_from.name AS from_stage_name, ws_to.name AS to_stage_name,\n                u.first_name || ' ' || u.last_name AS reverted_by_name\n         FROM production_stage_reverts psr\n         JOIN workflow_stages ws_from ON psr.from_stage_id = ws_from.id\n         JOIN workflow_stages ws_to   ON psr.to_stage_id   = ws_to.id\n         LEFT JOIN users u ON psr.reverted_by = u.id\n         WHERE psr.production_order_id = $1\n         ORDER BY psr.created_at DESC","duration":"1964ms","rows":0}
2026-05-08 17:37:59 [ERROR]: Transaction failed:
2026-05-08 17:37:59 [ERROR]: Error: inconsistent types deduced for parameter $1 {"url":"/api/production/30b86c10-91ae-40e6-970d-69f531e38006/stage","method":"PUT","userId":"cfc2c2df-0ca8-4f06-a42e-d98f24e0e562","companyId":"8cf84328-5d58-432e-b0c8-3c661d0344e7"}
error: inconsistent types deduced for parameter $1
    at C:\Users\kajal\OneDrive\Desktop\subscription\backend\node_modules\pg\lib\client.js:631:17
    at process.processTicksAndRejections (node:internal/process/task_queues:105:5)
    at async C:\Users\kajal\OneDrive\Desktop\subscription\backend\src\controllers\production.controller.js:305:7
    at async transaction (C:\Users\kajal\OneDrive\Desktop\subscription\backend\src\config\database.js:139:20)
    at async updateStage (C:\Users\kajal\OneDrive\Desktop\subscription\backend\src\controllers\production.controller.js:300:5)
2026-05-08 17:38:06 [ERROR]: Transaction failed:
2026-05-08 17:38:06 [ERROR]: Error: inconsistent types deduced for parameter $1 {"url":"/api/production/30b86c10-91ae-40e6-970d-69f531e38006/stage","method":"PUT","userId":"cfc2c2df-0ca8-4f06-a42e-d98f24e0e562","companyId":"8cf84328-5d58-432e-b0c8-3c661d0344e7"}
error: inconsistent types deduced for parameter $1
    at C:\Users\kajal\OneDrive\Desktop\subscription\backend\node_modules\pg\lib\client.js:631:17
    at process.processTicksAndRejections (node:internal/process/task_queues:105:5)
    at async C:\Users\kajal\OneDrive\Desktop\subscription\backend\src\controllers\production.controller.js:305:7
    at async transaction (C:\Users\kajal\OneDrive\Desktop\subscription\backend\src\config\database.js:139:20)
    at async updateStage (C:\Users\kajal\OneDrive\Desktop\subscription\backend\src\controllers\production.controller.js:300:5)
2026-05-08 17:38:08 [ERROR]: Transaction failed:
2026-05-08 17:38:08 [ERROR]: Error: inconsistent types deduced for parameter $1 {"url":"/api/production/30b86c10-91ae-40e6-970d-69f531e38006/stage","method":"PUT","userId":"cfc2c2df-0ca8-4f06-a42e-d98f24e0e562","companyId":"8cf84328-5d58-432e-b0c8-3c661d0344e7"}
error: inconsistent types deduced for parameter $1
    at C:\Users\kajal\OneDrive\Desktop\subscription\backend\node_modules\pg\lib\client.js:631:17
    at process.processTicksAndRejections (node:internal/process/task_queues:105:5)
    at async C:\Users\kajal\OneDrive\Desktop\subscription\backend\src\controllers\production.controller.js:305:7
    at async transaction (C:\Users\kajal\OneDrive\Desktop\subscription\backend\src\config\database.js:139:20)
    at async updateStage (C:\Users\kajal\OneDrive\Desktop\subscription\backend\src\controllers\production.controller.js:300:5)
2026-05-08 17:38:16 [ERROR]: Transaction failed:
2026-05-08 17:38:16 [ERROR]: Error: inconsistent types deduced for parameter $1 {"url":"/api/production/30b86c10-91ae-40e6-970d-69f531e38006/stage","method":"PUT","userId":"cfc2c2df-0ca8-4f06-a42e-d98f24e0e562","companyId":"8cf84328-5d58-432e-b0c8-3c661d0344e7"}
error: inconsistent types deduced for parameter $1
    at C:\Users\kajal\OneDrive\Desktop\subscription\backend\node_modules\pg\lib\client.js:631:17
    at process.processTicksAndRejections (node:internal/process/task_queues:105:5)
    at async C:\Users\kajal\OneDrive\Desktop\subscription\backend\src\controllers\production.controller.js:305:7
    at async transaction (C:\Users\kajal\OneDrive\Desktop\subscription\backend\src\config\database.js:139:20)
    at async updateStage (C:\Users\kajal\OneDrive\Desktop\subscription\backend\src\controllers\production.controller.js:300:5)
2026-05-08 17:38:50 [WARN]: Slow query detected {"query":"SELECT COUNT(*) FROM production_orders po WHERE po.company_id = $1 AND po.deleted_at IS NULL AND po.priority = $2","duration":"1303ms","rows":1}
2026-05-08 17:39:45 [WARN]: Slow query detected {"query":"SELECT psr.id, psr.created_at, psr.reason, psr.from_stage_id, psr.to_stage_id,\n                ws_from.name AS from_stage_name, ws_to.name AS to_stage_name,\n                u.first_name || ' ' || u.last_name AS reverted_by_name\n         FROM production_stage_reverts psr\n         JOIN workflow_stages ws_from ON psr.from_stage_id = ws_from.id\n         JOIN workflow_stages ws_to   ON psr.to_stage_id   = ws_to.id\n         LEFT JOIN users u ON psr.reverted_by = u.id\n         WHERE psr.production_order_id = $1\n         ORDER BY psr.created_at DESC","duration":"1458ms","rows":0}
2026-05-08 17:39:45 [WARN]: Slow query detected {"query":"SELECT pm.*,\n                m.name AS material_name, m.code AS material_code,\n                m.unit::text AS unit, m.current_stock, m.reserved_stock,\n                COALESCE(pm.actual_quantity, 0) AS actual_quantity,\n                COALESCE(pm.variance_quantity, 0) AS variance_quantity,\n                COALESCE(pm.wastage_quantity, 0)  AS wastage_quantity,\n                -- remaining = planned - actual (0 when complete)\n                GREATEST(0, pm.planned_quantity - COALESCE(pm.actual_quantity, 0)) AS remaining_quantity\n         FROM production_materials pm\n         JOIN materials m ON pm.material_id = m.id\n         WHERE pm.production_order_id = $1\n         ORDER BY pm.id","duration":"1459ms","rows":3}
2026-05-08 17:39:50 [ERROR]: Transaction failed:
2026-05-08 17:39:50 [ERROR]: Error: inconsistent types deduced for parameter $1 {"url":"/api/production/355edb67-c4c9-452c-af5a-39aa669f5c90/stage","method":"PUT","userId":"cfc2c2df-0ca8-4f06-a42e-d98f24e0e562","companyId":"8cf84328-5d58-432e-b0c8-3c661d0344e7"}
error: inconsistent types deduced for parameter $1
    at C:\Users\kajal\OneDrive\Desktop\subscription\backend\node_modules\pg\lib\client.js:631:17
    at process.processTicksAndRejections (node:internal/process/task_queues:105:5)
    at async C:\Users\kajal\OneDrive\Desktop\subscription\backend\src\controllers\production.controller.js:305:7
    at async transaction (C:\Users\kajal\OneDrive\Desktop\subscription\backend\src\config\database.js:139:20)
    at async updateStage (C:\Users\kajal\OneDrive\Desktop\subscription\backend\src\controllers\production.controller.js:300:5)
2026-05-08 17:40:11 [ERROR]: Transaction failed:
2026-05-08 17:40:11 [ERROR]: Error: inconsistent types deduced for parameter $1 {"url":"/api/production/355edb67-c4c9-452c-af5a-39aa669f5c90/stage","method":"PUT","userId":"cfc2c2df-0ca8-4f06-a42e-d98f24e0e562","companyId":"8cf84328-5d58-432e-b0c8-3c661d0344e7"}
error: inconsistent types deduced for parameter $1
    at C:\Users\kajal\OneDrive\Desktop\subscription\backend\node_modules\pg\lib\client.js:631:17
    at process.processTicksAndRejections (node:internal/process/task_queues:105:5)
    at async C:\Users\kajal\OneDrive\Desktop\subscription\backend\src\controllers\production.controller.js:305:7
    at async transaction (C:\Users\kajal\OneDrive\Desktop\subscription\backend\src\config\database.js:139:20)
    at async updateStage (C:\Users\kajal\OneDrive\Desktop\subscription\backend\src\controllers\production.controller.js:300:5)
2026-05-08 17:40:32 [ERROR]: Transaction failed:
2026-05-08 17:40:32 [ERROR]: Error: inconsistent types deduced for parameter $1 {"url":"/api/production/355edb67-c4c9-452c-af5a-39aa669f5c90/stage","method":"PUT","userId":"cfc2c2df-0ca8-4f06-a42e-d98f24e0e562","companyId":"8cf84328-5d58-432e-b0c8-3c661d0344e7"}
error: inconsistent types deduced for parameter $1
    at C:\Users\kajal\OneDrive\Desktop\subscription\backend\node_modules\pg\lib\client.js:631:17
    at process.processTicksAndRejections (node:internal/process/task_queues:105:5)
    at async C:\Users\kajal\OneDrive\Desktop\subscription\backend\src\controllers\production.controller.js:305:7
    at async transaction (C:\Users\kajal\OneDrive\Desktop\subscription\backend\src\config\database.js:139:20)
    at async updateStage (C:\Users\kajal\OneDrive\Desktop\subscription\backend\src\controllers\production.controller.js:300:5)
2026-05-08 17:40:41 [ERROR]: Transaction failed:
2026-05-08 17:40:41 [ERROR]: Error: inconsistent types deduced for parameter $1 {"url":"/api/production/355edb67-c4c9-452c-af5a-39aa669f5c90/stage","method":"PUT","userId":"cfc2c2df-0ca8-4f06-a42e-d98f24e0e562","companyId":"8cf84328-5d58-432e-b0c8-3c661d0344e7"}
error: inconsistent types deduced for parameter $1
    at C:\Users\kajal\OneDrive\Desktop\subscription\backend\node_modules\pg\lib\client.js:631:17
    at process.processTicksAndRejections (node:internal/process/task_queues:105:5)
    at async C:\Users\kajal\OneDrive\Desktop\subscription\backend\src\controllers\production.controller.js:305:7
    at async transaction (C:\Users\kajal\OneDrive\Desktop\subscription\backend\src\config\database.js:139:20)
    at async updateStage (C:\Users\kajal\OneDrive\Desktop\subscription\backend\src\controllers\production.controller.js:300:5)
2026-05-08 17:45:17 [ERROR]: Idle client error (connection will be replaced):
2026-05-08 17:49:28 [INFO]: Database connected successfully at Fri May 08 2026 17:49:32 GMT+0530 (India Standard Time)
2026-05-08 17:49:28 [INFO]: ✅ Database connected
2026-05-08 17:49:28 [INFO]: ✅ Redis connected
2026-05-08 17:49:28 [INFO]: 🚀 ERP Server running on port 5000 in development mode
2026-05-08 17:49:28 [INFO]: 📊 API: http://localhost:5000/api
2026-05-08 17:49:28 [INFO]: 🔌 Socket.IO: ws://localhost:5000
2026-05-08 17:49:28 [INFO]: ❤️  Health: http://localhost:5000/health
2026-05-08 17:49:35 [INFO]: Database connected successfully at Fri May 08 2026 17:49:40 GMT+0530 (India Standard Time)
2026-05-08 17:49:35 [INFO]: ✅ Database connected
2026-05-08 17:49:35 [INFO]: ✅ Redis connected
2026-05-08 17:49:35 [INFO]: 🚀 ERP Server running on port 5000 in development mode
2026-05-08 17:49:35 [INFO]: 📊 API: http://localhost:5000/api
2026-05-08 17:49:35 [INFO]: 🔌 Socket.IO: ws://localhost:5000
2026-05-08 17:49:35 [INFO]: ❤️  Health: http://localhost:5000/health
2026-05-08 17:49:41 [INFO]: Database connected successfully at Fri May 08 2026 17:49:45 GMT+0530 (India Standard Time)
2026-05-08 17:49:41 [INFO]: ✅ Database connected
2026-05-08 17:49:41 [INFO]: ✅ Redis connected
2026-05-08 17:49:41 [INFO]: 🚀 ERP Server running on port 5000 in development mode
2026-05-08 17:49:41 [INFO]: 📊 API: http://localhost:5000/api
2026-05-08 17:49:41 [INFO]: 🔌 Socket.IO: ws://localhost:5000
2026-05-08 17:49:41 [INFO]: ❤️  Health: http://localhost:5000/health
2026-05-08 17:52:44 [ERROR]: Idle client error (connection will be replaced):
2026-05-08 17:58:02 [ERROR]: Error: jwt expired {"url":"/api/notifications/unread-count","method":"GET"}
TokenExpiredError: jwt expired
    at C:\Users\kajal\OneDrive\Desktop\subscription\backend\node_modules\jsonwebtoken\verify.js:190:21
    at getSecret (C:\Users\kajal\OneDrive\Desktop\subscription\backend\node_modules\jsonwebtoken\verify.js:97:14)
    at module.exports [as verify] (C:\Users\kajal\OneDrive\Desktop\subscription\backend\node_modules\jsonwebtoken\verify.js:101:10)
    at authenticate (C:\Users\kajal\OneDrive\Desktop\subscription\backend\src\middleware\auth.js:14:25)
    at newFn (C:\Users\kajal\OneDrive\Desktop\subscription\backend\node_modules\express-async-errors\index.js:16:20)
    at Layer.handle [as handle_request] (C:\Users\kajal\OneDrive\Desktop\subscription\backend\node_modules\express\lib\router\layer.js:95:5)
    at trim_prefix (C:\Users\kajal\OneDrive\Desktop\subscription\backend\node_modules\express\lib\router\index.js:328:13)
    at C:\Users\kajal\OneDrive\Desktop\subscription\backend\node_modules\express\lib\router\index.js:286:9
    at Function.process_params (C:\Users\kajal\OneDrive\Desktop\subscription\backend\node_modules\express\lib\router\index.js:346:12)
    at next (C:\Users\kajal\OneDrive\Desktop\subscription\backend\node_modules\express\lib\router\index.js:280:10)
2026-05-08 17:58:02 [ERROR]: Error: jwt expired {"url":"/api/production/355edb67-c4c9-452c-af5a-39aa669f5c90","method":"GET"}
TokenExpiredError: jwt expired
    at C:\Users\kajal\OneDrive\Desktop\subscription\backend\node_modules\jsonwebtoken\verify.js:190:21
    at getSecret (C:\Users\kajal\OneDrive\Desktop\subscription\backend\node_modules\jsonwebtoken\verify.js:97:14)
    at module.exports [as verify] (C:\Users\kajal\OneDrive\Desktop\subscription\backend\node_modules\jsonwebtoken\verify.js:101:10)
    at authenticate (C:\Users\kajal\OneDrive\Desktop\subscription\backend\src\middleware\auth.js:14:25)
    at newFn (C:\Users\kajal\OneDrive\Desktop\subscription\backend\node_modules\express-async-errors\index.js:16:20)
    at Layer.handle [as handle_request] (C:\Users\kajal\OneDrive\Desktop\subscription\backend\node_modules\express\lib\router\layer.js:95:5)
    at trim_prefix (C:\Users\kajal\OneDrive\Desktop\subscription\backend\node_modules\express\lib\router\index.js:328:13)
    at C:\Users\kajal\OneDrive\Desktop\subscription\backend\node_modules\express\lib\router\index.js:286:9
    at Function.process_params (C:\Users\kajal\OneDrive\Desktop\subscription\backend\node_modules\express\lib\router\index.js:346:12)
    at next (C:\Users\kajal\OneDrive\Desktop\subscription\backend\node_modules\express\lib\router\index.js:280:10)
2026-05-08 17:58:02 [WARN]: Retrying query after connection error:
2026-05-08 17:58:02 [ERROR]: Database query error getaddrinfo ENOTFOUND db.bksznpwjhhtybsiwvgtd.supabase.co {"query":"SELECT id, company_id, role, refresh_token, is_active FROM users WHERE id = $1"}
2026-05-08 17:58:02 [ERROR]: Error: getaddrinfo ENOTFOUND db.bksznpwjhhtybsiwvgtd.supabase.co {"url":"/api/auth/refresh-token","method":"POST"}
Error: getaddrinfo ENOTFOUND db.bksznpwjhhtybsiwvgtd.supabase.co
    at C:\Users\kajal\OneDrive\Desktop\subscription\backend\node_modules\pg-pool\index.js:45:11
    at process.processTicksAndRejections (node:internal/process/task_queues:105:5)
    at async query (C:\Users\kajal\OneDrive\Desktop\subscription\backend\src\config\database.js:110:17)
    at async AuthService.refreshToken (C:\Users\kajal\OneDrive\Desktop\subscription\backend\src\services\auth.service.js:115:20)
    at async refreshToken (C:\Users\kajal\OneDrive\Desktop\subscription\backend\src\controllers\auth.controller.js:54:20)
2026-05-08 17:58:04 [WARN]: Retrying query after connection error:
2026-05-08 17:58:04 [ERROR]: Database query error getaddrinfo ENOTFOUND db.bksznpwjhhtybsiwvgtd.supabase.co {"query":"SELECT u.*, c.name AS company_name, c.is_active AS company_active,\n              c.subscription_expires_at\n       FROM users u\n       LEFT JOIN companies c ON u.company_id = c.id\n       WHERE u.email = LOWER($1) AND u.deleted_at IS NULL"}
2026-05-08 17:58:04 [ERROR]: Error: getaddrinfo ENOTFOUND db.bksznpwjhhtybsiwvgtd.supabase.co {"url":"/api/auth/login","method":"POST"}
Error: getaddrinfo ENOTFOUND db.bksznpwjhhtybsiwvgtd.supabase.co
    at C:\Users\kajal\OneDrive\Desktop\subscription\backend\node_modules\pg-pool\index.js:45:11
    at process.processTicksAndRejections (node:internal/process/task_queues:105:5)
    at async query (C:\Users\kajal\OneDrive\Desktop\subscription\backend\src\config\database.js:110:17)
    at async AuthService.login (C:\Users\kajal\OneDrive\Desktop\subscription\backend\src\services\auth.service.js:30:20)
    at async login (C:\Users\kajal\OneDrive\Desktop\subscription\backend\src\controllers\auth.controller.js:30:20)
2026-05-08 17:58:13 [INFO]: SIGINT received. Shutting down gracefully...
2026-05-08 17:58:21 [ERROR]: Database connection failed: getaddrinfo ENOTFOUND db.bksznpwjhhtybsiwvgtd.supabase.co {"errno":-3008,"code":"ENOTFOUND","syscall":"getaddrinfo","hostname":"db.bksznpwjhhtybsiwvgtd.supabase.co"}
Error: getaddrinfo ENOTFOUND db.bksznpwjhhtybsiwvgtd.supabase.co
    at C:\Users\kajal\OneDrive\Desktop\subscription\backend\node_modules\pg-pool\index.js:45:11
    at process.processTicksAndRejections (node:internal/process/task_queues:105:5)
    at async testConnection (C:\Users\kajal\OneDrive\Desktop\subscription\backend\src\config\database.js:158:17)
    at async startServer (C:\Users\kajal\OneDrive\Desktop\subscription\backend\src\server.js:31:5)
2026-05-08 17:58:43 [ERROR]: Database connection failed: getaddrinfo ENOTFOUND db.bksznpwjhhtybsiwvgtd.supabase.co {"errno":-3008,"code":"ENOTFOUND","syscall":"getaddrinfo","hostname":"db.bksznpwjhhtybsiwvgtd.supabase.co"}
Error: getaddrinfo ENOTFOUND db.bksznpwjhhtybsiwvgtd.supabase.co
    at C:\Users\kajal\OneDrive\Desktop\subscription\backend\node_modules\pg-pool\index.js:45:11
    at process.processTicksAndRejections (node:internal/process/task_queues:105:5)
    at async testConnection (C:\Users\kajal\OneDrive\Desktop\subscription\backend\src\config\database.js:158:17)
    at async startServer (C:\Users\kajal\OneDrive\Desktop\subscription\backend\src\server.js:31:5)
2026-05-08 17:58:59 [ERROR]: Database connection failed: getaddrinfo ENOTFOUND db.bksznpwjhhtybsiwvgtd.supabase.co {"errno":-3008,"code":"ENOTFOUND","syscall":"getaddrinfo","hostname":"db.bksznpwjhhtybsiwvgtd.supabase.co"}
Error: getaddrinfo ENOTFOUND db.bksznpwjhhtybsiwvgtd.supabase.co
    at C:\Users\kajal\OneDrive\Desktop\subscription\backend\node_modules\pg-pool\index.js:45:11
    at process.processTicksAndRejections (node:internal/process/task_queues:105:5)
    at async testConnection (C:\Users\kajal\OneDrive\Desktop\subscription\backend\src\config\database.js:158:17)
    at async startServer (C:\Users\kajal\OneDrive\Desktop\subscription\backend\src\server.js:31:5)
2026-05-08 18:00:00 [INFO]: 🚀 ERP Server running on port 5000 in development mode
2026-05-08 18:00:00 [INFO]: 📊 API: http://localhost:5000/api
2026-05-08 18:00:00 [INFO]: 🔌 Socket.IO: ws://localhost:5000
2026-05-08 18:00:00 [INFO]: ❤️  Health: http://localhost:5000/health
2026-05-08 18:00:00 [ERROR]: Database connection failed: getaddrinfo ENOTFOUND db.bksznpwjhhtybsiwvgtd.supabase.co {"errno":-3008,"code":"ENOTFOUND","syscall":"getaddrinfo","hostname":"db.bksznpwjhhtybsiwvgtd.supabase.co"}
Error: getaddrinfo ENOTFOUND db.bksznpwjhhtybsiwvgtd.supabase.co
    at C:\Users\kajal\OneDrive\Desktop\subscription\backend\node_modules\pg-pool\index.js:45:11
    at process.processTicksAndRejections (node:internal/process/task_queues:105:5)
    at async testConnection (C:\Users\kajal\OneDrive\Desktop\subscription\backend\src\config\database.js:158:17)
    at async tryConnectDB (C:\Users\kajal\OneDrive\Desktop\subscription\backend\src\server.js:32:7)
    at async startServer (C:\Users\kajal\OneDrive\Desktop\subscription\backend\src\server.js:60:16)
2026-05-08 18:00:00 [WARN]: ⚠️  DB connect attempt 1/5 failed — retrying in 3s... (hint: Supabase project may be paused — resume it at supabase.com/dashboard)
2026-05-08 18:00:03 [ERROR]: Database connection failed: getaddrinfo ENOTFOUND db.bksznpwjhhtybsiwvgtd.supabase.co {"errno":-3008,"code":"ENOTFOUND","syscall":"getaddrinfo","hostname":"db.bksznpwjhhtybsiwvgtd.supabase.co"}
Error: getaddrinfo ENOTFOUND db.bksznpwjhhtybsiwvgtd.supabase.co
    at C:\Users\kajal\OneDrive\Desktop\subscription\backend\node_modules\pg-pool\index.js:45:11
    at process.processTicksAndRejections (node:internal/process/task_queues:105:5)
    at async testConnection (C:\Users\kajal\OneDrive\Desktop\subscription\backend\src\config\database.js:158:17)
    at async tryConnectDB (C:\Users\kajal\OneDrive\Desktop\subscription\backend\src\server.js:32:7)
    at async startServer (C:\Users\kajal\OneDrive\Desktop\subscription\backend\src\server.js:60:16)
2026-05-08 18:00:03 [WARN]: ⚠️  DB connect attempt 2/5 failed — retrying in 3s... (hint: Supabase project may be paused — resume it at supabase.com/dashboard)
2026-05-08 18:00:06 [ERROR]: Database connection failed: getaddrinfo ENOTFOUND db.bksznpwjhhtybsiwvgtd.supabase.co {"errno":-3008,"code":"ENOTFOUND","syscall":"getaddrinfo","hostname":"db.bksznpwjhhtybsiwvgtd.supabase.co"}
Error: getaddrinfo ENOTFOUND db.bksznpwjhhtybsiwvgtd.supabase.co
    at C:\Users\kajal\OneDrive\Desktop\subscription\backend\node_modules\pg-pool\index.js:45:11
    at process.processTicksAndRejections (node:internal/process/task_queues:105:5)
    at async testConnection (C:\Users\kajal\OneDrive\Desktop\subscription\backend\src\config\database.js:158:17)
    at async tryConnectDB (C:\Users\kajal\OneDrive\Desktop\subscription\backend\src\server.js:32:7)
    at async startServer (C:\Users\kajal\OneDrive\Desktop\subscription\backend\src\server.js:60:16)
2026-05-08 18:00:06 [WARN]: ⚠️  DB connect attempt 3/5 failed — retrying in 3s... (hint: Supabase project may be paused — resume it at supabase.com/dashboard)
2026-05-08 18:00:09 [ERROR]: Database connection failed: getaddrinfo ENOTFOUND db.bksznpwjhhtybsiwvgtd.supabase.co {"errno":-3008,"code":"ENOTFOUND","syscall":"getaddrinfo","hostname":"db.bksznpwjhhtybsiwvgtd.supabase.co"}
Error: getaddrinfo ENOTFOUND db.bksznpwjhhtybsiwvgtd.supabase.co
    at C:\Users\kajal\OneDrive\Desktop\subscription\backend\node_modules\pg-pool\index.js:45:11
    at process.processTicksAndRejections (node:internal/process/task_queues:105:5)
    at async testConnection (C:\Users\kajal\OneDrive\Desktop\subscription\backend\src\config\database.js:158:17)
    at async tryConnectDB (C:\Users\kajal\OneDrive\Desktop\subscription\backend\src\server.js:32:7)
    at async startServer (C:\Users\kajal\OneDrive\Desktop\subscription\backend\src\server.js:60:16)
2026-05-08 18:00:09 [WARN]: ⚠️  DB connect attempt 4/5 failed — retrying in 3s... (hint: Supabase project may be paused — resume it at supabase.com/dashboard)
2026-05-08 18:00:12 [ERROR]: Database connection failed: getaddrinfo ENOTFOUND db.bksznpwjhhtybsiwvgtd.supabase.co {"errno":-3008,"code":"ENOTFOUND","syscall":"getaddrinfo","hostname":"db.bksznpwjhhtybsiwvgtd.supabase.co"}
Error: getaddrinfo ENOTFOUND db.bksznpwjhhtybsiwvgtd.supabase.co
    at C:\Users\kajal\OneDrive\Desktop\subscription\backend\node_modules\pg-pool\index.js:45:11
    at process.processTicksAndRejections (node:internal/process/task_queues:105:5)
    at async testConnection (C:\Users\kajal\OneDrive\Desktop\subscription\backend\src\config\database.js:158:17)
    at async tryConnectDB (C:\Users\kajal\OneDrive\Desktop\subscription\backend\src\server.js:32:7)
    at async startServer (C:\Users\kajal\OneDrive\Desktop\subscription\backend\src\server.js:60:16)
2026-05-08 18:00:12 [ERROR]: ❌ Database unreachable after 5 attempts:
2026-05-08 18:00:12 [WARN]: ⚠️  Server started WITHOUT database. Requests will return 503 until DB is reachable.
2026-05-08 18:00:12 [INFO]: ✅ Redis connected
2026-05-08 18:14:55 [INFO]: 🚀 ERP Server running on port 5000 in development mode
2026-05-08 18:14:55 [INFO]: 📊 API: http://localhost:5000/api
2026-05-08 18:14:55 [INFO]: 🔌 Socket.IO: ws://localhost:5000
2026-05-08 18:14:55 [INFO]: ❤️  Health: http://localhost:5000/health
2026-05-08 18:14:55 [ERROR]: Database connection failed: The server does not support SSL connections
Error: The server does not support SSL connections
    at C:\Users\kajal\OneDrive\Desktop\subscription\backend\node_modules\pg-pool\index.js:45:11
    at process.processTicksAndRejections (node:internal/process/task_queues:105:5)
    at async testConnection (C:\Users\kajal\OneDrive\Desktop\subscription\backend\src\config\database.js:158:17)
    at async tryConnectDB (C:\Users\kajal\OneDrive\Desktop\subscription\backend\src\server.js:32:7)
    at async startServer (C:\Users\kajal\OneDrive\Desktop\subscription\backend\src\server.js:60:16)
2026-05-08 18:14:55 [WARN]: ⚠️  DB connect attempt 1/5 failed — retrying in 3s...
2026-05-08 18:14:58 [ERROR]: Database connection failed: The server does not support SSL connections
Error: The server does not support SSL connections
    at C:\Users\kajal\OneDrive\Desktop\subscription\backend\node_modules\pg-pool\index.js:45:11
    at process.processTicksAndRejections (node:internal/process/task_queues:105:5)
    at async testConnection (C:\Users\kajal\OneDrive\Desktop\subscription\backend\src\config\database.js:158:17)
    at async tryConnectDB (C:\Users\kajal\OneDrive\Desktop\subscription\backend\src\server.js:32:7)
    at async startServer (C:\Users\kajal\OneDrive\Desktop\subscription\backend\src\server.js:60:16)
2026-05-08 18:14:58 [WARN]: ⚠️  DB connect attempt 2/5 failed — retrying in 3s...
2026-05-08 18:15:01 [ERROR]: Database connection failed: The server does not support SSL connections
Error: The server does not support SSL connections
    at C:\Users\kajal\OneDrive\Desktop\subscription\backend\node_modules\pg-pool\index.js:45:11
    at process.processTicksAndRejections (node:internal/process/task_queues:105:5)
    at async testConnection (C:\Users\kajal\OneDrive\Desktop\subscription\backend\src\config\database.js:158:17)
    at async tryConnectDB (C:\Users\kajal\OneDrive\Desktop\subscription\backend\src\server.js:32:7)
    at async startServer (C:\Users\kajal\OneDrive\Desktop\subscription\backend\src\server.js:60:16)
2026-05-08 18:15:01 [WARN]: ⚠️  DB connect attempt 3/5 failed — retrying in 3s...
2026-05-08 18:15:04 [ERROR]: Database connection failed: The server does not support SSL connections
Error: The server does not support SSL connections
    at C:\Users\kajal\OneDrive\Desktop\subscription\backend\node_modules\pg-pool\index.js:45:11
    at process.processTicksAndRejections (node:internal/process/task_queues:105:5)
    at async testConnection (C:\Users\kajal\OneDrive\Desktop\subscription\backend\src\config\database.js:158:17)
    at async tryConnectDB (C:\Users\kajal\OneDrive\Desktop\subscription\backend\src\server.js:32:7)
    at async startServer (C:\Users\kajal\OneDrive\Desktop\subscription\backend\src\server.js:60:16)
2026-05-08 18:15:04 [WARN]: ⚠️  DB connect attempt 4/5 failed — retrying in 3s...
2026-05-08 18:15:07 [ERROR]: Database connection failed: The server does not support SSL connections
Error: The server does not support SSL connections
    at C:\Users\kajal\OneDrive\Desktop\subscription\backend\node_modules\pg-pool\index.js:45:11
    at process.processTicksAndRejections (node:internal/process/task_queues:105:5)
    at async testConnection (C:\Users\kajal\OneDrive\Desktop\subscription\backend\src\config\database.js:158:17)
    at async tryConnectDB (C:\Users\kajal\OneDrive\Desktop\subscription\backend\src\server.js:32:7)
    at async startServer (C:\Users\kajal\OneDrive\Desktop\subscription\backend\src\server.js:60:16)
2026-05-08 18:15:07 [ERROR]: ❌ Database unreachable after 5 attempts:
2026-05-08 18:15:07 [WARN]: ⚠️  Server started WITHOUT database. Requests will return 503 until DB is reachable.
2026-05-08 18:15:07 [INFO]: ✅ Redis connected
2026-05-08 18:16:02 [INFO]: SIGINT received. Shutting down gracefully...
2026-05-08 18:16:09 [INFO]: 🚀 ERP Server running on port 5000 in development mode
2026-05-08 18:16:09 [INFO]: 📊 API: http://localhost:5000/api
2026-05-08 18:16:09 [INFO]: 🔌 Socket.IO: ws://localhost:5000
2026-05-08 18:16:09 [INFO]: ❤️  Health: http://localhost:5000/health
2026-05-08 18:16:10 [ERROR]: Database connection failed: SASL: SCRAM-SERVER-FIRST-MESSAGE: client password must be a string
Error: SASL: SCRAM-SERVER-FIRST-MESSAGE: client password must be a string
    at C:\Users\kajal\OneDrive\Desktop\subscription\backend\node_modules\pg-pool\index.js:45:11
    at process.processTicksAndRejections (node:internal/process/task_queues:105:5)
    at async testConnection (C:\Users\kajal\OneDrive\Desktop\subscription\backend\src\config\database.js:158:17)
    at async tryConnectDB (C:\Users\kajal\OneDrive\Desktop\subscription\backend\src\server.js:32:7)
    at async startServer (C:\Users\kajal\OneDrive\Desktop\subscription\backend\src\server.js:60:16)
2026-05-08 18:16:10 [WARN]: ⚠️  DB connect attempt 1/5 failed — retrying in 3s...
2026-05-08 18:16:13 [ERROR]: Database connection failed: SASL: SCRAM-SERVER-FIRST-MESSAGE: client password must be a string
Error: SASL: SCRAM-SERVER-FIRST-MESSAGE: client password must be a string
    at C:\Users\kajal\OneDrive\Desktop\subscription\backend\node_modules\pg-pool\index.js:45:11
    at process.processTicksAndRejections (node:internal/process/task_queues:105:5)
    at async testConnection (C:\Users\kajal\OneDrive\Desktop\subscription\backend\src\config\database.js:158:17)
    at async tryConnectDB (C:\Users\kajal\OneDrive\Desktop\subscription\backend\src\server.js:32:7)
    at async startServer (C:\Users\kajal\OneDrive\Desktop\subscription\backend\src\server.js:60:16)
2026-05-08 18:16:13 [WARN]: ⚠️  DB connect attempt 2/5 failed — retrying in 3s...
2026-05-08 18:16:16 [ERROR]: Database connection failed: SASL: SCRAM-SERVER-FIRST-MESSAGE: client password must be a string
Error: SASL: SCRAM-SERVER-FIRST-MESSAGE: client password must be a string
    at C:\Users\kajal\OneDrive\Desktop\subscription\backend\node_modules\pg-pool\index.js:45:11
    at process.processTicksAndRejections (node:internal/process/task_queues:105:5)
    at async testConnection (C:\Users\kajal\OneDrive\Desktop\subscription\backend\src\config\database.js:158:17)
    at async tryConnectDB (C:\Users\kajal\OneDrive\Desktop\subscription\backend\src\server.js:32:7)
    at async startServer (C:\Users\kajal\OneDrive\Desktop\subscription\backend\src\server.js:60:16)
2026-05-08 18:16:16 [WARN]: ⚠️  DB connect attempt 3/5 failed — retrying in 3s...
2026-05-08 18:16:19 [ERROR]: Database connection failed: SASL: SCRAM-SERVER-FIRST-MESSAGE: client password must be a string
Error: SASL: SCRAM-SERVER-FIRST-MESSAGE: client password must be a string
    at C:\Users\kajal\OneDrive\Desktop\subscription\backend\node_modules\pg-pool\index.js:45:11
    at process.processTicksAndRejections (node:internal/process/task_queues:105:5)
    at async testConnection (C:\Users\kajal\OneDrive\Desktop\subscription\backend\src\config\database.js:158:17)
    at async tryConnectDB (C:\Users\kajal\OneDrive\Desktop\subscription\backend\src\server.js:32:7)
    at async startServer (C:\Users\kajal\OneDrive\Desktop\subscription\backend\src\server.js:60:16)
2026-05-08 18:16:19 [WARN]: ⚠️  DB connect attempt 4/5 failed — retrying in 3s...
2026-05-08 18:16:22 [ERROR]: Database connection failed: SASL: SCRAM-SERVER-FIRST-MESSAGE: client password must be a string
Error: SASL: SCRAM-SERVER-FIRST-MESSAGE: client password must be a string
    at C:\Users\kajal\OneDrive\Desktop\subscription\backend\node_modules\pg-pool\index.js:45:11
    at process.processTicksAndRejections (node:internal/process/task_queues:105:5)
    at async testConnection (C:\Users\kajal\OneDrive\Desktop\subscription\backend\src\config\database.js:158:17)
    at async tryConnectDB (C:\Users\kajal\OneDrive\Desktop\subscription\backend\src\server.js:32:7)
    at async startServer (C:\Users\kajal\OneDrive\Desktop\subscription\backend\src\server.js:60:16)
2026-05-08 18:16:22 [ERROR]: ❌ Database unreachable after 5 attempts:
2026-05-08 18:16:22 [WARN]: ⚠️  Server started WITHOUT database. Requests will return 503 until DB is reachable.
2026-05-08 18:16:22 [INFO]: ✅ Redis connected
2026-05-08 18:17:16 [INFO]: SIGINT received. Shutting down gracefully...
2026-05-08 18:17:24 [INFO]: 🚀 ERP Server running on port 5000 in development mode
2026-05-08 18:17:24 [INFO]: 📊 API: http://localhost:5000/api
2026-05-08 18:17:24 [INFO]: 🔌 Socket.IO: ws://localhost:5000
2026-05-08 18:17:24 [INFO]: ❤️  Health: http://localhost:5000/health
2026-05-08 18:17:24 [ERROR]: Database connection failed: SASL: SCRAM-SERVER-FIRST-MESSAGE: client password must be a string
Error: SASL: SCRAM-SERVER-FIRST-MESSAGE: client password must be a string
    at C:\Users\kajal\OneDrive\Desktop\subscription\backend\node_modules\pg-pool\index.js:45:11
    at process.processTicksAndRejections (node:internal/process/task_queues:105:5)
    at async testConnection (C:\Users\kajal\OneDrive\Desktop\subscription\backend\src\config\database.js:158:17)
    at async tryConnectDB (C:\Users\kajal\OneDrive\Desktop\subscription\backend\src\server.js:32:7)
    at async startServer (C:\Users\kajal\OneDrive\Desktop\subscription\backend\src\server.js:60:16)
2026-05-08 18:17:24 [WARN]: ⚠️  DB connect attempt 1/5 failed — retrying in 3s...
2026-05-08 18:17:27 [ERROR]: Database connection failed: SASL: SCRAM-SERVER-FIRST-MESSAGE: client password must be a string
Error: SASL: SCRAM-SERVER-FIRST-MESSAGE: client password must be a string
    at C:\Users\kajal\OneDrive\Desktop\subscription\backend\node_modules\pg-pool\index.js:45:11
    at process.processTicksAndRejections (node:internal/process/task_queues:105:5)
    at async testConnection (C:\Users\kajal\OneDrive\Desktop\subscription\backend\src\config\database.js:158:17)
    at async tryConnectDB (C:\Users\kajal\OneDrive\Desktop\subscription\backend\src\server.js:32:7)
    at async startServer (C:\Users\kajal\OneDrive\Desktop\subscription\backend\src\server.js:60:16)
2026-05-08 18:17:27 [WARN]: ⚠️  DB connect attempt 2/5 failed — retrying in 3s...
2026-05-08 18:17:30 [ERROR]: Database connection failed: SASL: SCRAM-SERVER-FIRST-MESSAGE: client password must be a string
Error: SASL: SCRAM-SERVER-FIRST-MESSAGE: client password must be a string
    at C:\Users\kajal\OneDrive\Desktop\subscription\backend\node_modules\pg-pool\index.js:45:11
    at process.processTicksAndRejections (node:internal/process/task_queues:105:5)
    at async testConnection (C:\Users\kajal\OneDrive\Desktop\subscription\backend\src\config\database.js:158:17)
    at async tryConnectDB (C:\Users\kajal\OneDrive\Desktop\subscription\backend\src\server.js:32:7)
    at async startServer (C:\Users\kajal\OneDrive\Desktop\subscription\backend\src\server.js:60:16)
2026-05-08 18:17:30 [WARN]: ⚠️  DB connect attempt 3/5 failed — retrying in 3s...
2026-05-08 18:17:33 [ERROR]: Database connection failed: SASL: SCRAM-SERVER-FIRST-MESSAGE: client password must be a string
Error: SASL: SCRAM-SERVER-FIRST-MESSAGE: client password must be a string
    at C:\Users\kajal\OneDrive\Desktop\subscription\backend\node_modules\pg-pool\index.js:45:11
    at process.processTicksAndRejections (node:internal/process/task_queues:105:5)
    at async testConnection (C:\Users\kajal\OneDrive\Desktop\subscription\backend\src\config\database.js:158:17)
    at async tryConnectDB (C:\Users\kajal\OneDrive\Desktop\subscription\backend\src\server.js:32:7)
    at async startServer (C:\Users\kajal\OneDrive\Desktop\subscription\backend\src\server.js:60:16)
2026-05-08 18:17:33 [WARN]: ⚠️  DB connect attempt 4/5 failed — retrying in 3s...
2026-05-08 18:17:36 [ERROR]: Database connection failed: SASL: SCRAM-SERVER-FIRST-MESSAGE: client password must be a string
Error: SASL: SCRAM-SERVER-FIRST-MESSAGE: client password must be a string
    at C:\Users\kajal\OneDrive\Desktop\subscription\backend\node_modules\pg-pool\index.js:45:11
    at process.processTicksAndRejections (node:internal/process/task_queues:105:5)
    at async testConnection (C:\Users\kajal\OneDrive\Desktop\subscription\backend\src\config\database.js:158:17)
    at async tryConnectDB (C:\Users\kajal\OneDrive\Desktop\subscription\backend\src\server.js:32:7)
    at async startServer (C:\Users\kajal\OneDrive\Desktop\subscription\backend\src\server.js:60:16)
2026-05-08 18:17:36 [ERROR]: ❌ Database unreachable after 5 attempts:
2026-05-08 18:17:36 [WARN]: ⚠️  Server started WITHOUT database. Requests will return 503 until DB is reachable.
2026-05-08 18:17:36 [INFO]: ✅ Redis connected
2026-05-08 18:19:35 [INFO]: 🚀 ERP Server running on port 5000 in development mode
2026-05-08 18:19:35 [INFO]: 📊 API: http://localhost:5000/api
2026-05-08 18:19:35 [INFO]: 🔌 Socket.IO: ws://localhost:5000
2026-05-08 18:19:35 [INFO]: ❤️  Health: http://localhost:5000/health
2026-05-08 18:19:36 [INFO]: Database connected successfully at Fri May 08 2026 18:19:41 GMT+0530 (India Standard Time)
2026-05-08 18:19:36 [INFO]: ✅ Database connected
2026-05-08 18:19:36 [INFO]: ✅ Redis connected
2026-05-08 18:19:55 [INFO]: Socket connected: d3ncCb3ckgxCnUMeAAAB (user: cfc2c2df-0ca8-4f06-a42e-d98f24e0e562)
2026-05-08 18:21:04 [ERROR]: Transaction failed:
2026-05-08 18:21:04 [ERROR]: Error: inconsistent types deduced for parameter $1 {"url":"/api/production/355edb67-c4c9-452c-af5a-39aa669f5c90/stage","method":"PUT","userId":"cfc2c2df-0ca8-4f06-a42e-d98f24e0e562","companyId":"8cf84328-5d58-432e-b0c8-3c661d0344e7"}
error: inconsistent types deduced for parameter $1
    at C:\Users\kajal\OneDrive\Desktop\subscription\backend\node_modules\pg\lib\client.js:631:17
    at process.processTicksAndRejections (node:internal/process/task_queues:105:5)
    at async C:\Users\kajal\OneDrive\Desktop\subscription\backend\src\controllers\production.controller.js:305:7
    at async transaction (C:\Users\kajal\OneDrive\Desktop\subscription\backend\src\config\database.js:152:20)
    at async updateStage (C:\Users\kajal\OneDrive\Desktop\subscription\backend\src\controllers\production.controller.js:300:5)
2026-05-08 18:21:26 [ERROR]: Transaction failed:
2026-05-08 18:21:26 [ERROR]: Error: inconsistent types deduced for parameter $1 {"url":"/api/production/355edb67-c4c9-452c-af5a-39aa669f5c90/stage","method":"PUT","userId":"cfc2c2df-0ca8-4f06-a42e-d98f24e0e562","companyId":"8cf84328-5d58-432e-b0c8-3c661d0344e7"}
error: inconsistent types deduced for parameter $1
    at C:\Users\kajal\OneDrive\Desktop\subscription\backend\node_modules\pg\lib\client.js:631:17
    at process.processTicksAndRejections (node:internal/process/task_queues:105:5)
    at async C:\Users\kajal\OneDrive\Desktop\subscription\backend\src\controllers\production.controller.js:305:7
    at async transaction (C:\Users\kajal\OneDrive\Desktop\subscription\backend\src\config\database.js:152:20)
    at async updateStage (C:\Users\kajal\OneDrive\Desktop\subscription\backend\src\controllers\production.controller.js:300:5)
2026-05-08 18:21:41 [ERROR]: Transaction failed:
2026-05-08 18:21:41 [ERROR]: Error: inconsistent types deduced for parameter $1 {"url":"/api/production/355edb67-c4c9-452c-af5a-39aa669f5c90/stage","method":"PUT","userId":"cfc2c2df-0ca8-4f06-a42e-d98f24e0e562","companyId":"8cf84328-5d58-432e-b0c8-3c661d0344e7"}
error: inconsistent types deduced for parameter $1
    at C:\Users\kajal\OneDrive\Desktop\subscription\backend\node_modules\pg\lib\client.js:631:17
    at process.processTicksAndRejections (node:internal/process/task_queues:105:5)
    at async C:\Users\kajal\OneDrive\Desktop\subscription\backend\src\controllers\production.controller.js:305:7
    at async transaction (C:\Users\kajal\OneDrive\Desktop\subscription\backend\src\config\database.js:152:20)
    at async updateStage (C:\Users\kajal\OneDrive\Desktop\subscription\backend\src\controllers\production.controller.js:300:5)
2026-05-08 18:27:17 [ERROR]: Transaction failed:
2026-05-08 18:27:17 [ERROR]: Error: inconsistent types deduced for parameter $1 {"url":"/api/production/355edb67-c4c9-452c-af5a-39aa669f5c90/stage","method":"PUT","userId":"cfc2c2df-0ca8-4f06-a42e-d98f24e0e562","companyId":"8cf84328-5d58-432e-b0c8-3c661d0344e7"}
error: inconsistent types deduced for parameter $1
    at C:\Users\kajal\OneDrive\Desktop\subscription\backend\node_modules\pg\lib\client.js:631:17
    at process.processTicksAndRejections (node:internal/process/task_queues:105:5)
    at async C:\Users\kajal\OneDrive\Desktop\subscription\backend\src\controllers\production.controller.js:305:7
    at async transaction (C:\Users\kajal\OneDrive\Desktop\subscription\backend\src\config\database.js:152:20)
    at async updateStage (C:\Users\kajal\OneDrive\Desktop\subscription\backend\src\controllers\production.controller.js:300:5)
2026-05-08 18:28:20 [INFO]: 🚀 ERP Server running on port 5000 in development mode
2026-05-08 18:28:20 [INFO]: 📊 API: http://localhost:5000/api
2026-05-08 18:28:20 [INFO]: 🔌 Socket.IO: ws://localhost:5000
2026-05-08 18:28:20 [INFO]: ❤️  Health: http://localhost:5000/health
2026-05-08 18:28:20 [INFO]: Socket connected: 18mNGOPkaxUws0HeAAAB (user: cfc2c2df-0ca8-4f06-a42e-d98f24e0e562)
2026-05-08 18:28:21 [INFO]: Database connected successfully at Fri May 08 2026 18:28:25 GMT+0530 (India Standard Time)
2026-05-08 18:28:21 [INFO]: ✅ Database connected
2026-05-08 18:28:21 [INFO]: ✅ Redis connected
2026-05-08 18:28:42 [INFO]: 🚀 ERP Server running on port 5000 in development mode
2026-05-08 18:28:42 [INFO]: 📊 API: http://localhost:5000/api
2026-05-08 18:28:42 [INFO]: 🔌 Socket.IO: ws://localhost:5000
2026-05-08 18:28:42 [INFO]: ❤️  Health: http://localhost:5000/health
2026-05-08 18:28:42 [INFO]: Socket connected: S9NmJxnLsjVVzTOAAAAB (user: cfc2c2df-0ca8-4f06-a42e-d98f24e0e562)
2026-05-08 18:28:42 [INFO]: Database connected successfully at Fri May 08 2026 18:28:47 GMT+0530 (India Standard Time)
2026-05-08 18:28:42 [INFO]: ✅ Database connected
2026-05-08 18:28:42 [INFO]: ✅ Redis connected
2026-05-08 18:29:50 [INFO]: 🚀 ERP Server running on port 5000 in development mode
2026-05-08 18:29:50 [INFO]: 📊 API: http://localhost:5000/api
2026-05-08 18:29:50 [INFO]: 🔌 Socket.IO: ws://localhost:5000
2026-05-08 18:29:50 [INFO]: ❤️  Health: http://localhost:5000/health
2026-05-08 18:29:50 [INFO]: Socket connected: 9rbudIomURMz7BFhAAAB (user: cfc2c2df-0ca8-4f06-a42e-d98f24e0e562)
2026-05-08 18:29:51 [INFO]: Database connected successfully at Fri May 08 2026 18:29:55 GMT+0530 (India Standard Time)
2026-05-08 18:29:51 [INFO]: ✅ Database connected
2026-05-08 18:29:51 [INFO]: ✅ Redis connected
2026-05-08 18:30:51 [INFO]: 🚀 ERP Server running on port 5000 in development mode
2026-05-08 18:30:51 [INFO]: 📊 API: http://localhost:5000/api
2026-05-08 18:30:51 [INFO]: 🔌 Socket.IO: ws://localhost:5000
2026-05-08 18:30:51 [INFO]: ❤️  Health: http://localhost:5000/health
2026-05-08 18:30:51 [INFO]: Socket connected: Nv2mYYUSQh--nEDSAAAB (user: cfc2c2df-0ca8-4f06-a42e-d98f24e0e562)
2026-05-08 18:30:52 [INFO]: Database connected successfully at Fri May 08 2026 18:30:56 GMT+0530 (India Standard Time)
2026-05-08 18:30:52 [INFO]: ✅ Database connected
2026-05-08 18:30:52 [INFO]: ✅ Redis connected
2026-05-08 18:31:41 [INFO]: SIGINT received. Shutting down gracefully...
2026-05-08 18:31:50 [INFO]: 🚀 ERP Server running on port 5000 in development mode
2026-05-08 18:31:50 [INFO]: 📊 API: http://localhost:5000/api
2026-05-08 18:31:50 [INFO]: 🔌 Socket.IO: ws://localhost:5000
2026-05-08 18:31:50 [INFO]: ❤️  Health: http://localhost:5000/health
2026-05-08 18:31:51 [INFO]: Database connected successfully at Fri May 08 2026 18:31:55 GMT+0530 (India Standard Time)
2026-05-08 18:31:51 [INFO]: ✅ Database connected
2026-05-08 18:31:51 [INFO]: ✅ Redis connected
2026-05-08 18:33:42 [ERROR]: Email send failed: {"to":"kajal971126@gmail.com","subject":"Production Complete - IndustrialERP","error":"Invalid login: 535-5.7.8 Username and Password not accepted. For more information, go to\n535 5.7.8  https://support.google.com/mail/?p=BadCredentials d2e1a72fcca58-83965d314f7sm12890325b3a.23 - gsmtp"}
2026-05-08 18:35:15 [ERROR]: Error: jwt expired {"url":"/api/bom/products/46bf9bab-df56-4fcd-b5d4-7ddc05500409","method":"GET"}
TokenExpiredError: jwt expired
    at C:\Users\kajal\OneDrive\Desktop\subscription\backend\node_modules\jsonwebtoken\verify.js:190:21
    at getSecret (C:\Users\kajal\OneDrive\Desktop\subscription\backend\node_modules\jsonwebtoken\verify.js:97:14)
    at module.exports [as verify] (C:\Users\kajal\OneDrive\Desktop\subscription\backend\node_modules\jsonwebtoken\verify.js:101:10)
    at authenticate (C:\Users\kajal\OneDrive\Desktop\subscription\backend\src\middleware\auth.js:14:25)
    at newFn (C:\Users\kajal\OneDrive\Desktop\subscription\backend\node_modules\express-async-errors\index.js:16:20)
    at Layer.handle [as handle_request] (C:\Users\kajal\OneDrive\Desktop\subscription\backend\node_modules\express\lib\router\layer.js:95:5)
    at trim_prefix (C:\Users\kajal\OneDrive\Desktop\subscription\backend\node_modules\express\lib\router\index.js:328:13)
    at C:\Users\kajal\OneDrive\Desktop\subscription\backend\node_modules\express\lib\router\index.js:286:9
    at Function.process_params (C:\Users\kajal\OneDrive\Desktop\subscription\backend\node_modules\express\lib\router\index.js:346:12)
    at next (C:\Users\kajal\OneDrive\Desktop\subscription\backend\node_modules\express\lib\router\index.js:280:10)
2026-05-08 18:35:15 [ERROR]: Error: jwt expired {"url":"/api/materials?limit=500","method":"GET"}
TokenExpiredError: jwt expired
    at C:\Users\kajal\OneDrive\Desktop\subscription\backend\node_modules\jsonwebtoken\verify.js:190:21
    at getSecret (C:\Users\kajal\OneDrive\Desktop\subscription\backend\node_modules\jsonwebtoken\verify.js:97:14)
    at module.exports [as verify] (C:\Users\kajal\OneDrive\Desktop\subscription\backend\node_modules\jsonwebtoken\verify.js:101:10)
    at authenticate (C:\Users\kajal\OneDrive\Desktop\subscription\backend\src\middleware\auth.js:14:25)
    at newFn (C:\Users\kajal\OneDrive\Desktop\subscription\backend\node_modules\express-async-errors\index.js:16:20)
    at Layer.handle [as handle_request] (C:\Users\kajal\OneDrive\Desktop\subscription\backend\node_modules\express\lib\router\layer.js:95:5)
    at trim_prefix (C:\Users\kajal\OneDrive\Desktop\subscription\backend\node_modules\express\lib\router\index.js:328:13)
    at C:\Users\kajal\OneDrive\Desktop\subscription\backend\node_modules\express\lib\router\index.js:286:9
    at Function.process_params (C:\Users\kajal\OneDrive\Desktop\subscription\backend\node_modules\express\lib\router\index.js:346:12)
    at next (C:\Users\kajal\OneDrive\Desktop\subscription\backend\node_modules\express\lib\router\index.js:280:10)
2026-05-08 18:45:19 [INFO]: 🚀 ERP Server running on port 5000 in development mode
2026-05-08 18:45:19 [INFO]: 📊 API: http://localhost:5000/api
2026-05-08 18:45:19 [INFO]: 🔌 Socket.IO: ws://localhost:5000
2026-05-08 18:45:19 [INFO]: ❤️  Health: http://localhost:5000/health
2026-05-08 18:45:19 [INFO]: Database connected successfully at Fri May 08 2026 18:45:24 GMT+0530 (India Standard Time)
2026-05-08 18:45:19 [INFO]: ✅ Database connected
2026-05-08 18:45:19 [INFO]: ✅ Redis connected
2026-05-08 18:45:34 [INFO]: 🚀 ERP Server running on port 5000 in development mode
2026-05-08 18:45:34 [INFO]: 📊 API: http://localhost:5000/api
2026-05-08 18:45:34 [INFO]: 🔌 Socket.IO: ws://localhost:5000
2026-05-08 18:45:34 [INFO]: ❤️  Health: http://localhost:5000/health
2026-05-08 18:45:34 [INFO]: Database connected successfully at Fri May 08 2026 18:45:39 GMT+0530 (India Standard Time)
2026-05-08 18:45:34 [INFO]: ✅ Database connected
2026-05-08 18:45:34 [INFO]: ✅ Redis connected
2026-05-08 19:04:15 [ERROR]: Error: jwt expired {"url":"/api/notifications/unread-count","method":"GET"}
TokenExpiredError: jwt expired
    at C:\Users\kajal\OneDrive\Desktop\subscription\backend\node_modules\jsonwebtoken\verify.js:190:21
    at getSecret (C:\Users\kajal\OneDrive\Desktop\subscription\backend\node_modules\jsonwebtoken\verify.js:97:14)
    at module.exports [as verify] (C:\Users\kajal\OneDrive\Desktop\subscription\backend\node_modules\jsonwebtoken\verify.js:101:10)
    at authenticate (C:\Users\kajal\OneDrive\Desktop\subscription\backend\src\middleware\auth.js:14:25)
    at newFn (C:\Users\kajal\OneDrive\Desktop\subscription\backend\node_modules\express-async-errors\index.js:16:20)
    at Layer.handle [as handle_request] (C:\Users\kajal\OneDrive\Desktop\subscription\backend\node_modules\express\lib\router\layer.js:95:5)
    at trim_prefix (C:\Users\kajal\OneDrive\Desktop\subscription\backend\node_modules\express\lib\router\index.js:328:13)
    at C:\Users\kajal\OneDrive\Desktop\subscription\backend\node_modules\express\lib\router\index.js:286:9
    at Function.process_params (C:\Users\kajal\OneDrive\Desktop\subscription\backend\node_modules\express\lib\router\index.js:346:12)
    at next (C:\Users\kajal\OneDrive\Desktop\subscription\backend\node_modules\express\lib\router\index.js:280:10)
2026-05-08 19:05:39 [WARN]: Slow query detected {"query":"SELECT i.*, c.name AS customer_name, c.gst_number AS customer_gst\n         FROM invoices i\n         LEFT JOIN customers c ON i.customer_id = c.id\n         WHERE i.company_id = $1 AND i.deleted_at IS NULL\n         ORDER BY i.invoice_date DESC, i.created_at DESC\n         LIMIT $2 OFFSET $3","duration":"1427ms","rows":0}
2026-05-08 19:05:39 [WARN]: Slow query detected {"query":"SELECT COUNT(*) FROM invoices i WHERE i.company_id = $1 AND i.deleted_at IS NULL","duration":"1426ms","rows":1}
2026-05-08 19:19:22 [ERROR]: Error: jwt expired {"url":"/api/notifications/unread-count","method":"GET"}
TokenExpiredError: jwt expired
    at C:\Users\kajal\OneDrive\Desktop\subscription\backend\node_modules\jsonwebtoken\verify.js:190:21
    at getSecret (C:\Users\kajal\OneDrive\Desktop\subscription\backend\node_modules\jsonwebtoken\verify.js:97:14)
    at module.exports [as verify] (C:\Users\kajal\OneDrive\Desktop\subscription\backend\node_modules\jsonwebtoken\verify.js:101:10)
    at authenticate (C:\Users\kajal\OneDrive\Desktop\subscription\backend\src\middleware\auth.js:14:25)
    at newFn (C:\Users\kajal\OneDrive\Desktop\subscription\backend\node_modules\express-async-errors\index.js:16:20)
    at Layer.handle [as handle_request] (C:\Users\kajal\OneDrive\Desktop\subscription\backend\node_modules\express\lib\router\layer.js:95:5)
    at trim_prefix (C:\Users\kajal\OneDrive\Desktop\subscription\backend\node_modules\express\lib\router\index.js:328:13)
    at C:\Users\kajal\OneDrive\Desktop\subscription\backend\node_modules\express\lib\router\index.js:286:9
    at Function.process_params (C:\Users\kajal\OneDrive\Desktop\subscription\backend\node_modules\express\lib\router\index.js:346:12)
    at next (C:\Users\kajal\OneDrive\Desktop\subscription\backend\node_modules\express\lib\router\index.js:280:10)
2026-05-08 19:32:22 [WARN]: Slow query detected {"query":"SELECT COUNT(*)::int AS count \n      FROM products p\n      LEFT JOIN bill_of_materials b ON b.product_id = p.id AND b.is_active = TRUE\n      LEFT JOIN materials m ON m.id = p.finished_goods_material_id AND m.deleted_at IS NULL\n      LEFT JOIN LATERAL (\n        SELECT\n          SUM(po.produced_quantity)::numeric AS total_produced,\n          MAX(po.actual_end_date)            AS last_production_date\n        FROM production_orders po\n        WHERE po.product_id = p.id\n          AND po.status = 'completed'\n          AND po.company_id = $1\n      ) po_agg ON TRUE\n     WHERE p.company_id = $1 AND p.deleted_at IS NULL ","duration":"1418ms","rows":1}
2026-05-08 19:32:22 [WARN]: Slow query detected {"query":"SELECT DISTINCT category FROM products\n       WHERE company_id = $1 AND deleted_at IS NULL AND category IS NOT NULL\n       ORDER BY category","duration":"1505ms","rows":1}
2026-05-08 19:33:26 [WARN]: Slow query detected {"query":"SELECT ws.*, r.name AS role_name FROM workflow_stages ws\n         LEFT JOIN roles r ON ws.assigned_role = r.id\n         WHERE ws.template_id = $1 AND ws.is_active = TRUE\n         ORDER BY ws.sequence_order","duration":"1351ms","rows":5}
2026-05-08 19:34:30 [ERROR]: Error: jwt expired {"url":"/api/notifications/unread-count","method":"GET"}
TokenExpiredError: jwt expired
    at C:\Users\kajal\OneDrive\Desktop\subscription\backend\node_modules\jsonwebtoken\verify.js:190:21
    at getSecret (C:\Users\kajal\OneDrive\Desktop\subscription\backend\node_modules\jsonwebtoken\verify.js:97:14)
    at module.exports [as verify] (C:\Users\kajal\OneDrive\Desktop\subscription\backend\node_modules\jsonwebtoken\verify.js:101:10)
    at authenticate (C:\Users\kajal\OneDrive\Desktop\subscription\backend\src\middleware\auth.js:14:25)
    at newFn (C:\Users\kajal\OneDrive\Desktop\subscription\backend\node_modules\express-async-errors\index.js:16:20)
    at Layer.handle [as handle_request] (C:\Users\kajal\OneDrive\Desktop\subscription\backend\node_modules\express\lib\router\layer.js:95:5)
    at trim_prefix (C:\Users\kajal\OneDrive\Desktop\subscription\backend\node_modules\express\lib\router\index.js:328:13)
    at C:\Users\kajal\OneDrive\Desktop\subscription\backend\node_modules\express\lib\router\index.js:286:9
    at Function.process_params (C:\Users\kajal\OneDrive\Desktop\subscription\backend\node_modules\express\lib\router\index.js:346:12)
    at next (C:\Users\kajal\OneDrive\Desktop\subscription\backend\node_modules\express\lib\router\index.js:280:10)
2026-05-08 19:49:37 [ERROR]: Error: jwt expired {"url":"/api/notifications/unread-count","method":"GET"}
TokenExpiredError: jwt expired
    at C:\Users\kajal\OneDrive\Desktop\subscription\backend\node_modules\jsonwebtoken\verify.js:190:21
    at getSecret (C:\Users\kajal\OneDrive\Desktop\subscription\backend\node_modules\jsonwebtoken\verify.js:97:14)
    at module.exports [as verify] (C:\Users\kajal\OneDrive\Desktop\subscription\backend\node_modules\jsonwebtoken\verify.js:101:10)
    at authenticate (C:\Users\kajal\OneDrive\Desktop\subscription\backend\src\middleware\auth.js:14:25)
    at newFn (C:\Users\kajal\OneDrive\Desktop\subscription\backend\node_modules\express-async-errors\index.js:16:20)
    at Layer.handle [as handle_request] (C:\Users\kajal\OneDrive\Desktop\subscription\backend\node_modules\express\lib\router\layer.js:95:5)
    at trim_prefix (C:\Users\kajal\OneDrive\Desktop\subscription\backend\node_modules\express\lib\router\index.js:328:13)
    at C:\Users\kajal\OneDrive\Desktop\subscription\backend\node_modules\express\lib\router\index.js:286:9
    at Function.process_params (C:\Users\kajal\OneDrive\Desktop\subscription\backend\node_modules\express\lib\router\index.js:346:12)
    at next (C:\Users\kajal\OneDrive\Desktop\subscription\backend\node_modules\express\lib\router\index.js:280:10)
2026-05-08 19:56:50 [INFO]: 🚀 ERP Server running on port 5000 in development mode
2026-05-08 19:56:50 [INFO]: 📊 API: http://localhost:5000/api
2026-05-08 19:56:50 [INFO]: 🔌 Socket.IO: ws://localhost:5000
2026-05-08 19:56:50 [INFO]: ❤️  Health: http://localhost:5000/health
2026-05-08 19:56:51 [INFO]: Database connected successfully at Fri May 08 2026 19:56:55 GMT+0530 (India Standard Time)
2026-05-08 19:56:51 [INFO]: ✅ Database connected
2026-05-08 19:56:51 [INFO]: ✅ Redis connected
2026-05-08 19:58:23 [INFO]: 🚀 ERP Server running on port 5000 in development mode
2026-05-08 19:58:23 [INFO]: 📊 API: http://localhost:5000/api
2026-05-08 19:58:23 [INFO]: 🔌 Socket.IO: ws://localhost:5000
2026-05-08 19:58:23 [INFO]: ❤️  Health: http://localhost:5000/health
2026-05-08 19:58:24 [INFO]: Database connected successfully at Fri May 08 2026 19:58:29 GMT+0530 (India Standard Time)
2026-05-08 19:58:24 [INFO]: ✅ Database connected
2026-05-08 19:58:24 [INFO]: ✅ Redis connected
2026-05-08 20:01:50 [INFO]: 🚀 ERP Server running on port 5000 in development mode
2026-05-08 20:01:50 [INFO]: 📊 API: http://localhost:5000/api
2026-05-08 20:01:50 [INFO]: 🔌 Socket.IO: ws://localhost:5000
2026-05-08 20:01:50 [INFO]: ❤️  Health: http://localhost:5000/health
2026-05-08 20:01:51 [INFO]: Database connected successfully at Fri May 08 2026 20:01:56 GMT+0530 (India Standard Time)
2026-05-08 20:01:51 [INFO]: ✅ Database connected
2026-05-08 20:01:51 [INFO]: ✅ Redis connected
2026-05-08 20:02:05 [INFO]: 🚀 ERP Server running on port 5000 in development mode
2026-05-08 20:02:05 [INFO]: 📊 API: http://localhost:5000/api
2026-05-08 20:02:05 [INFO]: 🔌 Socket.IO: ws://localhost:5000
2026-05-08 20:02:05 [INFO]: ❤️  Health: http://localhost:5000/health
2026-05-08 20:02:06 [INFO]: Database connected successfully at Fri May 08 2026 20:02:10 GMT+0530 (India Standard Time)
2026-05-08 20:02:06 [INFO]: ✅ Database connected
2026-05-08 20:02:06 [INFO]: ✅ Redis connected
2026-05-08 20:02:12 [INFO]: 🚀 ERP Server running on port 5000 in development mode
2026-05-08 20:02:12 [INFO]: 📊 API: http://localhost:5000/api
2026-05-08 20:02:12 [INFO]: 🔌 Socket.IO: ws://localhost:5000
2026-05-08 20:02:12 [INFO]: ❤️  Health: http://localhost:5000/health
2026-05-08 20:02:13 [INFO]: Database connected successfully at Fri May 08 2026 20:02:18 GMT+0530 (India Standard Time)
2026-05-08 20:02:13 [INFO]: ✅ Database connected
2026-05-08 20:02:13 [INFO]: ✅ Redis connected
2026-05-08 20:03:06 [ERROR]: Database query error column p.current_stock does not exist {"query":"SELECT\n           p.*,\n           GREATEST(0, p.current_stock - p.reserved_stock)::numeric AS available_stock,\n           b.id AS bom_id,\n           (SELECT COUNT(*)::int FROM bom_items bi WHERE bi.bom_id = b.id) AS bom_item_count\n         \n      FROM products p\n      LEFT JOIN bill_of_materials b ON b.product_id = p.id AND b.is_active = TRUE\n      WHERE p.company_id = $1 AND p.deleted_at IS NULL \n    \n         ORDER BY p.name ASC\n         LIMIT $2 OFFSET $3"}
2026-05-08 20:03:06 [ERROR]: Error: column p.current_stock does not exist {"url":"/api/products?limit=200","method":"GET","userId":"cfc2c2df-0ca8-4f06-a42e-d98f24e0e562","companyId":"8cf84328-5d58-432e-b0c8-3c661d0344e7"}
error: column p.current_stock does not exist
    at C:\Users\kajal\OneDrive\Desktop\subscription\backend\node_modules\pg-pool\index.js:45:11
    at process.processTicksAndRejections (node:internal/process/task_queues:105:5)
    at async query (C:\Users\kajal\OneDrive\Desktop\subscription\backend\src\config\database.js:123:17)
    at async Promise.all (index 0)
    at async getAll (C:\Users\kajal\OneDrive\Desktop\subscription\backend\src\controllers\product.controller.js:56:33)
2026-05-08 20:03:07 [ERROR]: Database query error column p.produced_qty does not exist {"query":"SELECT\n           COUNT(p.id)::int                                                                  AS total_products,\n           COUNT(p.id) FILTER (WHERE p.is_active)::int                                      AS active_products,\n           COUNT(b.id)::int                                                                  AS products_with_bom,\n           COUNT(p.id) FILTER (WHERE p.produced_qty > 0 AND p.current_stock <= 0)::int     AS out_of_stock,\n           COUNT(p.id) FILTER (WHERE p.current_stock > 0 AND p.current_stock <= $2)::int   AS low_stock,\n           COALESCE(SUM(p.current_stock), 0)::numeric                                       AS total_current_stock,\n           COALESCE(SUM(p.produced_qty),  0)::numeric                                       AS total_produced_ever\n         FROM products p\n         LEFT JOIN bill_of_materials b ON b.product_id = p.id AND b.is_active = TRUE\n         WHERE p.company_id = $1 AND p.deleted_at IS NULL"}
2026-05-08 20:03:07 [ERROR]: Error: column p.produced_qty does not exist {"url":"/api/products/summary","method":"GET","userId":"cfc2c2df-0ca8-4f06-a42e-d98f24e0e562","companyId":"8cf84328-5d58-432e-b0c8-3c661d0344e7"}
error: column p.produced_qty does not exist
    at C:\Users\kajal\OneDrive\Desktop\subscription\backend\node_modules\pg-pool\index.js:45:11
    at process.processTicksAndRejections (node:internal/process/task_queues:105:5)
    at async query (C:\Users\kajal\OneDrive\Desktop\subscription\backend\src\config\database.js:123:17)
    at async Promise.all (index 0)
    at async getSummary (C:\Users\kajal\OneDrive\Desktop\subscription\backend\src\controllers\product.controller.js:82:36)
2026-05-08 20:03:07 [ERROR]: Database query error column p.current_stock does not exist {"query":"SELECT\n           p.*,\n           GREATEST(0, p.current_stock - p.reserved_stock)::numeric AS available_stock,\n           b.id AS bom_id,\n           (SELECT COUNT(*)::int FROM bom_items bi WHERE bi.bom_id = b.id) AS bom_item_count\n         \n      FROM products p\n      LEFT JOIN bill_of_materials b ON b.product_id = p.id AND b.is_active = TRUE\n      WHERE p.company_id = $1 AND p.deleted_at IS NULL \n    \n         ORDER BY p.name ASC\n         LIMIT $2 OFFSET $3"}
2026-05-08 20:03:07 [ERROR]: Error: column p.current_stock does not exist {"url":"/api/products?limit=200","method":"GET","userId":"cfc2c2df-0ca8-4f06-a42e-d98f24e0e562","companyId":"8cf84328-5d58-432e-b0c8-3c661d0344e7"}
error: column p.current_stock does not exist
    at C:\Users\kajal\OneDrive\Desktop\subscription\backend\node_modules\pg-pool\index.js:45:11
    at process.processTicksAndRejections (node:internal/process/task_queues:105:5)
    at async query (C:\Users\kajal\OneDrive\Desktop\subscription\backend\src\config\database.js:123:17)
    at async Promise.all (index 0)
    at async getAll (C:\Users\kajal\OneDrive\Desktop\subscription\backend\src\controllers\product.controller.js:56:33)
2026-05-08 20:03:08 [ERROR]: Database query error column p.current_stock does not exist {"query":"SELECT\n           p.*,\n           GREATEST(0, p.current_stock - p.reserved_stock)::numeric AS available_stock,\n           b.id AS bom_id,\n           (SELECT COUNT(*)::int FROM bom_items bi WHERE bi.bom_id = b.id) AS bom_item_count\n         \n      FROM products p\n      LEFT JOIN bill_of_materials b ON b.product_id = p.id AND b.is_active = TRUE\n      WHERE p.company_id = $1 AND p.deleted_at IS NULL \n    \n         ORDER BY p.name ASC\n         LIMIT $2 OFFSET $3"}
2026-05-08 20:03:08 [ERROR]: Error: column p.current_stock does not exist {"url":"/api/products?limit=200","method":"GET","userId":"cfc2c2df-0ca8-4f06-a42e-d98f24e0e562","companyId":"8cf84328-5d58-432e-b0c8-3c661d0344e7"}
error: column p.current_stock does not exist
    at C:\Users\kajal\OneDrive\Desktop\subscription\backend\node_modules\pg-pool\index.js:45:11
    at process.processTicksAndRejections (node:internal/process/task_queues:105:5)
    at async query (C:\Users\kajal\OneDrive\Desktop\subscription\backend\src\config\database.js:123:17)
    at async Promise.all (index 0)
    at async getAll (C:\Users\kajal\OneDrive\Desktop\subscription\backend\src\controllers\product.controller.js:56:33)
2026-05-08 20:03:09 [WARN]: Slow query detected {"query":"SELECT COALESCE(SUM(po.produced_quantity), 0)::numeric AS produced_today\n         FROM production_orders po\n         WHERE po.company_id = $1\n           AND po.status = 'completed'\n           AND po.actual_end_date::date = CURRENT_DATE","duration":"1095ms","rows":1}
2026-05-08 20:03:09 [ERROR]: Database query error column p.produced_qty does not exist {"query":"SELECT\n           COUNT(p.id)::int                                                                  AS total_products,\n           COUNT(p.id) FILTER (WHERE p.is_active)::int                                      AS active_products,\n           COUNT(b.id)::int                                                                  AS products_with_bom,\n           COUNT(p.id) FILTER (WHERE p.produced_qty > 0 AND p.current_stock <= 0)::int     AS out_of_stock,\n           COUNT(p.id) FILTER (WHERE p.current_stock > 0 AND p.current_stock <= $2)::int   AS low_stock,\n           COALESCE(SUM(p.current_stock), 0)::numeric                                       AS total_current_stock,\n           COALESCE(SUM(p.produced_qty),  0)::numeric                                       AS total_produced_ever\n         FROM products p\n         LEFT JOIN bill_of_materials b ON b.product_id = p.id AND b.is_active = TRUE\n         WHERE p.company_id = $1 AND p.deleted_at IS NULL"}
2026-05-08 20:03:09 [ERROR]: Error: column p.produced_qty does not exist {"url":"/api/products/summary","method":"GET","userId":"cfc2c2df-0ca8-4f06-a42e-d98f24e0e562","companyId":"8cf84328-5d58-432e-b0c8-3c661d0344e7"}
error: column p.produced_qty does not exist
    at C:\Users\kajal\OneDrive\Desktop\subscription\backend\node_modules\pg-pool\index.js:45:11
    at process.processTicksAndRejections (node:internal/process/task_queues:105:5)
    at async query (C:\Users\kajal\OneDrive\Desktop\subscription\backend\src\config\database.js:123:17)
    at async Promise.all (index 0)
    at async getSummary (C:\Users\kajal\OneDrive\Desktop\subscription\backend\src\controllers\product.controller.js:82:36)
2026-05-08 20:03:09 [WARN]: Slow query detected {"query":"SELECT DISTINCT category FROM products\n       WHERE company_id = $1 AND deleted_at IS NULL AND category IS NOT NULL\n       ORDER BY category","duration":"1209ms","rows":1}
2026-05-08 20:03:10 [ERROR]: Database query error column p.current_stock does not exist {"query":"SELECT\n           p.*,\n           GREATEST(0, p.current_stock - p.reserved_stock)::numeric AS available_stock,\n           b.id AS bom_id,\n           (SELECT COUNT(*)::int FROM bom_items bi WHERE bi.bom_id = b.id) AS bom_item_count\n         \n      FROM products p\n      LEFT JOIN bill_of_materials b ON b.product_id = p.id AND b.is_active = TRUE\n      WHERE p.company_id = $1 AND p.deleted_at IS NULL \n    \n         ORDER BY p.name ASC\n         LIMIT $2 OFFSET $3"}
2026-05-08 20:03:10 [ERROR]: Error: column p.current_stock does not exist {"url":"/api/products?limit=200","method":"GET","userId":"cfc2c2df-0ca8-4f06-a42e-d98f24e0e562","companyId":"8cf84328-5d58-432e-b0c8-3c661d0344e7"}
error: column p.current_stock does not exist
    at C:\Users\kajal\OneDrive\Desktop\subscription\backend\node_modules\pg-pool\index.js:45:11
    at process.processTicksAndRejections (node:internal/process/task_queues:105:5)
    at async query (C:\Users\kajal\OneDrive\Desktop\subscription\backend\src\config\database.js:123:17)
    at async Promise.all (index 0)
    at async getAll (C:\Users\kajal\OneDrive\Desktop\subscription\backend\src\controllers\product.controller.js:56:33)
2026-05-08 20:03:10 [ERROR]: Database query error column p.produced_qty does not exist {"query":"SELECT\n           COUNT(p.id)::int                                                                  AS total_products,\n           COUNT(p.id) FILTER (WHERE p.is_active)::int                                      AS active_products,\n           COUNT(b.id)::int                                                                  AS products_with_bom,\n           COUNT(p.id) FILTER (WHERE p.produced_qty > 0 AND p.current_stock <= 0)::int     AS out_of_stock,\n           COUNT(p.id) FILTER (WHERE p.current_stock > 0 AND p.current_stock <= $2)::int   AS low_stock,\n           COALESCE(SUM(p.current_stock), 0)::numeric                                       AS total_current_stock,\n           COALESCE(SUM(p.produced_qty),  0)::numeric                                       AS total_produced_ever\n         FROM products p\n         LEFT JOIN bill_of_materials b ON b.product_id = p.id AND b.is_active = TRUE\n         WHERE p.company_id = $1 AND p.deleted_at IS NULL"}
2026-05-08 20:03:10 [ERROR]: Error: column p.produced_qty does not exist {"url":"/api/products/summary","method":"GET","userId":"cfc2c2df-0ca8-4f06-a42e-d98f24e0e562","companyId":"8cf84328-5d58-432e-b0c8-3c661d0344e7"}
error: column p.produced_qty does not exist
    at C:\Users\kajal\OneDrive\Desktop\subscription\backend\node_modules\pg-pool\index.js:45:11
    at process.processTicksAndRejections (node:internal/process/task_queues:105:5)
    at async query (C:\Users\kajal\OneDrive\Desktop\subscription\backend\src\config\database.js:123:17)
    at async Promise.all (index 0)
    at async getSummary (C:\Users\kajal\OneDrive\Desktop\subscription\backend\src\controllers\product.controller.js:82:36)
2026-05-08 20:03:46 [INFO]: SIGINT received. Shutting down gracefully...
2026-05-08 20:04:01 [INFO]: 🚀 ERP Server running on port 5000 in development mode
2026-05-08 20:04:01 [INFO]: 📊 API: http://localhost:5000/api
2026-05-08 20:04:01 [INFO]: 🔌 Socket.IO: ws://localhost:5000
2026-05-08 20:04:01 [INFO]: ❤️  Health: http://localhost:5000/health
2026-05-08 20:04:02 [INFO]: Database connected successfully at Fri May 08 2026 20:04:07 GMT+0530 (India Standard Time)
2026-05-08 20:04:02 [INFO]: ✅ Database connected
2026-05-08 20:04:02 [INFO]: ✅ Redis connected
2026-05-08 20:04:37 [ERROR]: Database query error column p.produced_qty does not exist {"query":"SELECT\n           COUNT(p.id)::int                                                                  AS total_products,\n           COUNT(p.id) FILTER (WHERE p.is_active)::int                                      AS active_products,\n           COUNT(b.id)::int                                                                  AS products_with_bom,\n           COUNT(p.id) FILTER (WHERE p.produced_qty > 0 AND p.current_stock <= 0)::int     AS out_of_stock,\n           COUNT(p.id) FILTER (WHERE p.current_stock > 0 AND p.current_stock <= $2)::int   AS low_stock,\n           COALESCE(SUM(p.current_stock), 0)::numeric                                       AS total_current_stock,\n           COALESCE(SUM(p.produced_qty),  0)::numeric                                       AS total_produced_ever\n         FROM products p\n         LEFT JOIN bill_of_materials b ON b.product_id = p.id AND b.is_active = TRUE\n         WHERE p.company_id = $1 AND p.deleted_at IS NULL"}
2026-05-08 20:04:37 [ERROR]: Error: column p.produced_qty does not exist {"url":"/api/products/summary","method":"GET","userId":"cfc2c2df-0ca8-4f06-a42e-d98f24e0e562","companyId":"8cf84328-5d58-432e-b0c8-3c661d0344e7"}
error: column p.produced_qty does not exist
    at C:\Users\kajal\OneDrive\Desktop\subscription\backend\node_modules\pg-pool\index.js:45:11
    at process.processTicksAndRejections (node:internal/process/task_queues:105:5)
    at async query (C:\Users\kajal\OneDrive\Desktop\subscription\backend\src\config\database.js:123:17)
    at async Promise.all (index 0)
    at async getSummary (C:\Users\kajal\OneDrive\Desktop\subscription\backend\src\controllers\product.controller.js:82:36)
2026-05-08 20:04:37 [ERROR]: Database query error column p.current_stock does not exist {"query":"SELECT\n           p.*,\n           GREATEST(0, p.current_stock - p.reserved_stock)::numeric AS available_stock,\n           b.id AS bom_id,\n           (SELECT COUNT(*)::int FROM bom_items bi WHERE bi.bom_id = b.id) AS bom_item_count\n         \n      FROM products p\n      LEFT JOIN bill_of_materials b ON b.product_id = p.id AND b.is_active = TRUE\n      WHERE p.company_id = $1 AND p.deleted_at IS NULL \n    \n         ORDER BY p.name ASC\n         LIMIT $2 OFFSET $3"}
2026-05-08 20:04:37 [ERROR]: Error: column p.current_stock does not exist {"url":"/api/products?limit=200","method":"GET","userId":"cfc2c2df-0ca8-4f06-a42e-d98f24e0e562","companyId":"8cf84328-5d58-432e-b0c8-3c661d0344e7"}
error: column p.current_stock does not exist
    at C:\Users\kajal\OneDrive\Desktop\subscription\backend\node_modules\pg-pool\index.js:45:11
    at process.processTicksAndRejections (node:internal/process/task_queues:105:5)
    at async query (C:\Users\kajal\OneDrive\Desktop\subscription\backend\src\config\database.js:123:17)
    at async Promise.all (index 0)
    at async getAll (C:\Users\kajal\OneDrive\Desktop\subscription\backend\src\controllers\product.controller.js:56:33)
2026-05-08 20:04:38 [ERROR]: Error: jwt expired {"url":"/api/products/summary","method":"GET"}
TokenExpiredError: jwt expired
    at C:\Users\kajal\OneDrive\Desktop\subscription\backend\node_modules\jsonwebtoken\verify.js:190:21
    at getSecret (C:\Users\kajal\OneDrive\Desktop\subscription\backend\node_modules\jsonwebtoken\verify.js:97:14)
    at module.exports [as verify] (C:\Users\kajal\OneDrive\Desktop\subscription\backend\node_modules\jsonwebtoken\verify.js:101:10)
    at authenticate (C:\Users\kajal\OneDrive\Desktop\subscription\backend\src\middleware\auth.js:14:25)
    at newFn (C:\Users\kajal\OneDrive\Desktop\subscription\backend\node_modules\express-async-errors\index.js:16:20)
    at Layer.handle [as handle_request] (C:\Users\kajal\OneDrive\Desktop\subscription\backend\node_modules\express\lib\router\layer.js:95:5)
    at trim_prefix (C:\Users\kajal\OneDrive\Desktop\subscription\backend\node_modules\express\lib\router\index.js:328:13)
    at C:\Users\kajal\OneDrive\Desktop\subscription\backend\node_modules\express\lib\router\index.js:286:9
    at Function.process_params (C:\Users\kajal\OneDrive\Desktop\subscription\backend\node_modules\express\lib\router\index.js:346:12)
    at next (C:\Users\kajal\OneDrive\Desktop\subscription\backend\node_modules\express\lib\router\index.js:280:10)
2026-05-08 20:04:38 [ERROR]: Error: jwt expired {"url":"/api/products?limit=200","method":"GET"}
TokenExpiredError: jwt expired
    at C:\Users\kajal\OneDrive\Desktop\subscription\backend\node_modules\jsonwebtoken\verify.js:190:21
    at getSecret (C:\Users\kajal\OneDrive\Desktop\subscription\backend\node_modules\jsonwebtoken\verify.js:97:14)
    at module.exports [as verify] (C:\Users\kajal\OneDrive\Desktop\subscription\backend\node_modules\jsonwebtoken\verify.js:101:10)
    at authenticate (C:\Users\kajal\OneDrive\Desktop\subscription\backend\src\middleware\auth.js:14:25)
    at newFn (C:\Users\kajal\OneDrive\Desktop\subscription\backend\node_modules\express-async-errors\index.js:16:20)
    at Layer.handle [as handle_request] (C:\Users\kajal\OneDrive\Desktop\subscription\backend\node_modules\express\lib\router\layer.js:95:5)
    at trim_prefix (C:\Users\kajal\OneDrive\Desktop\subscription\backend\node_modules\express\lib\router\index.js:328:13)
    at C:\Users\kajal\OneDrive\Desktop\subscription\backend\node_modules\express\lib\router\index.js:286:9
    at Function.process_params (C:\Users\kajal\OneDrive\Desktop\subscription\backend\node_modules\express\lib\router\index.js:346:12)
    at next (C:\Users\kajal\OneDrive\Desktop\subscription\backend\node_modules\express\lib\router\index.js:280:10)
2026-05-08 20:04:38 [ERROR]: Database query error column p.produced_qty does not exist {"query":"SELECT\n           COUNT(p.id)::int                                                                  AS total_products,\n           COUNT(p.id) FILTER (WHERE p.is_active)::int                                      AS active_products,\n           COUNT(b.id)::int                                                                  AS products_with_bom,\n           COUNT(p.id) FILTER (WHERE p.produced_qty > 0 AND p.current_stock <= 0)::int     AS out_of_stock,\n           COUNT(p.id) FILTER (WHERE p.current_stock > 0 AND p.current_stock <= $2)::int   AS low_stock,\n           COALESCE(SUM(p.current_stock), 0)::numeric                                       AS total_current_stock,\n           COALESCE(SUM(p.produced_qty),  0)::numeric                                       AS total_produced_ever\n         FROM products p\n         LEFT JOIN bill_of_materials b ON b.product_id = p.id AND b.is_active = TRUE\n         WHERE p.company_id = $1 AND p.deleted_at IS NULL"}
2026-05-08 20:04:38 [ERROR]: Error: column p.produced_qty does not exist {"url":"/api/products/summary","method":"GET","userId":"cfc2c2df-0ca8-4f06-a42e-d98f24e0e562","companyId":"8cf84328-5d58-432e-b0c8-3c661d0344e7"}
error: column p.produced_qty does not exist
    at C:\Users\kajal\OneDrive\Desktop\subscription\backend\node_modules\pg-pool\index.js:45:11
    at process.processTicksAndRejections (node:internal/process/task_queues:105:5)
    at async query (C:\Users\kajal\OneDrive\Desktop\subscription\backend\src\config\database.js:123:17)
    at async Promise.all (index 0)
    at async getSummary (C:\Users\kajal\OneDrive\Desktop\subscription\backend\src\controllers\product.controller.js:82:36)
2026-05-08 20:04:38 [ERROR]: Database query error column p.current_stock does not exist {"query":"SELECT\n           p.*,\n           GREATEST(0, p.current_stock - p.reserved_stock)::numeric AS available_stock,\n           b.id AS bom_id,\n           (SELECT COUNT(*)::int FROM bom_items bi WHERE bi.bom_id = b.id) AS bom_item_count\n         \n      FROM products p\n      LEFT JOIN bill_of_materials b ON b.product_id = p.id AND b.is_active = TRUE\n      WHERE p.company_id = $1 AND p.deleted_at IS NULL \n    \n         ORDER BY p.name ASC\n         LIMIT $2 OFFSET $3"}
2026-05-08 20:04:38 [ERROR]: Error: column p.current_stock does not exist {"url":"/api/products?limit=200","method":"GET","userId":"cfc2c2df-0ca8-4f06-a42e-d98f24e0e562","companyId":"8cf84328-5d58-432e-b0c8-3c661d0344e7"}
error: column p.current_stock does not exist
    at C:\Users\kajal\OneDrive\Desktop\subscription\backend\node_modules\pg-pool\index.js:45:11
    at process.processTicksAndRejections (node:internal/process/task_queues:105:5)
    at async query (C:\Users\kajal\OneDrive\Desktop\subscription\backend\src\config\database.js:123:17)
    at async Promise.all (index 0)
    at async getAll (C:\Users\kajal\OneDrive\Desktop\subscription\backend\src\controllers\product.controller.js:56:33)
2026-05-08 20:12:26 [WARN]: Slow query detected {"query":"SELECT COALESCE(SUM(net_amount), 0) AS total_revenue,\n           COALESCE(SUM(net_amount) FILTER (WHERE payment_status = 'paid'), 0) AS paid_revenue,\n           COALESCE(SUM(balance_amount) FILTER (WHERE payment_status != 'paid'), 0) AS pending_revenue,\n           COUNT(*) AS total_invoices\n         FROM invoices WHERE company_id = $1 AND deleted_at IS NULL\n         AND invoice_date >= NOW() - INTERVAL '30 days'","duration":"1013ms","rows":1}
2026-05-08 20:12:26 [WARN]: Slow query detected {"query":"SELECT m.name, m.code, SUM(po.produced_quantity) AS total_produced,\n                SUM(po.rejected_quantity) AS total_rejected\n         FROM production_orders po\n         JOIN materials m ON po.product_material_id = m.id\n         WHERE po.company_id = $1 AND po.deleted_at IS NULL\n         AND po.created_at >= NOW() - INTERVAL '30 days'\n         GROUP BY m.id, m.name, m.code\n         ORDER BY total_produced DESC LIMIT 10","duration":"1099ms","rows":0}
2026-05-08 20:12:26 [WARN]: Slow query detected {"query":"SELECT m.id, m.code, m.name, m.unit, m.current_stock, m.minimum_stock,\n              m.reorder_level, m.reorder_quantity, m.purchase_rate,\n              mc.name AS category_name, w.name AS warehouse_name,\n              s.name AS supplier_name, s.contact_person AS supplier_contact, s.phone AS supplier_phone\n       FROM materials m\n       LEFT JOIN material_categories mc ON m.category_id = mc.id\n       LEFT JOIN warehouses w ON m.warehouse_id = w.id\n       LEFT JOIN suppliers s ON m.supplier_id = s.id\n       WHERE m.company_id = $1 AND m.current_stock <= m.minimum_stock\n       AND m.is_active = TRUE AND m.deleted_at IS NULL\n       ORDER BY (m.current_stock / NULLIF(m.minimum_stock, 0)) ASC\n       LIMIT 20","duration":"1124ms","rows":12}
2026-05-08 20:12:26 [WARN]: Slow query detected {"query":"SELECT po.id, po.order_number, po.status, po.priority,\n              po.planned_start_date, po.planned_end_date, po.actual_start_date, po.actual_end_date,\n              m.name AS product_name,\n              ws.name AS current_stage, ws.color AS stage_color,\n              CASE WHEN po.planned_end_date < CURRENT_DATE AND po.status NOT IN ('completed','cancelled') THEN TRUE ELSE FALSE END AS is_delayed\n       FROM production_orders po\n       LEFT JOIN materials m ON po.product_material_id = m.id\n       LEFT JOIN workflow_stages ws ON po.current_stage_id = ws.id\n       WHERE po.company_id = $1 AND po.deleted_at IS NULL\n       AND po.status NOT IN ('cancelled')\n       ORDER BY po.planned_start_date ASC\n       LIMIT 50","duration":"1130ms","rows":4}
2026-05-08 20:12:36 [ERROR]: Database query error column p.current_stock does not exist {"query":"SELECT\n           p.*,\n           GREATEST(0, p.current_stock - p.reserved_stock)::numeric AS available_stock,\n           b.id AS bom_id,\n           (SELECT COUNT(*)::int FROM bom_items bi WHERE bi.bom_id = b.id) AS bom_item_count\n         \n      FROM products p\n      LEFT JOIN bill_of_materials b ON b.product_id = p.id AND b.is_active = TRUE\n      WHERE p.company_id = $1 AND p.deleted_at IS NULL \n    \n         ORDER BY p.name ASC\n         LIMIT $2 OFFSET $3"}
2026-05-08 20:12:36 [ERROR]: Error: column p.current_stock does not exist {"url":"/api/products?limit=200","method":"GET","userId":"cfc2c2df-0ca8-4f06-a42e-d98f24e0e562","companyId":"8cf84328-5d58-432e-b0c8-3c661d0344e7"}
error: column p.current_stock does not exist
    at C:\Users\kajal\OneDrive\Desktop\subscription\backend\node_modules\pg-pool\index.js:45:11
    at process.processTicksAndRejections (node:internal/process/task_queues:105:5)
    at async query (C:\Users\kajal\OneDrive\Desktop\subscription\backend\src\config\database.js:123:17)
    at async Promise.all (index 0)
    at async getAll (C:\Users\kajal\OneDrive\Desktop\subscription\backend\src\controllers\product.controller.js:56:33)
2026-05-08 20:12:36 [ERROR]: Database query error column p.produced_qty does not exist {"query":"SELECT\n           COUNT(p.id)::int                                                                  AS total_products,\n           COUNT(p.id) FILTER (WHERE p.is_active)::int                                      AS active_products,\n           COUNT(b.id)::int                                                                  AS products_with_bom,\n           COUNT(p.id) FILTER (WHERE p.produced_qty > 0 AND p.current_stock <= 0)::int     AS out_of_stock,\n           COUNT(p.id) FILTER (WHERE p.current_stock > 0 AND p.current_stock <= $2)::int   AS low_stock,\n           COALESCE(SUM(p.current_stock), 0)::numeric                                       AS total_current_stock,\n           COALESCE(SUM(p.produced_qty),  0)::numeric                                       AS total_produced_ever\n         FROM products p\n         LEFT JOIN bill_of_materials b ON b.product_id = p.id AND b.is_active = TRUE\n         WHERE p.company_id = $1 AND p.deleted_at IS NULL"}
2026-05-08 20:12:36 [ERROR]: Error: column p.produced_qty does not exist {"url":"/api/products/summary","method":"GET","userId":"cfc2c2df-0ca8-4f06-a42e-d98f24e0e562","companyId":"8cf84328-5d58-432e-b0c8-3c661d0344e7"}
error: column p.produced_qty does not exist
    at C:\Users\kajal\OneDrive\Desktop\subscription\backend\node_modules\pg-pool\index.js:45:11
    at process.processTicksAndRejections (node:internal/process/task_queues:105:5)
    at async query (C:\Users\kajal\OneDrive\Desktop\subscription\backend\src\config\database.js:123:17)
    at async Promise.all (index 0)
    at async getSummary (C:\Users\kajal\OneDrive\Desktop\subscription\backend\src\controllers\product.controller.js:82:36)
2026-05-08 20:12:37 [ERROR]: Database query error column p.current_stock does not exist {"query":"SELECT\n           p.*,\n           GREATEST(0, p.current_stock - p.reserved_stock)::numeric AS available_stock,\n           b.id AS bom_id,\n           (SELECT COUNT(*)::int FROM bom_items bi WHERE bi.bom_id = b.id) AS bom_item_count\n         \n      FROM products p\n      LEFT JOIN bill_of_materials b ON b.product_id = p.id AND b.is_active = TRUE\n      WHERE p.company_id = $1 AND p.deleted_at IS NULL \n    \n         ORDER BY p.name ASC\n         LIMIT $2 OFFSET $3"}
2026-05-08 20:12:37 [ERROR]: Error: column p.current_stock does not exist {"url":"/api/products?limit=200","method":"GET","userId":"cfc2c2df-0ca8-4f06-a42e-d98f24e0e562","companyId":"8cf84328-5d58-432e-b0c8-3c661d0344e7"}
error: column p.current_stock does not exist
    at C:\Users\kajal\OneDrive\Desktop\subscription\backend\node_modules\pg-pool\index.js:45:11
    at process.processTicksAndRejections (node:internal/process/task_queues:105:5)
    at async query (C:\Users\kajal\OneDrive\Desktop\subscription\backend\src\config\database.js:123:17)
    at async Promise.all (index 0)
    at async getAll (C:\Users\kajal\OneDrive\Desktop\subscription\backend\src\controllers\product.controller.js:56:33)
2026-05-08 20:12:37 [ERROR]: Database query error column p.produced_qty does not exist {"query":"SELECT\n           COUNT(p.id)::int                                                                  AS total_products,\n           COUNT(p.id) FILTER (WHERE p.is_active)::int                                      AS active_products,\n           COUNT(b.id)::int                                                                  AS products_with_bom,\n           COUNT(p.id) FILTER (WHERE p.produced_qty > 0 AND p.current_stock <= 0)::int     AS out_of_stock,\n           COUNT(p.id) FILTER (WHERE p.current_stock > 0 AND p.current_stock <= $2)::int   AS low_stock,\n           COALESCE(SUM(p.current_stock), 0)::numeric                                       AS total_current_stock,\n           COALESCE(SUM(p.produced_qty),  0)::numeric                                       AS total_produced_ever\n         FROM products p\n         LEFT JOIN bill_of_materials b ON b.product_id = p.id AND b.is_active = TRUE\n         WHERE p.company_id = $1 AND p.deleted_at IS NULL"}
2026-05-08 20:12:37 [ERROR]: Error: column p.produced_qty does not exist {"url":"/api/products/summary","method":"GET","userId":"cfc2c2df-0ca8-4f06-a42e-d98f24e0e562","companyId":"8cf84328-5d58-432e-b0c8-3c661d0344e7"}
error: column p.produced_qty does not exist
    at C:\Users\kajal\OneDrive\Desktop\subscription\backend\node_modules\pg-pool\index.js:45:11
    at process.processTicksAndRejections (node:internal/process/task_queues:105:5)
    at async query (C:\Users\kajal\OneDrive\Desktop\subscription\backend\src\config\database.js:123:17)
    at async Promise.all (index 0)
    at async getSummary (C:\Users\kajal\OneDrive\Desktop\subscription\backend\src\controllers\product.controller.js:82:36)
2026-05-08 20:14:05 [ERROR]: Database query error column p.current_stock does not exist {"query":"SELECT\n           p.*,\n           GREATEST(0, p.current_stock - p.reserved_stock)::numeric AS available_stock,\n           b.id AS bom_id,\n           (SELECT COUNT(*)::int FROM bom_items bi WHERE bi.bom_id = b.id) AS bom_item_count\n         \n      FROM products p\n      LEFT JOIN bill_of_materials b ON b.product_id = p.id AND b.is_active = TRUE\n      WHERE p.company_id = $1 AND p.deleted_at IS NULL \n    \n         ORDER BY p.name ASC\n         LIMIT $2 OFFSET $3"}
2026-05-08 20:14:05 [ERROR]: Error: column p.current_stock does not exist {"url":"/api/products?limit=200","method":"GET","userId":"cfc2c2df-0ca8-4f06-a42e-d98f24e0e562","companyId":"8cf84328-5d58-432e-b0c8-3c661d0344e7"}
error: column p.current_stock does not exist
    at C:\Users\kajal\OneDrive\Desktop\subscription\backend\node_modules\pg-pool\index.js:45:11
    at process.processTicksAndRejections (node:internal/process/task_queues:105:5)
    at async query (C:\Users\kajal\OneDrive\Desktop\subscription\backend\src\config\database.js:123:17)
    at async Promise.all (index 0)
    at async getAll (C:\Users\kajal\OneDrive\Desktop\subscription\backend\src\controllers\product.controller.js:56:33)
2026-05-08 20:14:05 [ERROR]: Database query error column p.produced_qty does not exist {"query":"SELECT\n           COUNT(p.id)::int                                                                  AS total_products,\n           COUNT(p.id) FILTER (WHERE p.is_active)::int                                      AS active_products,\n           COUNT(b.id)::int                                                                  AS products_with_bom,\n           COUNT(p.id) FILTER (WHERE p.produced_qty > 0 AND p.current_stock <= 0)::int     AS out_of_stock,\n           COUNT(p.id) FILTER (WHERE p.current_stock > 0 AND p.current_stock <= $2)::int   AS low_stock,\n           COALESCE(SUM(p.current_stock), 0)::numeric                                       AS total_current_stock,\n           COALESCE(SUM(p.produced_qty),  0)::numeric                                       AS total_produced_ever\n         FROM products p\n         LEFT JOIN bill_of_materials b ON b.product_id = p.id AND b.is_active = TRUE\n         WHERE p.company_id = $1 AND p.deleted_at IS NULL"}
2026-05-08 20:14:05 [ERROR]: Error: column p.produced_qty does not exist {"url":"/api/products/summary","method":"GET","userId":"cfc2c2df-0ca8-4f06-a42e-d98f24e0e562","companyId":"8cf84328-5d58-432e-b0c8-3c661d0344e7"}
error: column p.produced_qty does not exist
    at C:\Users\kajal\OneDrive\Desktop\subscription\backend\node_modules\pg-pool\index.js:45:11
    at process.processTicksAndRejections (node:internal/process/task_queues:105:5)
    at async query (C:\Users\kajal\OneDrive\Desktop\subscription\backend\src\config\database.js:123:17)
    at async Promise.all (index 0)
    at async getSummary (C:\Users\kajal\OneDrive\Desktop\subscription\backend\src\controllers\product.controller.js:82:36)
2026-05-08 20:14:06 [ERROR]: Database query error column p.current_stock does not exist {"query":"SELECT\n           p.*,\n           GREATEST(0, p.current_stock - p.reserved_stock)::numeric AS available_stock,\n           b.id AS bom_id,\n           (SELECT COUNT(*)::int FROM bom_items bi WHERE bi.bom_id = b.id) AS bom_item_count\n         \n      FROM products p\n      LEFT JOIN bill_of_materials b ON b.product_id = p.id AND b.is_active = TRUE\n      WHERE p.company_id = $1 AND p.deleted_at IS NULL \n    \n         ORDER BY p.name ASC\n         LIMIT $2 OFFSET $3"}
2026-05-08 20:14:06 [ERROR]: Error: column p.current_stock does not exist {"url":"/api/products?limit=200","method":"GET","userId":"cfc2c2df-0ca8-4f06-a42e-d98f24e0e562","companyId":"8cf84328-5d58-432e-b0c8-3c661d0344e7"}
error: column p.current_stock does not exist
    at C:\Users\kajal\OneDrive\Desktop\subscription\backend\node_modules\pg-pool\index.js:45:11
    at process.processTicksAndRejections (node:internal/process/task_queues:105:5)
    at async query (C:\Users\kajal\OneDrive\Desktop\subscription\backend\src\config\database.js:123:17)
    at async Promise.all (index 0)
    at async getAll (C:\Users\kajal\OneDrive\Desktop\subscription\backend\src\controllers\product.controller.js:56:33)
2026-05-08 20:14:07 [ERROR]: Database query error column p.produced_qty does not exist {"query":"SELECT\n           COUNT(p.id)::int                                                                  AS total_products,\n           COUNT(p.id) FILTER (WHERE p.is_active)::int                                      AS active_products,\n           COUNT(b.id)::int                                                                  AS products_with_bom,\n           COUNT(p.id) FILTER (WHERE p.produced_qty > 0 AND p.current_stock <= 0)::int     AS out_of_stock,\n           COUNT(p.id) FILTER (WHERE p.current_stock > 0 AND p.current_stock <= $2)::int   AS low_stock,\n           COALESCE(SUM(p.current_stock), 0)::numeric                                       AS total_current_stock,\n           COALESCE(SUM(p.produced_qty),  0)::numeric                                       AS total_produced_ever\n         FROM products p\n         LEFT JOIN bill_of_materials b ON b.product_id = p.id AND b.is_active = TRUE\n         WHERE p.company_id = $1 AND p.deleted_at IS NULL"}
2026-05-08 20:14:07 [ERROR]: Error: column p.produced_qty does not exist {"url":"/api/products/summary","method":"GET","userId":"cfc2c2df-0ca8-4f06-a42e-d98f24e0e562","companyId":"8cf84328-5d58-432e-b0c8-3c661d0344e7"}
error: column p.produced_qty does not exist
    at C:\Users\kajal\OneDrive\Desktop\subscription\backend\node_modules\pg-pool\index.js:45:11
    at process.processTicksAndRejections (node:internal/process/task_queues:105:5)
    at async query (C:\Users\kajal\OneDrive\Desktop\subscription\backend\src\config\database.js:123:17)
    at async Promise.all (index 0)
    at async getSummary (C:\Users\kajal\OneDrive\Desktop\subscription\backend\src\controllers\product.controller.js:82:36)
2026-05-08 20:14:43 [ERROR]: Database query error column p.current_stock does not exist {"query":"SELECT\n           p.*,\n           GREATEST(0, p.current_stock - p.reserved_stock)::numeric AS available_stock,\n           b.id AS bom_id,\n           (SELECT COUNT(*)::int FROM bom_items bi WHERE bi.bom_id = b.id) AS bom_item_count\n         \n      FROM products p\n      LEFT JOIN bill_of_materials b ON b.product_id = p.id AND b.is_active = TRUE\n      WHERE p.company_id = $1 AND p.deleted_at IS NULL \n    \n         ORDER BY p.name ASC\n         LIMIT $2 OFFSET $3"}
2026-05-08 20:14:43 [ERROR]: Error: column p.current_stock does not exist {"url":"/api/products?limit=200","method":"GET","userId":"cfc2c2df-0ca8-4f06-a42e-d98f24e0e562","companyId":"8cf84328-5d58-432e-b0c8-3c661d0344e7"}
error: column p.current_stock does not exist
    at C:\Users\kajal\OneDrive\Desktop\subscription\backend\node_modules\pg-pool\index.js:45:11
    at process.processTicksAndRejections (node:internal/process/task_queues:105:5)
    at async query (C:\Users\kajal\OneDrive\Desktop\subscription\backend\src\config\database.js:123:17)
    at async Promise.all (index 0)
    at async getAll (C:\Users\kajal\OneDrive\Desktop\subscription\backend\src\controllers\product.controller.js:56:33)
2026-05-08 20:14:44 [ERROR]: Database query error column p.produced_qty does not exist {"query":"SELECT\n           COUNT(p.id)::int                                                                  AS total_products,\n           COUNT(p.id) FILTER (WHERE p.is_active)::int                                      AS active_products,\n           COUNT(b.id)::int                                                                  AS products_with_bom,\n           COUNT(p.id) FILTER (WHERE p.produced_qty > 0 AND p.current_stock <= 0)::int     AS out_of_stock,\n           COUNT(p.id) FILTER (WHERE p.current_stock > 0 AND p.current_stock <= $2)::int   AS low_stock,\n           COALESCE(SUM(p.current_stock), 0)::numeric                                       AS total_current_stock,\n           COALESCE(SUM(p.produced_qty),  0)::numeric                                       AS total_produced_ever\n         FROM products p\n         LEFT JOIN bill_of_materials b ON b.product_id = p.id AND b.is_active = TRUE\n         WHERE p.company_id = $1 AND p.deleted_at IS NULL"}
2026-05-08 20:14:44 [ERROR]: Error: column p.produced_qty does not exist {"url":"/api/products/summary","method":"GET","userId":"cfc2c2df-0ca8-4f06-a42e-d98f24e0e562","companyId":"8cf84328-5d58-432e-b0c8-3c661d0344e7"}
error: column p.produced_qty does not exist
    at C:\Users\kajal\OneDrive\Desktop\subscription\backend\node_modules\pg-pool\index.js:45:11
    at process.processTicksAndRejections (node:internal/process/task_queues:105:5)
    at async query (C:\Users\kajal\OneDrive\Desktop\subscription\backend\src\config\database.js:123:17)
    at async Promise.all (index 0)
    at async getSummary (C:\Users\kajal\OneDrive\Desktop\subscription\backend\src\controllers\product.controller.js:82:36)
2026-05-08 20:14:45 [ERROR]: Database query error column p.current_stock does not exist {"query":"SELECT\n           p.*,\n           GREATEST(0, p.current_stock - p.reserved_stock)::numeric AS available_stock,\n           b.id AS bom_id,\n           (SELECT COUNT(*)::int FROM bom_items bi WHERE bi.bom_id = b.id) AS bom_item_count\n         \n      FROM products p\n      LEFT JOIN bill_of_materials b ON b.product_id = p.id AND b.is_active = TRUE\n      WHERE p.company_id = $1 AND p.deleted_at IS NULL \n    \n         ORDER BY p.name ASC\n         LIMIT $2 OFFSET $3"}
2026-05-08 20:14:45 [ERROR]: Error: column p.current_stock does not exist {"url":"/api/products?limit=200","method":"GET","userId":"cfc2c2df-0ca8-4f06-a42e-d98f24e0e562","companyId":"8cf84328-5d58-432e-b0c8-3c661d0344e7"}
error: column p.current_stock does not exist
    at C:\Users\kajal\OneDrive\Desktop\subscription\backend\node_modules\pg-pool\index.js:45:11
    at process.processTicksAndRejections (node:internal/process/task_queues:105:5)
    at async query (C:\Users\kajal\OneDrive\Desktop\subscription\backend\src\config\database.js:123:17)
    at async Promise.all (index 0)
    at async getAll (C:\Users\kajal\OneDrive\Desktop\subscription\backend\src\controllers\product.controller.js:56:33)
2026-05-08 20:14:45 [ERROR]: Database query error column p.produced_qty does not exist {"query":"SELECT\n           COUNT(p.id)::int                                                                  AS total_products,\n           COUNT(p.id) FILTER (WHERE p.is_active)::int                                      AS active_products,\n           COUNT(b.id)::int                                                                  AS products_with_bom,\n           COUNT(p.id) FILTER (WHERE p.produced_qty > 0 AND p.current_stock <= 0)::int     AS out_of_stock,\n           COUNT(p.id) FILTER (WHERE p.current_stock > 0 AND p.current_stock <= $2)::int   AS low_stock,\n           COALESCE(SUM(p.current_stock), 0)::numeric                                       AS total_current_stock,\n           COALESCE(SUM(p.produced_qty),  0)::numeric                                       AS total_produced_ever\n         FROM products p\n         LEFT JOIN bill_of_materials b ON b.product_id = p.id AND b.is_active = TRUE\n         WHERE p.company_id = $1 AND p.deleted_at IS NULL"}
2026-05-08 20:14:45 [ERROR]: Error: column p.produced_qty does not exist {"url":"/api/products/summary","method":"GET","userId":"cfc2c2df-0ca8-4f06-a42e-d98f24e0e562","companyId":"8cf84328-5d58-432e-b0c8-3c661d0344e7"}
error: column p.produced_qty does not exist
    at C:\Users\kajal\OneDrive\Desktop\subscription\backend\node_modules\pg-pool\index.js:45:11
    at process.processTicksAndRejections (node:internal/process/task_queues:105:5)
    at async query (C:\Users\kajal\OneDrive\Desktop\subscription\backend\src\config\database.js:123:17)
    at async Promise.all (index 0)
    at async getSummary (C:\Users\kajal\OneDrive\Desktop\subscription\backend\src\controllers\product.controller.js:82:36)
2026-05-08 20:19:39 [ERROR]: Error: jwt expired {"url":"/api/notifications/unread-count","method":"GET"}
TokenExpiredError: jwt expired
    at C:\Users\kajal\OneDrive\Desktop\subscription\backend\node_modules\jsonwebtoken\verify.js:190:21
    at getSecret (C:\Users\kajal\OneDrive\Desktop\subscription\backend\node_modules\jsonwebtoken\verify.js:97:14)
    at module.exports [as verify] (C:\Users\kajal\OneDrive\Desktop\subscription\backend\node_modules\jsonwebtoken\verify.js:101:10)
    at authenticate (C:\Users\kajal\OneDrive\Desktop\subscription\backend\src\middleware\auth.js:14:25)
    at newFn (C:\Users\kajal\OneDrive\Desktop\subscription\backend\node_modules\express-async-errors\index.js:16:20)
    at Layer.handle [as handle_request] (C:\Users\kajal\OneDrive\Desktop\subscription\backend\node_modules\express\lib\router\layer.js:95:5)
    at trim_prefix (C:\Users\kajal\OneDrive\Desktop\subscription\backend\node_modules\express\lib\router\index.js:328:13)
    at C:\Users\kajal\OneDrive\Desktop\subscription\backend\node_modules\express\lib\router\index.js:286:9
    at Function.process_params (C:\Users\kajal\OneDrive\Desktop\subscription\backend\node_modules\express\lib\router\index.js:346:12)
    at next (C:\Users\kajal\OneDrive\Desktop\subscription\backend\node_modules\express\lib\router\index.js:280:10)
2026-05-08 20:20:52 [ERROR]: Database query error column p.current_stock does not exist {"query":"SELECT\n           p.*,\n           GREATEST(0, p.current_stock - p.reserved_stock)::numeric AS available_stock,\n           b.id AS bom_id,\n           (SELECT COUNT(*)::int FROM bom_items bi WHERE bi.bom_id = b.id) AS bom_item_count\n         \n      FROM products p\n      LEFT JOIN bill_of_materials b ON b.product_id = p.id AND b.is_active = TRUE\n      WHERE p.company_id = $1 AND p.deleted_at IS NULL \n    \n         ORDER BY p.name ASC\n         LIMIT $2 OFFSET $3"}
2026-05-08 20:20:52 [ERROR]: Error: column p.current_stock does not exist {"url":"/api/products?limit=200","method":"GET","userId":"cfc2c2df-0ca8-4f06-a42e-d98f24e0e562","companyId":"8cf84328-5d58-432e-b0c8-3c661d0344e7"}
error: column p.current_stock does not exist
    at C:\Users\kajal\OneDrive\Desktop\subscription\backend\node_modules\pg-pool\index.js:45:11
    at process.processTicksAndRejections (node:internal/process/task_queues:105:5)
    at async query (C:\Users\kajal\OneDrive\Desktop\subscription\backend\src\config\database.js:123:17)
    at async Promise.all (index 0)
    at async getAll (C:\Users\kajal\OneDrive\Desktop\subscription\backend\src\controllers\product.controller.js:56:33)
2026-05-08 20:20:53 [ERROR]: Database query error column p.produced_qty does not exist {"query":"SELECT\n           COUNT(p.id)::int                                                                  AS total_products,\n           COUNT(p.id) FILTER (WHERE p.is_active)::int                                      AS active_products,\n           COUNT(b.id)::int                                                                  AS products_with_bom,\n           COUNT(p.id) FILTER (WHERE p.produced_qty > 0 AND p.current_stock <= 0)::int     AS out_of_stock,\n           COUNT(p.id) FILTER (WHERE p.current_stock > 0 AND p.current_stock <= $2)::int   AS low_stock,\n           COALESCE(SUM(p.current_stock), 0)::numeric                                       AS total_current_stock,\n           COALESCE(SUM(p.produced_qty),  0)::numeric                                       AS total_produced_ever\n         FROM products p\n         LEFT JOIN bill_of_materials b ON b.product_id = p.id AND b.is_active = TRUE\n         WHERE p.company_id = $1 AND p.deleted_at IS NULL"}
2026-05-08 20:20:53 [ERROR]: Error: column p.produced_qty does not exist {"url":"/api/products/summary","method":"GET","userId":"cfc2c2df-0ca8-4f06-a42e-d98f24e0e562","companyId":"8cf84328-5d58-432e-b0c8-3c661d0344e7"}
error: column p.produced_qty does not exist
    at C:\Users\kajal\OneDrive\Desktop\subscription\backend\node_modules\pg-pool\index.js:45:11
    at process.processTicksAndRejections (node:internal/process/task_queues:105:5)
    at async query (C:\Users\kajal\OneDrive\Desktop\subscription\backend\src\config\database.js:123:17)
    at async Promise.all (index 0)
    at async getSummary (C:\Users\kajal\OneDrive\Desktop\subscription\backend\src\controllers\product.controller.js:82:36)
2026-05-08 20:20:53 [ERROR]: Database query error column p.current_stock does not exist {"query":"SELECT\n           p.*,\n           GREATEST(0, p.current_stock - p.reserved_stock)::numeric AS available_stock,\n           b.id AS bom_id,\n           (SELECT COUNT(*)::int FROM bom_items bi WHERE bi.bom_id = b.id) AS bom_item_count\n         \n      FROM products p\n      LEFT JOIN bill_of_materials b ON b.product_id = p.id AND b.is_active = TRUE\n      WHERE p.company_id = $1 AND p.deleted_at IS NULL \n    \n         ORDER BY p.name ASC\n         LIMIT $2 OFFSET $3"}
2026-05-08 20:20:53 [ERROR]: Error: column p.current_stock does not exist {"url":"/api/products?limit=200","method":"GET","userId":"cfc2c2df-0ca8-4f06-a42e-d98f24e0e562","companyId":"8cf84328-5d58-432e-b0c8-3c661d0344e7"}
error: column p.current_stock does not exist
    at C:\Users\kajal\OneDrive\Desktop\subscription\backend\node_modules\pg-pool\index.js:45:11
    at process.processTicksAndRejections (node:internal/process/task_queues:105:5)
    at async query (C:\Users\kajal\OneDrive\Desktop\subscription\backend\src\config\database.js:123:17)
    at async Promise.all (index 0)
    at async getAll (C:\Users\kajal\OneDrive\Desktop\subscription\backend\src\controllers\product.controller.js:56:33)
2026-05-08 20:20:54 [ERROR]: Database query error column p.produced_qty does not exist {"query":"SELECT\n           COUNT(p.id)::int                                                                  AS total_products,\n           COUNT(p.id) FILTER (WHERE p.is_active)::int                                      AS active_products,\n           COUNT(b.id)::int                                                                  AS products_with_bom,\n           COUNT(p.id) FILTER (WHERE p.produced_qty > 0 AND p.current_stock <= 0)::int     AS out_of_stock,\n           COUNT(p.id) FILTER (WHERE p.current_stock > 0 AND p.current_stock <= $2)::int   AS low_stock,\n           COALESCE(SUM(p.current_stock), 0)::numeric                                       AS total_current_stock,\n           COALESCE(SUM(p.produced_qty),  0)::numeric                                       AS total_produced_ever\n         FROM products p\n         LEFT JOIN bill_of_materials b ON b.product_id = p.id AND b.is_active = TRUE\n         WHERE p.company_id = $1 AND p.deleted_at IS NULL"}
2026-05-08 20:20:54 [ERROR]: Error: column p.produced_qty does not exist {"url":"/api/products/summary","method":"GET","userId":"cfc2c2df-0ca8-4f06-a42e-d98f24e0e562","companyId":"8cf84328-5d58-432e-b0c8-3c661d0344e7"}
error: column p.produced_qty does not exist
    at C:\Users\kajal\OneDrive\Desktop\subscription\backend\node_modules\pg-pool\index.js:45:11
    at process.processTicksAndRejections (node:internal/process/task_queues:105:5)
    at async query (C:\Users\kajal\OneDrive\Desktop\subscription\backend\src\config\database.js:123:17)
    at async Promise.all (index 0)
    at async getSummary (C:\Users\kajal\OneDrive\Desktop\subscription\backend\src\controllers\product.controller.js:82:36)
2026-05-08 20:21:05 [ERROR]: Database query error column p.current_stock does not exist {"query":"SELECT\n           p.*,\n           GREATEST(0, p.current_stock - p.reserved_stock)::numeric AS available_stock,\n           b.id AS bom_id,\n           (SELECT COUNT(*)::int FROM bom_items bi WHERE bi.bom_id = b.id) AS bom_item_count\n         \n      FROM products p\n      LEFT JOIN bill_of_materials b ON b.product_id = p.id AND b.is_active = TRUE\n      WHERE p.company_id = $1 AND p.deleted_at IS NULL \n    \n         ORDER BY p.name ASC\n         LIMIT $2 OFFSET $3"}
2026-05-08 20:21:05 [ERROR]: Error: column p.current_stock does not exist {"url":"/api/products?limit=200","method":"GET","userId":"cfc2c2df-0ca8-4f06-a42e-d98f24e0e562","companyId":"8cf84328-5d58-432e-b0c8-3c661d0344e7"}
error: column p.current_stock does not exist
    at C:\Users\kajal\OneDrive\Desktop\subscription\backend\node_modules\pg-pool\index.js:45:11
    at process.processTicksAndRejections (node:internal/process/task_queues:105:5)
    at async query (C:\Users\kajal\OneDrive\Desktop\subscription\backend\src\config\database.js:123:17)
    at async Promise.all (index 0)
    at async getAll (C:\Users\kajal\OneDrive\Desktop\subscription\backend\src\controllers\product.controller.js:56:33)
2026-05-08 20:21:05 [ERROR]: Database query error column p.produced_qty does not exist {"query":"SELECT\n           COUNT(p.id)::int                                                                  AS total_products,\n           COUNT(p.id) FILTER (WHERE p.is_active)::int                                      AS active_products,\n           COUNT(b.id)::int                                                                  AS products_with_bom,\n           COUNT(p.id) FILTER (WHERE p.produced_qty > 0 AND p.current_stock <= 0)::int     AS out_of_stock,\n           COUNT(p.id) FILTER (WHERE p.current_stock > 0 AND p.current_stock <= $2)::int   AS low_stock,\n           COALESCE(SUM(p.current_stock), 0)::numeric                                       AS total_current_stock,\n           COALESCE(SUM(p.produced_qty),  0)::numeric                                       AS total_produced_ever\n         FROM products p\n         LEFT JOIN bill_of_materials b ON b.product_id = p.id AND b.is_active = TRUE\n         WHERE p.company_id = $1 AND p.deleted_at IS NULL"}
2026-05-08 20:21:05 [ERROR]: Error: column p.produced_qty does not exist {"url":"/api/products/summary","method":"GET","userId":"cfc2c2df-0ca8-4f06-a42e-d98f24e0e562","companyId":"8cf84328-5d58-432e-b0c8-3c661d0344e7"}
error: column p.produced_qty does not exist
    at C:\Users\kajal\OneDrive\Desktop\subscription\backend\node_modules\pg-pool\index.js:45:11
    at process.processTicksAndRejections (node:internal/process/task_queues:105:5)
    at async query (C:\Users\kajal\OneDrive\Desktop\subscription\backend\src\config\database.js:123:17)
    at async Promise.all (index 0)
    at async getSummary (C:\Users\kajal\OneDrive\Desktop\subscription\backend\src\controllers\product.controller.js:82:36)
2026-05-08 20:21:06 [ERROR]: Database query error column p.current_stock does not exist {"query":"SELECT\n           p.*,\n           GREATEST(0, p.current_stock - p.reserved_stock)::numeric AS available_stock,\n           b.id AS bom_id,\n           (SELECT COUNT(*)::int FROM bom_items bi WHERE bi.bom_id = b.id) AS bom_item_count\n         \n      FROM products p\n      LEFT JOIN bill_of_materials b ON b.product_id = p.id AND b.is_active = TRUE\n      WHERE p.company_id = $1 AND p.deleted_at IS NULL \n    \n         ORDER BY p.name ASC\n         LIMIT $2 OFFSET $3"}
2026-05-08 20:21:06 [ERROR]: Error: column p.current_stock does not exist {"url":"/api/products?limit=200","method":"GET","userId":"cfc2c2df-0ca8-4f06-a42e-d98f24e0e562","companyId":"8cf84328-5d58-432e-b0c8-3c661d0344e7"}
error: column p.current_stock does not exist
    at C:\Users\kajal\OneDrive\Desktop\subscription\backend\node_modules\pg-pool\index.js:45:11
    at process.processTicksAndRejections (node:internal/process/task_queues:105:5)
    at async query (C:\Users\kajal\OneDrive\Desktop\subscription\backend\src\config\database.js:123:17)
    at async Promise.all (index 0)
    at async getAll (C:\Users\kajal\OneDrive\Desktop\subscription\backend\src\controllers\product.controller.js:56:33)
2026-05-08 20:21:07 [ERROR]: Database query error column p.produced_qty does not exist {"query":"SELECT\n           COUNT(p.id)::int                                                                  AS total_products,\n           COUNT(p.id) FILTER (WHERE p.is_active)::int                                      AS active_products,\n           COUNT(b.id)::int                                                                  AS products_with_bom,\n           COUNT(p.id) FILTER (WHERE p.produced_qty > 0 AND p.current_stock <= 0)::int     AS out_of_stock,\n           COUNT(p.id) FILTER (WHERE p.current_stock > 0 AND p.current_stock <= $2)::int   AS low_stock,\n           COALESCE(SUM(p.current_stock), 0)::numeric                                       AS total_current_stock,\n           COALESCE(SUM(p.produced_qty),  0)::numeric                                       AS total_produced_ever\n         FROM products p\n         LEFT JOIN bill_of_materials b ON b.product_id = p.id AND b.is_active = TRUE\n         WHERE p.company_id = $1 AND p.deleted_at IS NULL"}
2026-05-08 20:21:07 [ERROR]: Error: column p.produced_qty does not exist {"url":"/api/products/summary","method":"GET","userId":"cfc2c2df-0ca8-4f06-a42e-d98f24e0e562","companyId":"8cf84328-5d58-432e-b0c8-3c661d0344e7"}
error: column p.produced_qty does not exist
    at C:\Users\kajal\OneDrive\Desktop\subscription\backend\node_modules\pg-pool\index.js:45:11
    at process.processTicksAndRejections (node:internal/process/task_queues:105:5)
    at async query (C:\Users\kajal\OneDrive\Desktop\subscription\backend\src\config\database.js:123:17)
    at async Promise.all (index 0)
    at async getSummary (C:\Users\kajal\OneDrive\Desktop\subscription\backend\src\controllers\product.controller.js:82:36)
2026-05-08 20:22:14 [INFO]: SIGINT received. Shutting down gracefully...
2026-05-08 20:22:22 [INFO]: 🚀 ERP Server running on port 5000 in development mode
2026-05-08 20:22:22 [INFO]: 📊 API: http://localhost:5000/api
2026-05-08 20:22:22 [INFO]: 🔌 Socket.IO: ws://localhost:5000
2026-05-08 20:22:22 [INFO]: ❤️  Health: http://localhost:5000/health
2026-05-08 20:22:23 [INFO]: Database connected successfully at Fri May 08 2026 20:22:27 GMT+0530 (India Standard Time)
2026-05-08 20:22:23 [INFO]: ✅ Database connected
2026-05-08 20:22:23 [INFO]: ✅ Redis connected
2026-05-08 20:25:30 [ERROR]: Database query error column p.current_stock does not exist {"query":"SELECT\n           p.*,\n           GREATEST(0, p.current_stock - p.reserved_stock)::numeric AS available_stock,\n           b.id AS bom_id,\n           (SELECT COUNT(*)::int FROM bom_items bi WHERE bi.bom_id = b.id) AS bom_item_count\n         \n      FROM products p\n      LEFT JOIN bill_of_materials b ON b.product_id = p.id AND b.is_active = TRUE\n      WHERE p.company_id = $1 AND p.deleted_at IS NULL \n    \n         ORDER BY p.name ASC\n         LIMIT $2 OFFSET $3"}
2026-05-08 20:25:30 [ERROR]: Error: column p.current_stock does not exist {"url":"/api/products?limit=200","method":"GET","userId":"cfc2c2df-0ca8-4f06-a42e-d98f24e0e562","companyId":"8cf84328-5d58-432e-b0c8-3c661d0344e7"}
error: column p.current_stock does not exist
    at C:\Users\kajal\OneDrive\Desktop\subscription\backend\node_modules\pg-pool\index.js:45:11
    at process.processTicksAndRejections (node:internal/process/task_queues:105:5)
    at async query (C:\Users\kajal\OneDrive\Desktop\subscription\backend\src\config\database.js:123:17)
    at async Promise.all (index 0)
    at async getAll (C:\Users\kajal\OneDrive\Desktop\subscription\backend\src\controllers\product.controller.js:56:33)
2026-05-08 20:25:30 [WARN]: Slow query detected {"query":"SELECT COUNT(*)::int AS count \n      FROM products p\n      LEFT JOIN bill_of_materials b ON b.product_id = p.id AND b.is_active = TRUE\n      WHERE p.company_id = $1 AND p.deleted_at IS NULL \n    ","duration":"1044ms","rows":1}
2026-05-08 20:25:30 [ERROR]: Database query error column p.produced_qty does not exist {"query":"SELECT\n           COUNT(p.id)::int                                                                  AS total_products,\n           COUNT(p.id) FILTER (WHERE p.is_active)::int                                      AS active_products,\n           COUNT(b.id)::int                                                                  AS products_with_bom,\n           COUNT(p.id) FILTER (WHERE p.produced_qty > 0 AND p.current_stock <= 0)::int     AS out_of_stock,\n           COUNT(p.id) FILTER (WHERE p.current_stock > 0 AND p.current_stock <= $2)::int   AS low_stock,\n           COALESCE(SUM(p.current_stock), 0)::numeric                                       AS total_current_stock,\n           COALESCE(SUM(p.produced_qty),  0)::numeric                                       AS total_produced_ever\n         FROM products p\n         LEFT JOIN bill_of_materials b ON b.product_id = p.id AND b.is_active = TRUE\n         WHERE p.company_id = $1 AND p.deleted_at IS NULL"}
2026-05-08 20:25:30 [ERROR]: Error: column p.produced_qty does not exist {"url":"/api/products/summary","method":"GET","userId":"cfc2c2df-0ca8-4f06-a42e-d98f24e0e562","companyId":"8cf84328-5d58-432e-b0c8-3c661d0344e7"}
error: column p.produced_qty does not exist
    at C:\Users\kajal\OneDrive\Desktop\subscription\backend\node_modules\pg-pool\index.js:45:11
    at process.processTicksAndRejections (node:internal/process/task_queues:105:5)
    at async query (C:\Users\kajal\OneDrive\Desktop\subscription\backend\src\config\database.js:123:17)
    at async Promise.all (index 0)
    at async getSummary (C:\Users\kajal\OneDrive\Desktop\subscription\backend\src\controllers\product.controller.js:82:36)
2026-05-08 20:25:32 [ERROR]: Database query error column p.current_stock does not exist {"query":"SELECT\n           p.*,\n           GREATEST(0, p.current_stock - p.reserved_stock)::numeric AS available_stock,\n           b.id AS bom_id,\n           (SELECT COUNT(*)::int FROM bom_items bi WHERE bi.bom_id = b.id) AS bom_item_count\n         \n      FROM products p\n      LEFT JOIN bill_of_materials b ON b.product_id = p.id AND b.is_active = TRUE\n      WHERE p.company_id = $1 AND p.deleted_at IS NULL \n    \n         ORDER BY p.name ASC\n         LIMIT $2 OFFSET $3"}
2026-05-08 20:25:32 [ERROR]: Error: column p.current_stock does not exist {"url":"/api/products?limit=200","method":"GET","userId":"cfc2c2df-0ca8-4f06-a42e-d98f24e0e562","companyId":"8cf84328-5d58-432e-b0c8-3c661d0344e7"}
error: column p.current_stock does not exist
    at C:\Users\kajal\OneDrive\Desktop\subscription\backend\node_modules\pg-pool\index.js:45:11
    at process.processTicksAndRejections (node:internal/process/task_queues:105:5)
    at async query (C:\Users\kajal\OneDrive\Desktop\subscription\backend\src\config\database.js:123:17)
    at async Promise.all (index 0)
    at async getAll (C:\Users\kajal\OneDrive\Desktop\subscription\backend\src\controllers\product.controller.js:56:33)
2026-05-08 20:25:32 [ERROR]: Database query error column p.produced_qty does not exist {"query":"SELECT\n           COUNT(p.id)::int                                                                  AS total_products,\n           COUNT(p.id) FILTER (WHERE p.is_active)::int                                      AS active_products,\n           COUNT(b.id)::int                                                                  AS products_with_bom,\n           COUNT(p.id) FILTER (WHERE p.produced_qty > 0 AND p.current_stock <= 0)::int     AS out_of_stock,\n           COUNT(p.id) FILTER (WHERE p.current_stock > 0 AND p.current_stock <= $2)::int   AS low_stock,\n           COALESCE(SUM(p.current_stock), 0)::numeric                                       AS total_current_stock,\n           COALESCE(SUM(p.produced_qty),  0)::numeric                                       AS total_produced_ever\n         FROM products p\n         LEFT JOIN bill_of_materials b ON b.product_id = p.id AND b.is_active = TRUE\n         WHERE p.company_id = $1 AND p.deleted_at IS NULL"}
2026-05-08 20:25:32 [ERROR]: Error: column p.produced_qty does not exist {"url":"/api/products/summary","method":"GET","userId":"cfc2c2df-0ca8-4f06-a42e-d98f24e0e562","companyId":"8cf84328-5d58-432e-b0c8-3c661d0344e7"}
error: column p.produced_qty does not exist
    at C:\Users\kajal\OneDrive\Desktop\subscription\backend\node_modules\pg-pool\index.js:45:11
    at process.processTicksAndRejections (node:internal/process/task_queues:105:5)
    at async query (C:\Users\kajal\OneDrive\Desktop\subscription\backend\src\config\database.js:123:17)
    at async Promise.all (index 0)
    at async getSummary (C:\Users\kajal\OneDrive\Desktop\subscription\backend\src\controllers\product.controller.js:82:36)
2026-05-08 20:30:00 [INFO]: SIGINT received. Shutting down gracefully...
2026-05-08 20:30:07 [INFO]: 🚀 ERP Server running on port 5000 in development mode
2026-05-08 20:30:07 [INFO]: 📊 API: http://localhost:5000/api
2026-05-08 20:30:07 [INFO]: 🔌 Socket.IO: ws://localhost:5000
2026-05-08 20:30:07 [INFO]: ❤️  Health: http://localhost:5000/health
2026-05-08 20:30:08 [INFO]: Database connected successfully at Fri May 08 2026 20:30:13 GMT+0530 (India Standard Time)
2026-05-08 20:30:08 [INFO]: ✅ Database connected
2026-05-08 20:30:08 [INFO]: ✅ Redis connected
2026-05-08 20:32:32 [WARN]: Slow query detected {"query":"SELECT COUNT(*)::int AS count \n      FROM products p\n      LEFT JOIN bill_of_materials b ON b.product_id = p.id AND b.is_active = TRUE\n      WHERE p.company_id = $1 AND p.deleted_at IS NULL \n    ","duration":"1093ms","rows":1}
2026-05-08 20:34:39 [ERROR]: Error: jwt expired {"url":"/api/dashboard/stats?period=30","method":"GET"}
TokenExpiredError: jwt expired
    at C:\Users\kajal\OneDrive\Desktop\subscription\backend\node_modules\jsonwebtoken\verify.js:190:21
    at getSecret (C:\Users\kajal\OneDrive\Desktop\subscription\backend\node_modules\jsonwebtoken\verify.js:97:14)
    at module.exports [as verify] (C:\Users\kajal\OneDrive\Desktop\subscription\backend\node_modules\jsonwebtoken\verify.js:101:10)
    at authenticate (C:\Users\kajal\OneDrive\Desktop\subscription\backend\src\middleware\auth.js:14:25)
    at newFn (C:\Users\kajal\OneDrive\Desktop\subscription\backend\node_modules\express-async-errors\index.js:16:20)
    at Layer.handle [as handle_request] (C:\Users\kajal\OneDrive\Desktop\subscription\backend\node_modules\express\lib\router\layer.js:95:5)
    at trim_prefix (C:\Users\kajal\OneDrive\Desktop\subscription\backend\node_modules\express\lib\router\index.js:328:13)
    at C:\Users\kajal\OneDrive\Desktop\subscription\backend\node_modules\express\lib\router\index.js:286:9
    at Function.process_params (C:\Users\kajal\OneDrive\Desktop\subscription\backend\node_modules\express\lib\router\index.js:346:12)
    at next (C:\Users\kajal\OneDrive\Desktop\subscription\backend\node_modules\express\lib\router\index.js:280:10)
2026-05-08 20:34:39 [ERROR]: Error: jwt expired {"url":"/api/dashboard/low-stock","method":"GET"}
TokenExpiredError: jwt expired
    at C:\Users\kajal\OneDrive\Desktop\subscription\backend\node_modules\jsonwebtoken\verify.js:190:21
    at getSecret (C:\Users\kajal\OneDrive\Desktop\subscription\backend\node_modules\jsonwebtoken\verify.js:97:14)
    at module.exports [as verify] (C:\Users\kajal\OneDrive\Desktop\subscription\backend\node_modules\jsonwebtoken\verify.js:101:10)
    at authenticate (C:\Users\kajal\OneDrive\Desktop\subscription\backend\src\middleware\auth.js:14:25)
    at newFn (C:\Users\kajal\OneDrive\Desktop\subscription\backend\node_modules\express-async-errors\index.js:16:20)
    at Layer.handle [as handle_request] (C:\Users\kajal\OneDrive\Desktop\subscription\backend\node_modules\express\lib\router\layer.js:95:5)
    at trim_prefix (C:\Users\kajal\OneDrive\Desktop\subscription\backend\node_modules\express\lib\router\index.js:328:13)
    at C:\Users\kajal\OneDrive\Desktop\subscription\backend\node_modules\express\lib\router\index.js:286:9
    at Function.process_params (C:\Users\kajal\OneDrive\Desktop\subscription\backend\node_modules\express\lib\router\index.js:346:12)
    at next (C:\Users\kajal\OneDrive\Desktop\subscription\backend\node_modules\express\lib\router\index.js:280:10)
2026-05-08 20:34:39 [ERROR]: Error: jwt expired {"url":"/api/dashboard/production-timeline","method":"GET"}
TokenExpiredError: jwt expired
    at C:\Users\kajal\OneDrive\Desktop\subscription\backend\node_modules\jsonwebtoken\verify.js:190:21
    at getSecret (C:\Users\kajal\OneDrive\Desktop\subscription\backend\node_modules\jsonwebtoken\verify.js:97:14)
    at module.exports [as verify] (C:\Users\kajal\OneDrive\Desktop\subscription\backend\node_modules\jsonwebtoken\verify.js:101:10)
    at authenticate (C:\Users\kajal\OneDrive\Desktop\subscription\backend\src\middleware\auth.js:14:25)
    at newFn (C:\Users\kajal\OneDrive\Desktop\subscription\backend\node_modules\express-async-errors\index.js:16:20)
    at Layer.handle [as handle_request] (C:\Users\kajal\OneDrive\Desktop\subscription\backend\node_modules\express\lib\router\layer.js:95:5)
    at trim_prefix (C:\Users\kajal\OneDrive\Desktop\subscription\backend\node_modules\express\lib\router\index.js:328:13)
    at C:\Users\kajal\OneDrive\Desktop\subscription\backend\node_modules\express\lib\router\index.js:286:9
    at Function.process_params (C:\Users\kajal\OneDrive\Desktop\subscription\backend\node_modules\express\lib\router\index.js:346:12)
    at next (C:\Users\kajal\OneDrive\Desktop\subscription\backend\node_modules\express\lib\router\index.js:280:10)
2026-05-08 20:34:39 [ERROR]: Error: jwt expired {"url":"/api/dashboard/charts?period=30","method":"GET"}
TokenExpiredError: jwt expired
    at C:\Users\kajal\OneDrive\Desktop\subscription\backend\node_modules\jsonwebtoken\verify.js:190:21
    at getSecret (C:\Users\kajal\OneDrive\Desktop\subscription\backend\node_modules\jsonwebtoken\verify.js:97:14)
    at module.exports [as verify] (C:\Users\kajal\OneDrive\Desktop\subscription\backend\node_modules\jsonwebtoken\verify.js:101:10)
    at authenticate (C:\Users\kajal\OneDrive\Desktop\subscription\backend\src\middleware\auth.js:14:25)
    at newFn (C:\Users\kajal\OneDrive\Desktop\subscription\backend\node_modules\express-async-errors\index.js:16:20)
    at Layer.handle [as handle_request] (C:\Users\kajal\OneDrive\Desktop\subscription\backend\node_modules\express\lib\router\layer.js:95:5)
    at trim_prefix (C:\Users\kajal\OneDrive\Desktop\subscription\backend\node_modules\express\lib\router\index.js:328:13)
    at C:\Users\kajal\OneDrive\Desktop\subscription\backend\node_modules\express\lib\router\index.js:286:9
    at Function.process_params (C:\Users\kajal\OneDrive\Desktop\subscription\backend\node_modules\express\lib\router\index.js:346:12)
    at next (C:\Users\kajal\OneDrive\Desktop\subscription\backend\node_modules\express\lib\router\index.js:280:10)
2026-05-08 20:34:40 [WARN]: Slow query detected {"query":"SELECT COALESCE(SUM(net_amount), 0) AS total_revenue,\n           COALESCE(SUM(net_amount) FILTER (WHERE payment_status = 'paid'), 0) AS paid_revenue,\n           COALESCE(SUM(balance_amount) FILTER (WHERE payment_status != 'paid'), 0) AS pending_revenue,\n           COUNT(*) AS total_invoices\n         FROM invoices WHERE company_id = $1 AND deleted_at IS NULL\n         AND invoice_date >= NOW() - INTERVAL '30 days'","duration":"1031ms","rows":1}
2026-05-08 20:34:40 [WARN]: Slow query detected {"query":"SELECT COUNT(*) FROM materials WHERE company_id = $1 AND current_stock <= minimum_stock AND is_active = TRUE AND deleted_at IS NULL","duration":"1121ms","rows":1}
2026-05-08 20:34:40 [WARN]: Slow query detected {"query":"SELECT m.id, m.code, m.name, m.unit, m.current_stock, m.minimum_stock,\n              m.reorder_level, m.reorder_quantity, m.purchase_rate,\n              mc.name AS category_name, w.name AS warehouse_name,\n              s.name AS supplier_name, s.contact_person AS supplier_contact, s.phone AS supplier_phone\n       FROM materials m\n       LEFT JOIN material_categories mc ON m.category_id = mc.id\n       LEFT JOIN warehouses w ON m.warehouse_id = w.id\n       LEFT JOIN suppliers s ON m.supplier_id = s.id\n       WHERE m.company_id = $1 AND m.current_stock <= m.minimum_stock\n       AND m.is_active = TRUE AND m.deleted_at IS NULL\n       ORDER BY (m.current_stock / NULLIF(m.minimum_stock, 0)) ASC\n       LIMIT 20","duration":"1127ms","rows":12}
2026-05-08 20:34:40 [WARN]: Slow query detected {"query":"SELECT COUNT(*), COALESCE(SUM(balance_amount), 0) AS amount\n         FROM invoices WHERE company_id = $1 AND payment_status != 'paid' AND deleted_at IS NULL","duration":"1142ms","rows":1}
2026-05-08 20:34:52 [INFO]: 🚀 ERP Server running on port 5000 in development mode
2026-05-08 20:34:52 [INFO]: 📊 API: http://localhost:5000/api
2026-05-08 20:34:52 [INFO]: 🔌 Socket.IO: ws://localhost:5000
2026-05-08 20:34:52 [INFO]: ❤️  Health: http://localhost:5000/health
2026-05-08 20:34:53 [INFO]: Database connected successfully at Fri May 08 2026 20:34:57 GMT+0530 (India Standard Time)
2026-05-08 20:34:53 [INFO]: ✅ Database connected
2026-05-08 20:34:53 [INFO]: ✅ Redis connected
2026-05-08 20:49:51 [ERROR]: Error: jwt expired {"url":"/api/materials?page=1&limit=20&search=s&lowStock=&categoryId=&warehouseId=","method":"GET"}
TokenExpiredError: jwt expired
    at C:\Users\kajal\OneDrive\Desktop\subscription\backend\node_modules\jsonwebtoken\verify.js:190:21
    at getSecret (C:\Users\kajal\OneDrive\Desktop\subscription\backend\node_modules\jsonwebtoken\verify.js:97:14)
    at module.exports [as verify] (C:\Users\kajal\OneDrive\Desktop\subscription\backend\node_modules\jsonwebtoken\verify.js:101:10)
    at authenticate (C:\Users\kajal\OneDrive\Desktop\subscription\backend\src\middleware\auth.js:14:25)
    at newFn (C:\Users\kajal\OneDrive\Desktop\subscription\backend\node_modules\express-async-errors\index.js:16:20)
    at Layer.handle [as handle_request] (C:\Users\kajal\OneDrive\Desktop\subscription\backend\node_modules\express\lib\router\layer.js:95:5)
    at trim_prefix (C:\Users\kajal\OneDrive\Desktop\subscription\backend\node_modules\express\lib\router\index.js:328:13)
    at C:\Users\kajal\OneDrive\Desktop\subscription\backend\node_modules\express\lib\router\index.js:286:9
    at Function.process_params (C:\Users\kajal\OneDrive\Desktop\subscription\backend\node_modules\express\lib\router\index.js:346:12)
    at next (C:\Users\kajal\OneDrive\Desktop\subscription\backend\node_modules\express\lib\router\index.js:280:10)
2026-05-08 20:49:53 [WARN]: Slow query detected {"query":"SELECT COUNT(*) FROM materials m WHERE m.company_id = $1 AND m.deleted_at IS NULL AND (m.name ILIKE $2 OR m.code ILIKE $2)","duration":"1319ms","rows":1}
2026-05-08 20:49:53 [WARN]: Slow query detected {"query":"SELECT COUNT(*) FROM materials m WHERE m.company_id = $1 AND m.deleted_at IS NULL AND (m.name ILIKE $2 OR m.code ILIKE $2)","duration":"1925ms","rows":1}
2026-05-08 20:51:13 [WARN]: Slow query detected {"query":"SELECT COUNT(*) FROM materials m WHERE m.company_id = $1 AND m.deleted_at IS NULL","duration":"1044ms","rows":1}
2026-05-08 21:05:38 [ERROR]: Error: jwt expired {"url":"/api/notifications/unread-count","method":"GET"}
TokenExpiredError: jwt expired
    at C:\Users\kajal\OneDrive\Desktop\subscription\backend\node_modules\jsonwebtoken\verify.js:190:21
    at getSecret (C:\Users\kajal\OneDrive\Desktop\subscription\backend\node_modules\jsonwebtoken\verify.js:97:14)
    at module.exports [as verify] (C:\Users\kajal\OneDrive\Desktop\subscription\backend\node_modules\jsonwebtoken\verify.js:101:10)
    at authenticate (C:\Users\kajal\OneDrive\Desktop\subscription\backend\src\middleware\auth.js:14:25)
    at newFn (C:\Users\kajal\OneDrive\Desktop\subscription\backend\node_modules\express-async-errors\index.js:16:20)
    at Layer.handle [as handle_request] (C:\Users\kajal\OneDrive\Desktop\subscription\backend\node_modules\express\lib\router\layer.js:95:5)
    at trim_prefix (C:\Users\kajal\OneDrive\Desktop\subscription\backend\node_modules\express\lib\router\index.js:328:13)
    at C:\Users\kajal\OneDrive\Desktop\subscription\backend\node_modules\express\lib\router\index.js:286:9
    at Function.process_params (C:\Users\kajal\OneDrive\Desktop\subscription\backend\node_modules\express\lib\router\index.js:346:12)
    at next (C:\Users\kajal\OneDrive\Desktop\subscription\backend\node_modules\express\lib\router\index.js:280:10)
2026-05-08 21:16:37 [INFO]: 🚀 ERP Server running on port 5000 in development mode
2026-05-08 21:16:37 [INFO]: 📊 API: http://localhost:5000/api
2026-05-08 21:16:37 [INFO]: 🔌 Socket.IO: ws://localhost:5000
2026-05-08 21:16:37 [INFO]: ❤️  Health: http://localhost:5000/health
2026-05-08 21:16:38 [INFO]: Database connected successfully at Fri May 08 2026 21:16:42 GMT+0530 (India Standard Time)
2026-05-08 21:16:38 [INFO]: ✅ Database connected
2026-05-08 21:16:38 [INFO]: ✅ Redis connected
2026-05-08 23:27:13 [INFO]: 🚀 ERP Server running on port 5000 in development mode
2026-05-08 23:27:13 [INFO]: 📊 API: http://localhost:5000/api
2026-05-08 23:27:13 [INFO]: 🔌 Socket.IO: ws://localhost:5000
2026-05-08 23:27:13 [INFO]: ❤️  Health: http://localhost:5000/health
2026-05-08 23:27:14 [INFO]: Database connected successfully at Fri May 08 2026 23:27:19 GMT+0530 (India Standard Time)
2026-05-08 23:27:14 [INFO]: ✅ Database connected
2026-05-08 23:27:14 [INFO]: ✅ Redis connected
2026-05-08 23:28:40 [ERROR]: Error: jwt expired {"url":"/api/notifications/unread-count","method":"GET"}
TokenExpiredError: jwt expired
    at C:\Users\kajal\OneDrive\Desktop\subscription\backend\node_modules\jsonwebtoken\verify.js:190:21
    at getSecret (C:\Users\kajal\OneDrive\Desktop\subscription\backend\node_modules\jsonwebtoken\verify.js:97:14)
    at module.exports [as verify] (C:\Users\kajal\OneDrive\Desktop\subscription\backend\node_modules\jsonwebtoken\verify.js:101:10)
    at authenticate (C:\Users\kajal\OneDrive\Desktop\subscription\backend\src\middleware\auth.js:14:25)
    at newFn (C:\Users\kajal\OneDrive\Desktop\subscription\backend\node_modules\express-async-errors\index.js:16:20)
    at Layer.handle [as handle_request] (C:\Users\kajal\OneDrive\Desktop\subscription\backend\node_modules\express\lib\router\layer.js:95:5)
    at trim_prefix (C:\Users\kajal\OneDrive\Desktop\subscription\backend\node_modules\express\lib\router\index.js:328:13)
    at C:\Users\kajal\OneDrive\Desktop\subscription\backend\node_modules\express\lib\router\index.js:286:9
    at Function.process_params (C:\Users\kajal\OneDrive\Desktop\subscription\backend\node_modules\express\lib\router\index.js:346:12)
    at next (C:\Users\kajal\OneDrive\Desktop\subscription\backend\node_modules\express\lib\router\index.js:280:10)
2026-05-08 23:28:40 [ERROR]: Error: jwt expired {"url":"/api/dashboard/stats?period=30","method":"GET"}
TokenExpiredError: jwt expired
    at C:\Users\kajal\OneDrive\Desktop\subscription\backend\node_modules\jsonwebtoken\verify.js:190:21
    at getSecret (C:\Users\kajal\OneDrive\Desktop\subscription\backend\node_modules\jsonwebtoken\verify.js:97:14)
    at module.exports [as verify] (C:\Users\kajal\OneDrive\Desktop\subscription\backend\node_modules\jsonwebtoken\verify.js:101:10)
    at authenticate (C:\Users\kajal\OneDrive\Desktop\subscription\backend\src\middleware\auth.js:14:25)
    at newFn (C:\Users\kajal\OneDrive\Desktop\subscription\backend\node_modules\express-async-errors\index.js:16:20)
    at Layer.handle [as handle_request] (C:\Users\kajal\OneDrive\Desktop\subscription\backend\node_modules\express\lib\router\layer.js:95:5)
    at trim_prefix (C:\Users\kajal\OneDrive\Desktop\subscription\backend\node_modules\express\lib\router\index.js:328:13)
    at C:\Users\kajal\OneDrive\Desktop\subscription\backend\node_modules\express\lib\router\index.js:286:9
    at Function.process_params (C:\Users\kajal\OneDrive\Desktop\subscription\backend\node_modules\express\lib\router\index.js:346:12)
    at next (C:\Users\kajal\OneDrive\Desktop\subscription\backend\node_modules\express\lib\router\index.js:280:10)
2026-05-08 23:28:40 [ERROR]: Error: jwt expired {"url":"/api/dashboard/charts?period=30","method":"GET"}
TokenExpiredError: jwt expired
    at C:\Users\kajal\OneDrive\Desktop\subscription\backend\node_modules\jsonwebtoken\verify.js:190:21
    at getSecret (C:\Users\kajal\OneDrive\Desktop\subscription\backend\node_modules\jsonwebtoken\verify.js:97:14)
    at module.exports [as verify] (C:\Users\kajal\OneDrive\Desktop\subscription\backend\node_modules\jsonwebtoken\verify.js:101:10)
    at authenticate (C:\Users\kajal\OneDrive\Desktop\subscription\backend\src\middleware\auth.js:14:25)
    at newFn (C:\Users\kajal\OneDrive\Desktop\subscription\backend\node_modules\express-async-errors\index.js:16:20)
    at Layer.handle [as handle_request] (C:\Users\kajal\OneDrive\Desktop\subscription\backend\node_modules\express\lib\router\layer.js:95:5)
    at trim_prefix (C:\Users\kajal\OneDrive\Desktop\subscription\backend\node_modules\express\lib\router\index.js:328:13)
    at C:\Users\kajal\OneDrive\Desktop\subscription\backend\node_modules\express\lib\router\index.js:286:9
    at Function.process_params (C:\Users\kajal\OneDrive\Desktop\subscription\backend\node_modules\express\lib\router\index.js:346:12)
    at next (C:\Users\kajal\OneDrive\Desktop\subscription\backend\node_modules\express\lib\router\index.js:280:10)
2026-05-08 23:28:40 [ERROR]: Error: jwt expired {"url":"/api/dashboard/low-stock","method":"GET"}
TokenExpiredError: jwt expired
    at C:\Users\kajal\OneDrive\Desktop\subscription\backend\node_modules\jsonwebtoken\verify.js:190:21
    at getSecret (C:\Users\kajal\OneDrive\Desktop\subscription\backend\node_modules\jsonwebtoken\verify.js:97:14)
    at module.exports [as verify] (C:\Users\kajal\OneDrive\Desktop\subscription\backend\node_modules\jsonwebtoken\verify.js:101:10)
    at authenticate (C:\Users\kajal\OneDrive\Desktop\subscription\backend\src\middleware\auth.js:14:25)
    at newFn (C:\Users\kajal\OneDrive\Desktop\subscription\backend\node_modules\express-async-errors\index.js:16:20)
    at Layer.handle [as handle_request] (C:\Users\kajal\OneDrive\Desktop\subscription\backend\node_modules\express\lib\router\layer.js:95:5)
    at trim_prefix (C:\Users\kajal\OneDrive\Desktop\subscription\backend\node_modules\express\lib\router\index.js:328:13)
    at C:\Users\kajal\OneDrive\Desktop\subscription\backend\node_modules\express\lib\router\index.js:286:9
    at Function.process_params (C:\Users\kajal\OneDrive\Desktop\subscription\backend\node_modules\express\lib\router\index.js:346:12)
    at next (C:\Users\kajal\OneDrive\Desktop\subscription\backend\node_modules\express\lib\router\index.js:280:10)
2026-05-08 23:28:40 [ERROR]: Error: jwt expired {"url":"/api/dashboard/production-timeline","method":"GET"}
TokenExpiredError: jwt expired
    at C:\Users\kajal\OneDrive\Desktop\subscription\backend\node_modules\jsonwebtoken\verify.js:190:21
    at getSecret (C:\Users\kajal\OneDrive\Desktop\subscription\backend\node_modules\jsonwebtoken\verify.js:97:14)
    at module.exports [as verify] (C:\Users\kajal\OneDrive\Desktop\subscription\backend\node_modules\jsonwebtoken\verify.js:101:10)
    at authenticate (C:\Users\kajal\OneDrive\Desktop\subscription\backend\src\middleware\auth.js:14:25)
    at newFn (C:\Users\kajal\OneDrive\Desktop\subscription\backend\node_modules\express-async-errors\index.js:16:20)
    at Layer.handle [as handle_request] (C:\Users\kajal\OneDrive\Desktop\subscription\backend\node_modules\express\lib\router\layer.js:95:5)
    at trim_prefix (C:\Users\kajal\OneDrive\Desktop\subscription\backend\node_modules\express\lib\router\index.js:328:13)
    at C:\Users\kajal\OneDrive\Desktop\subscription\backend\node_modules\express\lib\router\index.js:286:9
    at Function.process_params (C:\Users\kajal\OneDrive\Desktop\subscription\backend\node_modules\express\lib\router\index.js:346:12)
    at next (C:\Users\kajal\OneDrive\Desktop\subscription\backend\node_modules\express\lib\router\index.js:280:10)
2026-05-08 23:28:41 [WARN]: Slow query detected {"query":"SELECT status, COUNT(*) AS count FROM production_orders\n         WHERE company_id = $1 AND deleted_at IS NULL\n         AND created_at >= NOW() - INTERVAL '30 days'\n         GROUP BY status","duration":"1001ms","rows":3}
2026-05-08 23:28:41 [WARN]: Slow query detected {"query":"SELECT COUNT(*) AS total,\n           COUNT(*) FILTER (WHERE status = 'pending') AS pending,\n           COUNT(*) FILTER (WHERE status = 'in_progress') AS running,\n           COUNT(*) FILTER (WHERE status = 'completed') AS completed,\n           COUNT(*) FILTER (WHERE planned_end_date < CURRENT_DATE AND status NOT IN ('completed','cancelled')) AS delayed,\n           COALESCE(SUM(produced_quantity), 0) AS total_produced,\n           COALESCE(SUM(rejected_quantity), 0) AS total_rejected\n         FROM production_orders WHERE company_id = $1 AND deleted_at IS NULL\n         AND created_at >= NOW() - INTERVAL '30 days'","duration":"1027ms","rows":1}
2026-05-08 23:28:41 [WARN]: Slow query detected {"query":"SELECT status, COUNT(*) AS count FROM dispatches\n         WHERE company_id = $1 AND deleted_at IS NULL\n         AND created_at >= NOW() - INTERVAL '30 days'\n         GROUP BY status","duration":"1072ms","rows":0}
2026-05-08 23:28:41 [WARN]: Slow query detected {"query":"SELECT m.name, m.code, SUM(po.produced_quantity) AS total_produced,\n                SUM(po.rejected_quantity) AS total_rejected\n         FROM production_orders po\n         JOIN materials m ON po.product_material_id = m.id\n         WHERE po.company_id = $1 AND po.deleted_at IS NULL\n         AND po.created_at >= NOW() - INTERVAL '30 days'\n         GROUP BY m.id, m.name, m.code\n         ORDER BY total_produced DESC LIMIT 10","duration":"1130ms","rows":0}
2026-05-08 23:28:41 [WARN]: Slow query detected {"query":"SELECT m.id, m.code, m.name, m.unit, m.current_stock, m.minimum_stock,\n              m.reorder_level, m.reorder_quantity, m.purchase_rate,\n              mc.name AS category_name, w.name AS warehouse_name,\n              s.name AS supplier_name, s.contact_person AS supplier_contact, s.phone AS supplier_phone\n       FROM materials m\n       LEFT JOIN material_categories mc ON m.category_id = mc.id\n       LEFT JOIN warehouses w ON m.warehouse_id = w.id\n       LEFT JOIN suppliers s ON m.supplier_id = s.id\n       WHERE m.company_id = $1 AND m.current_stock <= m.minimum_stock\n       AND m.is_active = TRUE AND m.deleted_at IS NULL\n       ORDER BY (m.current_stock / NULLIF(m.minimum_stock, 0)) ASC\n       LIMIT 20","duration":"1144ms","rows":11}
2026-05-08 23:28:41 [WARN]: Slow query detected {"query":"SELECT po.id, po.order_number, po.status, po.priority,\n              po.planned_start_date, po.planned_end_date, po.actual_start_date, po.actual_end_date,\n              m.name AS product_name,\n              ws.name AS current_stage, ws.color AS stage_color,\n              CASE WHEN po.planned_end_date < CURRENT_DATE AND po.status NOT IN ('completed','cancelled') THEN TRUE ELSE FALSE END AS is_delayed\n       FROM production_orders po\n       LEFT JOIN materials m ON po.product_material_id = m.id\n       LEFT JOIN workflow_stages ws ON po.current_stage_id = ws.id\n       WHERE po.company_id = $1 AND po.deleted_at IS NULL\n       AND po.status NOT IN ('cancelled')\n       ORDER BY po.planned_start_date ASC\n       LIMIT 50","duration":"1153ms","rows":4}
2026-05-08 23:30:51 [WARN]: Slow query detected {"query":"SELECT COUNT(*) FROM audit_logs al WHERE al.company_id = $1","duration":"4436ms","rows":1}
2026-05-08 23:42:52 [WARN]: Slow query detected {"query":"SELECT COUNT(*) FROM notifications WHERE user_id = $1 AND company_id = $2 AND is_read = FALSE","duration":"1102ms","rows":1}
2026-05-08 23:43:52 [ERROR]: Error: jwt expired {"url":"/api/notifications/unread-count","method":"GET"}
TokenExpiredError: jwt expired
    at C:\Users\kajal\OneDrive\Desktop\subscription\backend\node_modules\jsonwebtoken\verify.js:190:21
    at getSecret (C:\Users\kajal\OneDrive\Desktop\subscription\backend\node_modules\jsonwebtoken\verify.js:97:14)
    at module.exports [as verify] (C:\Users\kajal\OneDrive\Desktop\subscription\backend\node_modules\jsonwebtoken\verify.js:101:10)
    at authenticate (C:\Users\kajal\OneDrive\Desktop\subscription\backend\src\middleware\auth.js:14:25)
    at newFn (C:\Users\kajal\OneDrive\Desktop\subscription\backend\node_modules\express-async-errors\index.js:16:20)
    at Layer.handle [as handle_request] (C:\Users\kajal\OneDrive\Desktop\subscription\backend\node_modules\express\lib\router\layer.js:95:5)
    at trim_prefix (C:\Users\kajal\OneDrive\Desktop\subscription\backend\node_modules\express\lib\router\index.js:328:13)
    at C:\Users\kajal\OneDrive\Desktop\subscription\backend\node_modules\express\lib\router\index.js:286:9
    at Function.process_params (C:\Users\kajal\OneDrive\Desktop\subscription\backend\node_modules\express\lib\router\index.js:346:12)
    at next (C:\Users\kajal\OneDrive\Desktop\subscription\backend\node_modules\express\lib\router\index.js:280:10)
2026-05-08 23:44:54 [WARN]: Slow query detected {"query":"SELECT COUNT(*) FROM notifications WHERE user_id = $1 AND company_id = $2 AND is_read = FALSE","duration":"1059ms","rows":1}
2026-05-08 23:45:56 [WARN]: Slow query detected {"query":"SELECT COUNT(*) FROM notifications WHERE user_id = $1 AND company_id = $2 AND is_read = FALSE","duration":"1058ms","rows":1}
2026-05-08 23:46:57 [WARN]: Slow query detected {"query":"SELECT COUNT(*) FROM notifications WHERE user_id = $1 AND company_id = $2 AND is_read = FALSE","duration":"1039ms","rows":1}
2026-05-08 23:50:00 [WARN]: Slow query detected {"query":"SELECT COUNT(*) FROM notifications WHERE user_id = $1 AND company_id = $2 AND is_read = FALSE","duration":"1087ms","rows":1}
2026-05-08 23:51:01 [WARN]: Slow query detected {"query":"SELECT COUNT(*) FROM notifications WHERE user_id = $1 AND company_id = $2 AND is_read = FALSE","duration":"1089ms","rows":1}
2026-05-08 23:52:03 [WARN]: Slow query detected {"query":"SELECT COUNT(*) FROM notifications WHERE user_id = $1 AND company_id = $2 AND is_read = FALSE","duration":"1057ms","rows":1}
2026-05-08 23:53:04 [WARN]: Slow query detected {"query":"SELECT COUNT(*) FROM notifications WHERE user_id = $1 AND company_id = $2 AND is_read = FALSE","duration":"1184ms","rows":1}
2026-05-08 23:59:09 [ERROR]: Error: jwt expired {"url":"/api/notifications/unread-count","method":"GET"}
TokenExpiredError: jwt expired
    at C:\Users\kajal\OneDrive\Desktop\subscription\backend\node_modules\jsonwebtoken\verify.js:190:21
    at getSecret (C:\Users\kajal\OneDrive\Desktop\subscription\backend\node_modules\jsonwebtoken\verify.js:97:14)
    at module.exports [as verify] (C:\Users\kajal\OneDrive\Desktop\subscription\backend\node_modules\jsonwebtoken\verify.js:101:10)
    at authenticate (C:\Users\kajal\OneDrive\Desktop\subscription\backend\src\middleware\auth.js:14:25)
    at newFn (C:\Users\kajal\OneDrive\Desktop\subscription\backend\node_modules\express-async-errors\index.js:16:20)
    at Layer.handle [as handle_request] (C:\Users\kajal\OneDrive\Desktop\subscription\backend\node_modules\express\lib\router\layer.js:95:5)
    at trim_prefix (C:\Users\kajal\OneDrive\Desktop\subscription\backend\node_modules\express\lib\router\index.js:328:13)
    at C:\Users\kajal\OneDrive\Desktop\subscription\backend\node_modules\express\lib\router\index.js:286:9
    at Function.process_params (C:\Users\kajal\OneDrive\Desktop\subscription\backend\node_modules\express\lib\router\index.js:346:12)
    at next (C:\Users\kajal\OneDrive\Desktop\subscription\backend\node_modules\express\lib\router\index.js:280:10)
