2026-05-07 00:35:45 [ERROR]: Redis error: {"code":"ECONNREFUSED"}
AggregateError [ECONNREFUSED]: 
    at internalConnectMultiple (node:net:1139:18)
    at afterConnectMultiple (node:net:1712:7)
2026-05-07 00:35:45 [ERROR]: Redis error: {"code":"ECONNREFUSED"}
AggregateError [ECONNREFUSED]: 
    at internalConnectMultiple (node:net:1139:18)
    at afterConnectMultiple (node:net:1712:7)
2026-05-07 00:35:45 [ERROR]: Redis error: {"code":"ECONNREFUSED"}
AggregateError [ECONNREFUSED]: 
    at internalConnectMultiple (node:net:1139:18)
    at afterConnectMultiple (node:net:1712:7)
2026-05-07 00:35:46 [ERROR]: Redis error: {"code":"ECONNREFUSED"}
AggregateError [ECONNREFUSED]: 
    at internalConnectMultiple (node:net:1139:18)
    at afterConnectMultiple (node:net:1712:7)
2026-05-07 00:35:46 [ERROR]: Redis error: {"code":"ECONNREFUSED"}
AggregateError [ECONNREFUSED]: 
    at internalConnectMultiple (node:net:1139:18)
    at afterConnectMultiple (node:net:1712:7)
2026-05-07 00:35:46 [ERROR]: Redis error: {"code":"ECONNREFUSED"}
AggregateError [ECONNREFUSED]: 
    at internalConnectMultiple (node:net:1139:18)
    at afterConnectMultiple (node:net:1712:7)
2026-05-07 00:35:46 [ERROR]: Redis error: {"code":"ECONNREFUSED"}
AggregateError [ECONNREFUSED]: 
    at internalConnectMultiple (node:net:1139:18)
    at afterConnectMultiple (node:net:1712:7)
2026-05-07 00:35:47 [ERROR]: Redis error: {"code":"ECONNREFUSED"}
AggregateError [ECONNREFUSED]: 
    at internalConnectMultiple (node:net:1139:18)
    at afterConnectMultiple (node:net:1712:7)
2026-05-07 00:35:47 [ERROR]: Redis error: {"code":"ECONNREFUSED"}
AggregateError [ECONNREFUSED]: 
    at internalConnectMultiple (node:net:1139:18)
    at afterConnectMultiple (node:net:1712:7)
2026-05-07 00:35:47 [ERROR]: Redis error: {"code":"ECONNREFUSED"}
AggregateError [ECONNREFUSED]: 
    at internalConnectMultiple (node:net:1139:18)
    at afterConnectMultiple (node:net:1712:7)
2026-05-07 00:35:48 [ERROR]: Redis error: {"code":"ECONNREFUSED"}
AggregateError [ECONNREFUSED]: 
    at internalConnectMultiple (node:net:1139:18)
    at afterConnectMultiple (node:net:1712:7)
2026-05-07 00:35:48 [ERROR]: Redis error: {"code":"ECONNREFUSED"}
AggregateError [ECONNREFUSED]: 
    at internalConnectMultiple (node:net:1139:18)
    at afterConnectMultiple (node:net:1712:7)
2026-05-07 00:35:49 [ERROR]: Redis error: {"code":"ECONNREFUSED"}
AggregateError [ECONNREFUSED]: 
    at internalConnectMultiple (node:net:1139:18)
    at afterConnectMultiple (node:net:1712:7)
2026-05-07 00:35:49 [ERROR]: Redis error: {"code":"ECONNREFUSED"}
AggregateError [ECONNREFUSED]: 
    at internalConnectMultiple (node:net:1139:18)
    at afterConnectMultiple (node:net:1712:7)
2026-05-07 00:35:50 [ERROR]: Redis error: {"code":"ECONNREFUSED"}
AggregateError [ECONNREFUSED]: 
    at internalConnectMultiple (node:net:1139:18)
    at afterConnectMultiple (node:net:1712:7)
2026-05-07 00:35:50 [ERROR]: Redis error: {"code":"ECONNREFUSED"}
AggregateError [ECONNREFUSED]: 
    at internalConnectMultiple (node:net:1139:18)
    at afterConnectMultiple (node:net:1712:7)
2026-05-07 00:35:51 [ERROR]: Redis error: {"code":"ECONNREFUSED"}
AggregateError [ECONNREFUSED]: 
    at internalConnectMultiple (node:net:1139:18)
    at afterConnectMultiple (node:net:1712:7)
2026-05-07 00:35:51 [ERROR]: Redis error: {"code":"ECONNREFUSED"}
AggregateError [ECONNREFUSED]: 
    at internalConnectMultiple (node:net:1139:18)
    at afterConnectMultiple (node:net:1712:7)
2026-05-07 00:35:52 [ERROR]: Redis error: {"code":"ECONNREFUSED"}
AggregateError [ECONNREFUSED]: 
    at internalConnectMultiple (node:net:1139:18)
    at afterConnectMultiple (node:net:1712:7)
2026-05-07 00:35:52 [ERROR]: Redis error: {"code":"ECONNREFUSED"}
AggregateError [ECONNREFUSED]: 
    at internalConnectMultiple (node:net:1139:18)
    at afterConnectMultiple (node:net:1712:7)
2026-05-07 00:35:53 [ERROR]: Redis error: {"code":"ECONNREFUSED"}
AggregateError [ECONNREFUSED]: 
    at internalConnectMultiple (node:net:1139:18)
    at afterConnectMultiple (node:net:1712:7)
2026-05-07 00:35:53 [ERROR]: Redis error: {"code":"ECONNREFUSED"}
AggregateError [ECONNREFUSED]: 
    at internalConnectMultiple (node:net:1139:18)
    at afterConnectMultiple (node:net:1712:7)
2026-05-07 00:35:54 [ERROR]: Redis error: {"code":"ECONNREFUSED"}
AggregateError [ECONNREFUSED]: 
    at internalConnectMultiple (node:net:1139:18)
    at afterConnectMultiple (node:net:1712:7)
2026-05-07 00:35:54 [ERROR]: Redis error: {"code":"ECONNREFUSED"}
AggregateError [ECONNREFUSED]: 
    at internalConnectMultiple (node:net:1139:18)
    at afterConnectMultiple (node:net:1712:7)
2026-05-07 00:35:55 [ERROR]: Redis error: {"code":"ECONNREFUSED"}
AggregateError [ECONNREFUSED]: 
    at internalConnectMultiple (node:net:1139:18)
    at afterConnectMultiple (node:net:1712:7)
2026-05-07 00:35:55 [ERROR]: Redis error: {"code":"ECONNREFUSED"}
AggregateError [ECONNREFUSED]: 
    at internalConnectMultiple (node:net:1139:18)
    at afterConnectMultiple (node:net:1712:7)
2026-05-07 00:35:56 [ERROR]: Redis error: {"code":"ECONNREFUSED"}
AggregateError [ECONNREFUSED]: 
    at internalConnectMultiple (node:net:1139:18)
    at afterConnectMultiple (node:net:1712:7)
2026-05-07 00:35:56 [ERROR]: Redis error: {"code":"ECONNREFUSED"}
AggregateError [ECONNREFUSED]: 
    at internalConnectMultiple (node:net:1139:18)
    at afterConnectMultiple (node:net:1712:7)
2026-05-07 00:35:57 [ERROR]: Redis error: {"code":"ECONNREFUSED"}
AggregateError [ECONNREFUSED]: 
    at internalConnectMultiple (node:net:1139:18)
    at afterConnectMultiple (node:net:1712:7)
2026-05-07 00:35:57 [ERROR]: Redis error: {"code":"ECONNREFUSED"}
AggregateError [ECONNREFUSED]: 
    at internalConnectMultiple (node:net:1139:18)
    at afterConnectMultiple (node:net:1712:7)
2026-05-07 00:35:58 [ERROR]: Redis error: {"code":"ECONNREFUSED"}
AggregateError [ECONNREFUSED]: 
    at internalConnectMultiple (node:net:1139:18)
    at afterConnectMultiple (node:net:1712:7)
2026-05-07 00:35:58 [ERROR]: Redis error: {"code":"ECONNREFUSED"}
AggregateError [ECONNREFUSED]: 
    at internalConnectMultiple (node:net:1139:18)
    at afterConnectMultiple (node:net:1712:7)
2026-05-07 00:35:59 [ERROR]: Redis error: {"code":"ECONNREFUSED"}
AggregateError [ECONNREFUSED]: 
    at internalConnectMultiple (node:net:1139:18)
    at afterConnectMultiple (node:net:1712:7)
2026-05-07 00:36:00 [ERROR]: Redis error: {"code":"ECONNREFUSED"}
AggregateError [ECONNREFUSED]: 
    at internalConnectMultiple (node:net:1139:18)
    at afterConnectMultiple (node:net:1712:7)
2026-05-07 00:36:00 [ERROR]: Redis error: {"code":"ECONNREFUSED"}
AggregateError [ECONNREFUSED]: 
    at internalConnectMultiple (node:net:1139:18)
    at afterConnectMultiple (node:net:1712:7)
2026-05-07 00:36:01 [ERROR]: Redis error: {"code":"ECONNREFUSED"}
AggregateError [ECONNREFUSED]: 
    at internalConnectMultiple (node:net:1139:18)
    at afterConnectMultiple (node:net:1712:7)
2026-05-07 00:36:01 [ERROR]: Redis error: {"code":"ECONNREFUSED"}
AggregateError [ECONNREFUSED]: 
    at internalConnectMultiple (node:net:1139:18)
    at afterConnectMultiple (node:net:1712:7)
2026-05-07 00:36:02 [ERROR]: Redis error: {"code":"ECONNREFUSED"}
AggregateError [ECONNREFUSED]: 
    at internalConnectMultiple (node:net:1139:18)
    at afterConnectMultiple (node:net:1712:7)
2026-05-07 00:36:02 [ERROR]: Redis error: {"code":"ECONNREFUSED"}
AggregateError [ECONNREFUSED]: 
    at internalConnectMultiple (node:net:1139:18)
    at afterConnectMultiple (node:net:1712:7)
2026-05-07 00:36:03 [ERROR]: Redis error: {"code":"ECONNREFUSED"}
AggregateError [ECONNREFUSED]: 
    at internalConnectMultiple (node:net:1139:18)
    at afterConnectMultiple (node:net:1712:7)
2026-05-07 00:36:03 [ERROR]: Redis error: {"code":"ECONNREFUSED"}
AggregateError [ECONNREFUSED]: 
    at internalConnectMultiple (node:net:1139:18)
    at afterConnectMultiple (node:net:1712:7)
2026-05-07 00:36:04 [ERROR]: Redis error: {"code":"ECONNREFUSED"}
AggregateError [ECONNREFUSED]: 
    at internalConnectMultiple (node:net:1139:18)
    at afterConnectMultiple (node:net:1712:7)
2026-05-07 00:36:04 [ERROR]: Redis error: {"code":"ECONNREFUSED"}
AggregateError [ECONNREFUSED]: 
    at internalConnectMultiple (node:net:1139:18)
    at afterConnectMultiple (node:net:1712:7)
2026-05-07 00:36:05 [ERROR]: Redis error: {"code":"ECONNREFUSED"}
AggregateError [ECONNREFUSED]: 
    at internalConnectMultiple (node:net:1139:18)
    at afterConnectMultiple (node:net:1712:7)
2026-05-07 00:36:05 [ERROR]: Redis error: {"code":"ECONNREFUSED"}
AggregateError [ECONNREFUSED]: 
    at internalConnectMultiple (node:net:1139:18)
    at afterConnectMultiple (node:net:1712:7)
2026-05-07 00:36:06 [ERROR]: Redis error: {"code":"ECONNREFUSED"}
AggregateError [ECONNREFUSED]: 
    at internalConnectMultiple (node:net:1139:18)
    at afterConnectMultiple (node:net:1712:7)
2026-05-07 00:36:06 [ERROR]: Redis error: {"code":"ECONNREFUSED"}
AggregateError [ECONNREFUSED]: 
    at internalConnectMultiple (node:net:1139:18)
    at afterConnectMultiple (node:net:1712:7)
2026-05-07 00:36:07 [ERROR]: Redis error: {"code":"ECONNREFUSED"}
AggregateError [ECONNREFUSED]: 
    at internalConnectMultiple (node:net:1139:18)
    at afterConnectMultiple (node:net:1712:7)
2026-05-07 00:36:07 [ERROR]: Redis error: {"code":"ECONNREFUSED"}
AggregateError [ECONNREFUSED]: 
    at internalConnectMultiple (node:net:1139:18)
    at afterConnectMultiple (node:net:1712:7)
2026-05-07 00:36:08 [ERROR]: Redis error: {"code":"ECONNREFUSED"}
AggregateError [ECONNREFUSED]: 
    at internalConnectMultiple (node:net:1139:18)
    at afterConnectMultiple (node:net:1712:7)
2026-05-07 00:36:08 [ERROR]: Redis error: {"code":"ECONNREFUSED"}
AggregateError [ECONNREFUSED]: 
    at internalConnectMultiple (node:net:1139:18)
    at afterConnectMultiple (node:net:1712:7)
2026-05-07 00:36:09 [ERROR]: Redis error: {"code":"ECONNREFUSED"}
AggregateError [ECONNREFUSED]: 
    at internalConnectMultiple (node:net:1139:18)
    at afterConnectMultiple (node:net:1712:7)
2026-05-07 00:36:09 [ERROR]: Redis error: {"code":"ECONNREFUSED"}
AggregateError [ECONNREFUSED]: 
    at internalConnectMultiple (node:net:1139:18)
    at afterConnectMultiple (node:net:1712:7)
2026-05-07 00:36:10 [ERROR]: Redis error: {"code":"ECONNREFUSED"}
AggregateError [ECONNREFUSED]: 
    at internalConnectMultiple (node:net:1139:18)
    at afterConnectMultiple (node:net:1712:7)
2026-05-07 00:36:10 [ERROR]: Redis error: {"code":"ECONNREFUSED"}
AggregateError [ECONNREFUSED]: 
    at internalConnectMultiple (node:net:1139:18)
    at afterConnectMultiple (node:net:1712:7)
2026-05-07 00:36:11 [ERROR]: Redis error: {"code":"ECONNREFUSED"}
AggregateError [ECONNREFUSED]: 
    at internalConnectMultiple (node:net:1139:18)
    at afterConnectMultiple (node:net:1712:7)
2026-05-07 00:36:11 [ERROR]: Redis error: {"code":"ECONNREFUSED"}
AggregateError [ECONNREFUSED]: 
    at internalConnectMultiple (node:net:1139:18)
    at afterConnectMultiple (node:net:1712:7)
2026-05-07 00:36:12 [ERROR]: Redis error: {"code":"ECONNREFUSED"}
AggregateError [ECONNREFUSED]: 
    at internalConnectMultiple (node:net:1139:18)
    at afterConnectMultiple (node:net:1712:7)
2026-05-07 00:36:12 [ERROR]: Redis error: {"code":"ECONNREFUSED"}
AggregateError [ECONNREFUSED]: 
    at internalConnectMultiple (node:net:1139:18)
    at afterConnectMultiple (node:net:1712:7)
2026-05-07 00:36:13 [ERROR]: Redis error: {"code":"ECONNREFUSED"}
AggregateError [ECONNREFUSED]: 
    at internalConnectMultiple (node:net:1139:18)
    at afterConnectMultiple (node:net:1712:7)
2026-05-07 00:36:13 [ERROR]: Redis error: {"code":"ECONNREFUSED"}
AggregateError [ECONNREFUSED]: 
    at internalConnectMultiple (node:net:1139:18)
    at afterConnectMultiple (node:net:1712:7)
2026-05-07 00:36:14 [ERROR]: Redis error: {"code":"ECONNREFUSED"}
AggregateError [ECONNREFUSED]: 
    at internalConnectMultiple (node:net:1139:18)
    at afterConnectMultiple (node:net:1712:7)
2026-05-07 00:36:14 [ERROR]: Redis error: {"code":"ECONNREFUSED"}
AggregateError [ECONNREFUSED]: 
    at internalConnectMultiple (node:net:1139:18)
    at afterConnectMultiple (node:net:1712:7)
2026-05-07 00:36:15 [ERROR]: Redis error: {"code":"ECONNREFUSED"}
AggregateError [ECONNREFUSED]: 
    at internalConnectMultiple (node:net:1139:18)
    at afterConnectMultiple (node:net:1712:7)
2026-05-07 00:36:15 [ERROR]: Redis error: {"code":"ECONNREFUSED"}
AggregateError [ECONNREFUSED]: 
    at internalConnectMultiple (node:net:1139:18)
    at afterConnectMultiple (node:net:1712:7)
2026-05-07 00:36:16 [ERROR]: Redis error: {"code":"ECONNREFUSED"}
AggregateError [ECONNREFUSED]: 
    at internalConnectMultiple (node:net:1139:18)
    at afterConnectMultiple (node:net:1712:7)
2026-05-07 00:36:16 [ERROR]: Redis error: {"code":"ECONNREFUSED"}
AggregateError [ECONNREFUSED]: 
    at internalConnectMultiple (node:net:1139:18)
    at afterConnectMultiple (node:net:1712:7)
2026-05-07 00:36:17 [ERROR]: Redis error: {"code":"ECONNREFUSED"}
AggregateError [ECONNREFUSED]: 
    at internalConnectMultiple (node:net:1139:18)
    at afterConnectMultiple (node:net:1712:7)
2026-05-07 00:36:17 [ERROR]: Redis error: {"code":"ECONNREFUSED"}
AggregateError [ECONNREFUSED]: 
    at internalConnectMultiple (node:net:1139:18)
    at afterConnectMultiple (node:net:1712:7)
2026-05-07 00:36:18 [ERROR]: Redis error: {"code":"ECONNREFUSED"}
AggregateError [ECONNREFUSED]: 
    at internalConnectMultiple (node:net:1139:18)
    at afterConnectMultiple (node:net:1712:7)
2026-05-07 00:36:18 [ERROR]: Redis error: {"code":"ECONNREFUSED"}
AggregateError [ECONNREFUSED]: 
    at internalConnectMultiple (node:net:1139:18)
    at afterConnectMultiple (node:net:1712:7)
2026-05-07 00:36:19 [ERROR]: Redis error: {"code":"ECONNREFUSED"}
AggregateError [ECONNREFUSED]: 
    at internalConnectMultiple (node:net:1139:18)
    at afterConnectMultiple (node:net:1712:7)
2026-05-07 00:36:19 [ERROR]: Redis error: {"code":"ECONNREFUSED"}
AggregateError [ECONNREFUSED]: 
    at internalConnectMultiple (node:net:1139:18)
    at afterConnectMultiple (node:net:1712:7)
2026-05-07 00:36:20 [ERROR]: Redis error: {"code":"ECONNREFUSED"}
AggregateError [ECONNREFUSED]: 
    at internalConnectMultiple (node:net:1139:18)
    at afterConnectMultiple (node:net:1712:7)
2026-05-07 00:36:21 [ERROR]: Redis error: {"code":"ECONNREFUSED"}
AggregateError [ECONNREFUSED]: 
    at internalConnectMultiple (node:net:1139:18)
    at afterConnectMultiple (node:net:1712:7)
2026-05-07 00:36:21 [ERROR]: Redis error: {"code":"ECONNREFUSED"}
AggregateError [ECONNREFUSED]: 
    at internalConnectMultiple (node:net:1139:18)
    at afterConnectMultiple (node:net:1712:7)
2026-05-07 00:36:22 [ERROR]: Redis error: {"code":"ECONNREFUSED"}
AggregateError [ECONNREFUSED]: 
    at internalConnectMultiple (node:net:1139:18)
    at afterConnectMultiple (node:net:1712:7)
2026-05-07 00:36:22 [ERROR]: Redis error: {"code":"ECONNREFUSED"}
AggregateError [ECONNREFUSED]: 
    at internalConnectMultiple (node:net:1139:18)
    at afterConnectMultiple (node:net:1712:7)
2026-05-07 00:36:23 [ERROR]: Redis error: {"code":"ECONNREFUSED"}
AggregateError [ECONNREFUSED]: 
    at internalConnectMultiple (node:net:1139:18)
    at afterConnectMultiple (node:net:1712:7)
2026-05-07 00:36:23 [ERROR]: Redis error: {"code":"ECONNREFUSED"}
AggregateError [ECONNREFUSED]: 
    at internalConnectMultiple (node:net:1139:18)
    at afterConnectMultiple (node:net:1712:7)
2026-05-07 00:36:24 [ERROR]: Redis error: {"code":"ECONNREFUSED"}
AggregateError [ECONNREFUSED]: 
    at internalConnectMultiple (node:net:1139:18)
    at afterConnectMultiple (node:net:1712:7)
2026-05-07 00:36:24 [ERROR]: Redis error: {"code":"ECONNREFUSED"}
AggregateError [ECONNREFUSED]: 
    at internalConnectMultiple (node:net:1139:18)
    at afterConnectMultiple (node:net:1712:7)
2026-05-07 00:36:25 [ERROR]: Redis error: {"code":"ECONNREFUSED"}
AggregateError [ECONNREFUSED]: 
    at internalConnectMultiple (node:net:1139:18)
    at afterConnectMultiple (node:net:1712:7)
2026-05-07 00:36:25 [ERROR]: Redis error: {"code":"ECONNREFUSED"}
AggregateError [ECONNREFUSED]: 
    at internalConnectMultiple (node:net:1139:18)
    at afterConnectMultiple (node:net:1712:7)
2026-05-07 00:36:26 [ERROR]: Redis error: {"code":"ECONNREFUSED"}
AggregateError [ECONNREFUSED]: 
    at internalConnectMultiple (node:net:1139:18)
    at afterConnectMultiple (node:net:1712:7)
2026-05-07 00:36:26 [ERROR]: Redis error: {"code":"ECONNREFUSED"}
AggregateError [ECONNREFUSED]: 
    at internalConnectMultiple (node:net:1139:18)
    at afterConnectMultiple (node:net:1712:7)
2026-05-07 00:36:27 [ERROR]: Redis error: {"code":"ECONNREFUSED"}
AggregateError [ECONNREFUSED]: 
    at internalConnectMultiple (node:net:1139:18)
    at afterConnectMultiple (node:net:1712:7)
2026-05-07 00:36:27 [ERROR]: Redis error: {"code":"ECONNREFUSED"}
AggregateError [ECONNREFUSED]: 
    at internalConnectMultiple (node:net:1139:18)
    at afterConnectMultiple (node:net:1712:7)
2026-05-07 00:36:28 [ERROR]: Redis error: {"code":"ECONNREFUSED"}
AggregateError [ECONNREFUSED]: 
    at internalConnectMultiple (node:net:1139:18)
    at afterConnectMultiple (node:net:1712:7)
2026-05-07 00:36:28 [ERROR]: Redis error: {"code":"ECONNREFUSED"}
AggregateError [ECONNREFUSED]: 
    at internalConnectMultiple (node:net:1139:18)
    at afterConnectMultiple (node:net:1712:7)
2026-05-07 00:36:29 [ERROR]: Redis error: {"code":"ECONNREFUSED"}
AggregateError [ECONNREFUSED]: 
    at internalConnectMultiple (node:net:1139:18)
    at afterConnectMultiple (node:net:1712:7)
2026-05-07 00:36:29 [ERROR]: Redis error: {"code":"ECONNREFUSED"}
AggregateError [ECONNREFUSED]: 
    at internalConnectMultiple (node:net:1139:18)
    at afterConnectMultiple (node:net:1712:7)
2026-05-07 00:36:30 [ERROR]: Redis error: {"code":"ECONNREFUSED"}
AggregateError [ECONNREFUSED]: 
    at internalConnectMultiple (node:net:1139:18)
    at afterConnectMultiple (node:net:1712:7)
2026-05-07 00:36:30 [ERROR]: Redis error: {"code":"ECONNREFUSED"}
AggregateError [ECONNREFUSED]: 
    at internalConnectMultiple (node:net:1139:18)
    at afterConnectMultiple (node:net:1712:7)
2026-05-07 00:36:31 [ERROR]: Redis error: {"code":"ECONNREFUSED"}
AggregateError [ECONNREFUSED]: 
    at internalConnectMultiple (node:net:1139:18)
    at afterConnectMultiple (node:net:1712:7)
2026-05-07 00:36:31 [ERROR]: Redis error: {"code":"ECONNREFUSED"}
AggregateError [ECONNREFUSED]: 
    at internalConnectMultiple (node:net:1139:18)
    at afterConnectMultiple (node:net:1712:7)
2026-05-07 00:36:32 [ERROR]: Redis error: {"code":"ECONNREFUSED"}
AggregateError [ECONNREFUSED]: 
    at internalConnectMultiple (node:net:1139:18)
    at afterConnectMultiple (node:net:1712:7)
2026-05-07 00:36:32 [ERROR]: Redis error: {"code":"ECONNREFUSED"}
AggregateError [ECONNREFUSED]: 
    at internalConnectMultiple (node:net:1139:18)
    at afterConnectMultiple (node:net:1712:7)
2026-05-07 00:36:33 [ERROR]: Redis error: {"code":"ECONNREFUSED"}
AggregateError [ECONNREFUSED]: 
    at internalConnectMultiple (node:net:1139:18)
    at afterConnectMultiple (node:net:1712:7)
2026-05-07 00:36:33 [ERROR]: Redis error: {"code":"ECONNREFUSED"}
AggregateError [ECONNREFUSED]: 
    at internalConnectMultiple (node:net:1139:18)
    at afterConnectMultiple (node:net:1712:7)
2026-05-07 00:36:34 [ERROR]: Redis error: {"code":"ECONNREFUSED"}
AggregateError [ECONNREFUSED]: 
    at internalConnectMultiple (node:net:1139:18)
    at afterConnectMultiple (node:net:1712:7)
2026-05-07 00:36:34 [ERROR]: Redis error: {"code":"ECONNREFUSED"}
AggregateError [ECONNREFUSED]: 
    at internalConnectMultiple (node:net:1139:18)
    at afterConnectMultiple (node:net:1712:7)
2026-05-07 00:36:35 [ERROR]: Redis error: {"code":"ECONNREFUSED"}
AggregateError [ECONNREFUSED]: 
    at internalConnectMultiple (node:net:1139:18)
    at afterConnectMultiple (node:net:1712:7)
2026-05-07 00:36:35 [ERROR]: Redis error: {"code":"ECONNREFUSED"}
AggregateError [ECONNREFUSED]: 
    at internalConnectMultiple (node:net:1139:18)
    at afterConnectMultiple (node:net:1712:7)
2026-05-07 00:36:36 [ERROR]: Redis error: {"code":"ECONNREFUSED"}
AggregateError [ECONNREFUSED]: 
    at internalConnectMultiple (node:net:1139:18)
    at afterConnectMultiple (node:net:1712:7)
2026-05-07 00:36:36 [ERROR]: Redis error: {"code":"ECONNREFUSED"}
AggregateError [ECONNREFUSED]: 
    at internalConnectMultiple (node:net:1139:18)
    at afterConnectMultiple (node:net:1712:7)
2026-05-07 00:36:37 [ERROR]: Redis error: {"code":"ECONNREFUSED"}
AggregateError [ECONNREFUSED]: 
    at internalConnectMultiple (node:net:1139:18)
    at afterConnectMultiple (node:net:1712:7)
2026-05-07 00:36:37 [ERROR]: Redis error: {"code":"ECONNREFUSED"}
AggregateError [ECONNREFUSED]: 
    at internalConnectMultiple (node:net:1139:18)
    at afterConnectMultiple (node:net:1712:7)
2026-05-07 00:36:38 [ERROR]: Redis error: {"code":"ECONNREFUSED"}
AggregateError [ECONNREFUSED]: 
    at internalConnectMultiple (node:net:1139:18)
    at afterConnectMultiple (node:net:1712:7)
2026-05-07 00:36:38 [ERROR]: Redis error: {"code":"ECONNREFUSED"}
AggregateError [ECONNREFUSED]: 
    at internalConnectMultiple (node:net:1139:18)
    at afterConnectMultiple (node:net:1712:7)
2026-05-07 00:36:39 [ERROR]: Redis error: {"code":"ECONNREFUSED"}
AggregateError [ECONNREFUSED]: 
    at internalConnectMultiple (node:net:1139:18)
    at afterConnectMultiple (node:net:1712:7)
2026-05-07 00:36:40 [ERROR]: Redis error: {"code":"ECONNREFUSED"}
AggregateError [ECONNREFUSED]: 
    at internalConnectMultiple (node:net:1139:18)
    at afterConnectMultiple (node:net:1712:7)
2026-05-07 00:36:40 [ERROR]: Redis error: {"code":"ECONNREFUSED"}
AggregateError [ECONNREFUSED]: 
    at internalConnectMultiple (node:net:1139:18)
    at afterConnectMultiple (node:net:1712:7)
2026-05-07 00:36:41 [ERROR]: Redis error: {"code":"ECONNREFUSED"}
AggregateError [ECONNREFUSED]: 
    at internalConnectMultiple (node:net:1139:18)
    at afterConnectMultiple (node:net:1712:7)
2026-05-07 00:36:41 [ERROR]: Redis error: {"code":"ECONNREFUSED"}
AggregateError [ECONNREFUSED]: 
    at internalConnectMultiple (node:net:1139:18)
    at afterConnectMultiple (node:net:1712:7)
2026-05-07 00:36:42 [ERROR]: Redis error: {"code":"ECONNREFUSED"}
AggregateError [ECONNREFUSED]: 
    at internalConnectMultiple (node:net:1139:18)
    at afterConnectMultiple (node:net:1712:7)
2026-05-07 00:36:42 [ERROR]: Redis error: {"code":"ECONNREFUSED"}
AggregateError [ECONNREFUSED]: 
    at internalConnectMultiple (node:net:1139:18)
    at afterConnectMultiple (node:net:1712:7)
2026-05-07 00:36:43 [ERROR]: Redis error: {"code":"ECONNREFUSED"}
AggregateError [ECONNREFUSED]: 
    at internalConnectMultiple (node:net:1139:18)
    at afterConnectMultiple (node:net:1712:7)
2026-05-07 00:36:43 [ERROR]: Redis error: {"code":"ECONNREFUSED"}
AggregateError [ECONNREFUSED]: 
    at internalConnectMultiple (node:net:1139:18)
    at afterConnectMultiple (node:net:1712:7)
2026-05-07 00:36:44 [ERROR]: Redis error: {"code":"ECONNREFUSED"}
AggregateError [ECONNREFUSED]: 
    at internalConnectMultiple (node:net:1139:18)
    at afterConnectMultiple (node:net:1712:7)
2026-05-07 00:36:44 [ERROR]: Redis error: {"code":"ECONNREFUSED"}
AggregateError [ECONNREFUSED]: 
    at internalConnectMultiple (node:net:1139:18)
    at afterConnectMultiple (node:net:1712:7)
2026-05-07 00:36:45 [ERROR]: Redis error: {"code":"ECONNREFUSED"}
AggregateError [ECONNREFUSED]: 
    at internalConnectMultiple (node:net:1139:18)
    at afterConnectMultiple (node:net:1712:7)
2026-05-07 00:36:45 [ERROR]: Redis error: {"code":"ECONNREFUSED"}
AggregateError [ECONNREFUSED]: 
    at internalConnectMultiple (node:net:1139:18)
    at afterConnectMultiple (node:net:1712:7)
2026-05-07 00:36:46 [ERROR]: Redis error: {"code":"ECONNREFUSED"}
AggregateError [ECONNREFUSED]: 
    at internalConnectMultiple (node:net:1139:18)
    at afterConnectMultiple (node:net:1712:7)
2026-05-07 00:36:46 [ERROR]: Redis error: {"code":"ECONNREFUSED"}
AggregateError [ECONNREFUSED]: 
    at internalConnectMultiple (node:net:1139:18)
    at afterConnectMultiple (node:net:1712:7)
2026-05-07 00:36:47 [ERROR]: Redis error: {"code":"ECONNREFUSED"}
AggregateError [ECONNREFUSED]: 
    at internalConnectMultiple (node:net:1139:18)
    at afterConnectMultiple (node:net:1712:7)
2026-05-07 00:36:47 [ERROR]: Redis error: {"code":"ECONNREFUSED"}
AggregateError [ECONNREFUSED]: 
    at internalConnectMultiple (node:net:1139:18)
    at afterConnectMultiple (node:net:1712:7)
2026-05-07 00:36:48 [ERROR]: Redis error: {"code":"ECONNREFUSED"}
AggregateError [ECONNREFUSED]: 
    at internalConnectMultiple (node:net:1139:18)
    at afterConnectMultiple (node:net:1712:7)
2026-05-07 00:36:48 [ERROR]: Redis error: {"code":"ECONNREFUSED"}
AggregateError [ECONNREFUSED]: 
    at internalConnectMultiple (node:net:1139:18)
    at afterConnectMultiple (node:net:1712:7)
2026-05-07 00:36:49 [ERROR]: Redis error: {"code":"ECONNREFUSED"}
AggregateError [ECONNREFUSED]: 
    at internalConnectMultiple (node:net:1139:18)
    at afterConnectMultiple (node:net:1712:7)
2026-05-07 00:36:49 [ERROR]: Redis error: {"code":"ECONNREFUSED"}
AggregateError [ECONNREFUSED]: 
    at internalConnectMultiple (node:net:1139:18)
    at afterConnectMultiple (node:net:1712:7)
2026-05-07 00:36:50 [ERROR]: Redis error: {"code":"ECONNREFUSED"}
AggregateError [ECONNREFUSED]: 
    at internalConnectMultiple (node:net:1139:18)
    at afterConnectMultiple (node:net:1712:7)
2026-05-07 00:36:50 [ERROR]: Redis error: {"code":"ECONNREFUSED"}
AggregateError [ECONNREFUSED]: 
    at internalConnectMultiple (node:net:1139:18)
    at afterConnectMultiple (node:net:1712:7)
2026-05-07 00:36:51 [ERROR]: Redis error: {"code":"ECONNREFUSED"}
AggregateError [ECONNREFUSED]: 
    at internalConnectMultiple (node:net:1139:18)
    at afterConnectMultiple (node:net:1712:7)
2026-05-07 00:36:51 [ERROR]: Redis error: {"code":"ECONNREFUSED"}
AggregateError [ECONNREFUSED]: 
    at internalConnectMultiple (node:net:1139:18)
    at afterConnectMultiple (node:net:1712:7)
2026-05-07 00:36:52 [ERROR]: Redis error: {"code":"ECONNREFUSED"}
AggregateError [ECONNREFUSED]: 
    at internalConnectMultiple (node:net:1139:18)
    at afterConnectMultiple (node:net:1712:7)
2026-05-07 00:36:52 [ERROR]: Redis error: {"code":"ECONNREFUSED"}
AggregateError [ECONNREFUSED]: 
    at internalConnectMultiple (node:net:1139:18)
    at afterConnectMultiple (node:net:1712:7)
2026-05-07 00:36:53 [ERROR]: Redis error: {"code":"ECONNREFUSED"}
AggregateError [ECONNREFUSED]: 
    at internalConnectMultiple (node:net:1139:18)
    at afterConnectMultiple (node:net:1712:7)
2026-05-07 00:36:53 [ERROR]: Redis error: {"code":"ECONNREFUSED"}
AggregateError [ECONNREFUSED]: 
    at internalConnectMultiple (node:net:1139:18)
    at afterConnectMultiple (node:net:1712:7)
2026-05-07 00:36:54 [ERROR]: Redis error: {"code":"ECONNREFUSED"}
AggregateError [ECONNREFUSED]: 
    at internalConnectMultiple (node:net:1139:18)
    at afterConnectMultiple (node:net:1712:7)
2026-05-07 00:36:54 [ERROR]: Redis error: {"code":"ECONNREFUSED"}
AggregateError [ECONNREFUSED]: 
    at internalConnectMultiple (node:net:1139:18)
    at afterConnectMultiple (node:net:1712:7)
2026-05-07 00:36:55 [ERROR]: Redis error: {"code":"ECONNREFUSED"}
AggregateError [ECONNREFUSED]: 
    at internalConnectMultiple (node:net:1139:18)
    at afterConnectMultiple (node:net:1712:7)
2026-05-07 00:36:56 [ERROR]: Redis error: {"code":"ECONNREFUSED"}
AggregateError [ECONNREFUSED]: 
    at internalConnectMultiple (node:net:1139:18)
    at afterConnectMultiple (node:net:1712:7)
2026-05-07 00:36:56 [ERROR]: Redis error: {"code":"ECONNREFUSED"}
AggregateError [ECONNREFUSED]: 
    at internalConnectMultiple (node:net:1139:18)
    at afterConnectMultiple (node:net:1712:7)
2026-05-07 00:36:57 [ERROR]: Redis error: {"code":"ECONNREFUSED"}
AggregateError [ECONNREFUSED]: 
    at internalConnectMultiple (node:net:1139:18)
    at afterConnectMultiple (node:net:1712:7)
2026-05-07 00:36:57 [ERROR]: Redis error: {"code":"ECONNREFUSED"}
AggregateError [ECONNREFUSED]: 
    at internalConnectMultiple (node:net:1139:18)
    at afterConnectMultiple (node:net:1712:7)
2026-05-07 00:36:58 [ERROR]: Redis error: {"code":"ECONNREFUSED"}
AggregateError [ECONNREFUSED]: 
    at internalConnectMultiple (node:net:1139:18)
    at afterConnectMultiple (node:net:1712:7)
2026-05-07 00:36:58 [ERROR]: Redis error: {"code":"ECONNREFUSED"}
AggregateError [ECONNREFUSED]: 
    at internalConnectMultiple (node:net:1139:18)
    at afterConnectMultiple (node:net:1712:7)
2026-05-07 00:36:59 [ERROR]: Redis error: {"code":"ECONNREFUSED"}
AggregateError [ECONNREFUSED]: 
    at internalConnectMultiple (node:net:1139:18)
    at afterConnectMultiple (node:net:1712:7)
2026-05-07 00:36:59 [ERROR]: Redis error: {"code":"ECONNREFUSED"}
AggregateError [ECONNREFUSED]: 
    at internalConnectMultiple (node:net:1139:18)
    at afterConnectMultiple (node:net:1712:7)
2026-05-07 00:37:00 [ERROR]: Redis error: {"code":"ECONNREFUSED"}
AggregateError [ECONNREFUSED]: 
    at internalConnectMultiple (node:net:1139:18)
    at afterConnectMultiple (node:net:1712:7)
2026-05-07 00:37:00 [ERROR]: Redis error: {"code":"ECONNREFUSED"}
AggregateError [ECONNREFUSED]: 
    at internalConnectMultiple (node:net:1139:18)
    at afterConnectMultiple (node:net:1712:7)
2026-05-07 00:37:01 [ERROR]: Redis error: {"code":"ECONNREFUSED"}
AggregateError [ECONNREFUSED]: 
    at internalConnectMultiple (node:net:1139:18)
    at afterConnectMultiple (node:net:1712:7)
2026-05-07 00:37:01 [ERROR]: Redis error: {"code":"ECONNREFUSED"}
AggregateError [ECONNREFUSED]: 
    at internalConnectMultiple (node:net:1139:18)
    at afterConnectMultiple (node:net:1712:7)
2026-05-07 00:37:02 [ERROR]: Redis error: {"code":"ECONNREFUSED"}
AggregateError [ECONNREFUSED]: 
    at internalConnectMultiple (node:net:1139:18)
    at afterConnectMultiple (node:net:1712:7)
2026-05-07 00:37:02 [ERROR]: Redis error: {"code":"ECONNREFUSED"}
AggregateError [ECONNREFUSED]: 
    at internalConnectMultiple (node:net:1139:18)
    at afterConnectMultiple (node:net:1712:7)
2026-05-07 00:37:03 [ERROR]: Redis error: {"code":"ECONNREFUSED"}
AggregateError [ECONNREFUSED]: 
    at internalConnectMultiple (node:net:1139:18)
    at afterConnectMultiple (node:net:1712:7)
2026-05-07 00:37:03 [ERROR]: Redis error: {"code":"ECONNREFUSED"}
AggregateError [ECONNREFUSED]: 
    at internalConnectMultiple (node:net:1139:18)
    at afterConnectMultiple (node:net:1712:7)
2026-05-07 00:37:04 [ERROR]: Redis error: {"code":"ECONNREFUSED"}
AggregateError [ECONNREFUSED]: 
    at internalConnectMultiple (node:net:1139:18)
    at afterConnectMultiple (node:net:1712:7)
2026-05-07 00:37:04 [ERROR]: Redis error: {"code":"ECONNREFUSED"}
AggregateError [ECONNREFUSED]: 
    at internalConnectMultiple (node:net:1139:18)
    at afterConnectMultiple (node:net:1712:7)
2026-05-07 00:37:05 [ERROR]: Redis error: {"code":"ECONNREFUSED"}
AggregateError [ECONNREFUSED]: 
    at internalConnectMultiple (node:net:1139:18)
    at afterConnectMultiple (node:net:1712:7)
2026-05-07 00:37:05 [ERROR]: Redis error: {"code":"ECONNREFUSED"}
AggregateError [ECONNREFUSED]: 
    at internalConnectMultiple (node:net:1139:18)
    at afterConnectMultiple (node:net:1712:7)
2026-05-07 00:37:06 [ERROR]: Redis error: {"code":"ECONNREFUSED"}
AggregateError [ECONNREFUSED]: 
    at internalConnectMultiple (node:net:1139:18)
    at afterConnectMultiple (node:net:1712:7)
2026-05-07 00:37:06 [ERROR]: Redis error: {"code":"ECONNREFUSED"}
AggregateError [ECONNREFUSED]: 
    at internalConnectMultiple (node:net:1139:18)
    at afterConnectMultiple (node:net:1712:7)
2026-05-07 00:37:07 [ERROR]: Redis error: {"code":"ECONNREFUSED"}
AggregateError [ECONNREFUSED]: 
    at internalConnectMultiple (node:net:1139:18)
    at afterConnectMultiple (node:net:1712:7)
2026-05-07 00:37:07 [ERROR]: Redis error: {"code":"ECONNREFUSED"}
AggregateError [ECONNREFUSED]: 
    at internalConnectMultiple (node:net:1139:18)
    at afterConnectMultiple (node:net:1712:7)
2026-05-07 00:37:08 [ERROR]: Redis error: {"code":"ECONNREFUSED"}
AggregateError [ECONNREFUSED]: 
    at internalConnectMultiple (node:net:1139:18)
    at afterConnectMultiple (node:net:1712:7)
2026-05-07 00:37:08 [ERROR]: Redis error: {"code":"ECONNREFUSED"}
AggregateError [ECONNREFUSED]: 
    at internalConnectMultiple (node:net:1139:18)
    at afterConnectMultiple (node:net:1712:7)
2026-05-07 00:37:09 [ERROR]: Redis error: {"code":"ECONNREFUSED"}
AggregateError [ECONNREFUSED]: 
    at internalConnectMultiple (node:net:1139:18)
    at afterConnectMultiple (node:net:1712:7)
2026-05-07 00:37:09 [ERROR]: Redis error: {"code":"ECONNREFUSED"}
AggregateError [ECONNREFUSED]: 
    at internalConnectMultiple (node:net:1139:18)
    at afterConnectMultiple (node:net:1712:7)
2026-05-07 00:37:10 [ERROR]: Redis error: {"code":"ECONNREFUSED"}
AggregateError [ECONNREFUSED]: 
    at internalConnectMultiple (node:net:1139:18)
    at afterConnectMultiple (node:net:1712:7)
2026-05-07 00:37:10 [ERROR]: Redis error: {"code":"ECONNREFUSED"}
AggregateError [ECONNREFUSED]: 
    at internalConnectMultiple (node:net:1139:18)
    at afterConnectMultiple (node:net:1712:7)
2026-05-07 00:37:11 [ERROR]: Redis error: {"code":"ECONNREFUSED"}
AggregateError [ECONNREFUSED]: 
    at internalConnectMultiple (node:net:1139:18)
    at afterConnectMultiple (node:net:1712:7)
2026-05-07 00:37:11 [ERROR]: Redis error: {"code":"ECONNREFUSED"}
AggregateError [ECONNREFUSED]: 
    at internalConnectMultiple (node:net:1139:18)
    at afterConnectMultiple (node:net:1712:7)
2026-05-07 00:37:12 [ERROR]: Redis error: {"code":"ECONNREFUSED"}
AggregateError [ECONNREFUSED]: 
    at internalConnectMultiple (node:net:1139:18)
    at afterConnectMultiple (node:net:1712:7)
2026-05-07 00:37:12 [ERROR]: Redis error: {"code":"ECONNREFUSED"}
AggregateError [ECONNREFUSED]: 
    at internalConnectMultiple (node:net:1139:18)
    at afterConnectMultiple (node:net:1712:7)
2026-05-07 00:37:13 [ERROR]: Redis error: {"code":"ECONNREFUSED"}
AggregateError [ECONNREFUSED]: 
    at internalConnectMultiple (node:net:1139:18)
    at afterConnectMultiple (node:net:1712:7)
2026-05-07 00:37:13 [ERROR]: Redis error: {"code":"ECONNREFUSED"}
AggregateError [ECONNREFUSED]: 
    at internalConnectMultiple (node:net:1139:18)
    at afterConnectMultiple (node:net:1712:7)
2026-05-07 00:37:14 [ERROR]: Redis error: {"code":"ECONNREFUSED"}
AggregateError [ECONNREFUSED]: 
    at internalConnectMultiple (node:net:1139:18)
    at afterConnectMultiple (node:net:1712:7)
2026-05-07 00:37:14 [ERROR]: Redis error: {"code":"ECONNREFUSED"}
AggregateError [ECONNREFUSED]: 
    at internalConnectMultiple (node:net:1139:18)
    at afterConnectMultiple (node:net:1712:7)
2026-05-07 00:37:15 [ERROR]: Redis error: {"code":"ECONNREFUSED"}
AggregateError [ECONNREFUSED]: 
    at internalConnectMultiple (node:net:1139:18)
    at afterConnectMultiple (node:net:1712:7)
2026-05-07 00:37:15 [ERROR]: Redis error: {"code":"ECONNREFUSED"}
AggregateError [ECONNREFUSED]: 
    at internalConnectMultiple (node:net:1139:18)
    at afterConnectMultiple (node:net:1712:7)
2026-05-07 00:37:16 [ERROR]: Redis error: {"code":"ECONNREFUSED"}
AggregateError [ECONNREFUSED]: 
    at internalConnectMultiple (node:net:1139:18)
    at afterConnectMultiple (node:net:1712:7)
2026-05-07 00:37:17 [ERROR]: Redis error: {"code":"ECONNREFUSED"}
AggregateError [ECONNREFUSED]: 
    at internalConnectMultiple (node:net:1139:18)
    at afterConnectMultiple (node:net:1712:7)
2026-05-07 00:37:17 [ERROR]: Redis error: {"code":"ECONNREFUSED"}
AggregateError [ECONNREFUSED]: 
    at internalConnectMultiple (node:net:1139:18)
    at afterConnectMultiple (node:net:1712:7)
2026-05-07 00:37:18 [ERROR]: Redis error: {"code":"ECONNREFUSED"}
AggregateError [ECONNREFUSED]: 
    at internalConnectMultiple (node:net:1139:18)
    at afterConnectMultiple (node:net:1712:7)
2026-05-07 00:37:18 [ERROR]: Redis error: {"code":"ECONNREFUSED"}
AggregateError [ECONNREFUSED]: 
    at internalConnectMultiple (node:net:1139:18)
    at afterConnectMultiple (node:net:1712:7)
2026-05-07 00:37:19 [ERROR]: Redis error: {"code":"ECONNREFUSED"}
AggregateError [ECONNREFUSED]: 
    at internalConnectMultiple (node:net:1139:18)
    at afterConnectMultiple (node:net:1712:7)
2026-05-07 00:37:19 [ERROR]: Redis error: {"code":"ECONNREFUSED"}
AggregateError [ECONNREFUSED]: 
    at internalConnectMultiple (node:net:1139:18)
    at afterConnectMultiple (node:net:1712:7)
2026-05-07 00:37:20 [ERROR]: Redis error: {"code":"ECONNREFUSED"}
AggregateError [ECONNREFUSED]: 
    at internalConnectMultiple (node:net:1139:18)
    at afterConnectMultiple (node:net:1712:7)
2026-05-07 00:37:20 [ERROR]: Redis error: {"code":"ECONNREFUSED"}
AggregateError [ECONNREFUSED]: 
    at internalConnectMultiple (node:net:1139:18)
    at afterConnectMultiple (node:net:1712:7)
2026-05-07 00:37:21 [ERROR]: Redis error: {"code":"ECONNREFUSED"}
AggregateError [ECONNREFUSED]: 
    at internalConnectMultiple (node:net:1139:18)
    at afterConnectMultiple (node:net:1712:7)
2026-05-07 00:37:21 [ERROR]: Redis error: {"code":"ECONNREFUSED"}
AggregateError [ECONNREFUSED]: 
    at internalConnectMultiple (node:net:1139:18)
    at afterConnectMultiple (node:net:1712:7)
2026-05-07 00:37:22 [ERROR]: Redis error: {"code":"ECONNREFUSED"}
AggregateError [ECONNREFUSED]: 
    at internalConnectMultiple (node:net:1139:18)
    at afterConnectMultiple (node:net:1712:7)
2026-05-07 00:37:22 [ERROR]: Redis error: {"code":"ECONNREFUSED"}
AggregateError [ECONNREFUSED]: 
    at internalConnectMultiple (node:net:1139:18)
    at afterConnectMultiple (node:net:1712:7)
2026-05-07 00:37:23 [ERROR]: Redis error: {"code":"ECONNREFUSED"}
AggregateError [ECONNREFUSED]: 
    at internalConnectMultiple (node:net:1139:18)
    at afterConnectMultiple (node:net:1712:7)
2026-05-07 00:37:23 [ERROR]: Redis error: {"code":"ECONNREFUSED"}
AggregateError [ECONNREFUSED]: 
    at internalConnectMultiple (node:net:1139:18)
    at afterConnectMultiple (node:net:1712:7)
2026-05-07 00:37:24 [ERROR]: Redis error: {"code":"ECONNREFUSED"}
AggregateError [ECONNREFUSED]: 
    at internalConnectMultiple (node:net:1139:18)
    at afterConnectMultiple (node:net:1712:7)
2026-05-07 00:37:24 [ERROR]: Redis error: {"code":"ECONNREFUSED"}
AggregateError [ECONNREFUSED]: 
    at internalConnectMultiple (node:net:1139:18)
    at afterConnectMultiple (node:net:1712:7)
2026-05-07 00:37:25 [ERROR]: Redis error: {"code":"ECONNREFUSED"}
AggregateError [ECONNREFUSED]: 
    at internalConnectMultiple (node:net:1139:18)
    at afterConnectMultiple (node:net:1712:7)
2026-05-07 00:37:25 [ERROR]: Redis error: {"code":"ECONNREFUSED"}
AggregateError [ECONNREFUSED]: 
    at internalConnectMultiple (node:net:1139:18)
    at afterConnectMultiple (node:net:1712:7)
2026-05-07 00:37:26 [ERROR]: Redis error: {"code":"ECONNREFUSED"}
AggregateError [ECONNREFUSED]: 
    at internalConnectMultiple (node:net:1139:18)
    at afterConnectMultiple (node:net:1712:7)
2026-05-07 00:37:26 [ERROR]: Redis error: {"code":"ECONNREFUSED"}
AggregateError [ECONNREFUSED]: 
    at internalConnectMultiple (node:net:1139:18)
    at afterConnectMultiple (node:net:1712:7)
2026-05-07 00:37:27 [ERROR]: Redis error: {"code":"ECONNREFUSED"}
AggregateError [ECONNREFUSED]: 
    at internalConnectMultiple (node:net:1139:18)
    at afterConnectMultiple (node:net:1712:7)
2026-05-07 00:37:27 [ERROR]: Redis error: {"code":"ECONNREFUSED"}
AggregateError [ECONNREFUSED]: 
    at internalConnectMultiple (node:net:1139:18)
    at afterConnectMultiple (node:net:1712:7)
2026-05-07 00:37:28 [ERROR]: Redis error: {"code":"ECONNREFUSED"}
AggregateError [ECONNREFUSED]: 
    at internalConnectMultiple (node:net:1139:18)
    at afterConnectMultiple (node:net:1712:7)
2026-05-07 00:37:28 [ERROR]: Redis error: {"code":"ECONNREFUSED"}
AggregateError [ECONNREFUSED]: 
    at internalConnectMultiple (node:net:1139:18)
    at afterConnectMultiple (node:net:1712:7)
2026-05-07 00:37:29 [ERROR]: Redis error: {"code":"ECONNREFUSED"}
AggregateError [ECONNREFUSED]: 
    at internalConnectMultiple (node:net:1139:18)
    at afterConnectMultiple (node:net:1712:7)
2026-05-07 00:37:29 [ERROR]: Redis error: {"code":"ECONNREFUSED"}
AggregateError [ECONNREFUSED]: 
    at internalConnectMultiple (node:net:1139:18)
    at afterConnectMultiple (node:net:1712:7)
2026-05-07 00:37:30 [ERROR]: Redis error: {"code":"ECONNREFUSED"}
AggregateError [ECONNREFUSED]: 
    at internalConnectMultiple (node:net:1139:18)
    at afterConnectMultiple (node:net:1712:7)
2026-05-07 00:37:30 [ERROR]: Redis error: {"code":"ECONNREFUSED"}
AggregateError [ECONNREFUSED]: 
    at internalConnectMultiple (node:net:1139:18)
    at afterConnectMultiple (node:net:1712:7)
2026-05-07 00:37:31 [ERROR]: Redis error: {"code":"ECONNREFUSED"}
AggregateError [ECONNREFUSED]: 
    at internalConnectMultiple (node:net:1139:18)
    at afterConnectMultiple (node:net:1712:7)
2026-05-07 00:37:31 [ERROR]: Redis error: {"code":"ECONNREFUSED"}
AggregateError [ECONNREFUSED]: 
    at internalConnectMultiple (node:net:1139:18)
    at afterConnectMultiple (node:net:1712:7)
2026-05-07 00:37:32 [ERROR]: Redis error: {"code":"ECONNREFUSED"}
AggregateError [ECONNREFUSED]: 
    at internalConnectMultiple (node:net:1139:18)
    at afterConnectMultiple (node:net:1712:7)
2026-05-07 00:37:33 [ERROR]: Redis error: {"code":"ECONNREFUSED"}
AggregateError [ECONNREFUSED]: 
    at internalConnectMultiple (node:net:1139:18)
    at afterConnectMultiple (node:net:1712:7)
2026-05-07 00:37:33 [ERROR]: Redis error: {"code":"ECONNREFUSED"}
AggregateError [ECONNREFUSED]: 
    at internalConnectMultiple (node:net:1139:18)
    at afterConnectMultiple (node:net:1712:7)
2026-05-07 00:37:34 [ERROR]: Redis error: {"code":"ECONNREFUSED"}
AggregateError [ECONNREFUSED]: 
    at internalConnectMultiple (node:net:1139:18)
    at afterConnectMultiple (node:net:1712:7)
2026-05-07 00:37:34 [ERROR]: Redis error: {"code":"ECONNREFUSED"}
AggregateError [ECONNREFUSED]: 
    at internalConnectMultiple (node:net:1139:18)
    at afterConnectMultiple (node:net:1712:7)
2026-05-07 00:37:35 [ERROR]: Redis error: {"code":"ECONNREFUSED"}
AggregateError [ECONNREFUSED]: 
    at internalConnectMultiple (node:net:1139:18)
    at afterConnectMultiple (node:net:1712:7)
2026-05-07 00:37:35 [ERROR]: Redis error: {"code":"ECONNREFUSED"}
AggregateError [ECONNREFUSED]: 
    at internalConnectMultiple (node:net:1139:18)
    at afterConnectMultiple (node:net:1712:7)
2026-05-07 00:37:36 [ERROR]: Redis error: {"code":"ECONNREFUSED"}
AggregateError [ECONNREFUSED]: 
    at internalConnectMultiple (node:net:1139:18)
    at afterConnectMultiple (node:net:1712:7)
2026-05-07 00:37:36 [ERROR]: Redis error: {"code":"ECONNREFUSED"}
AggregateError [ECONNREFUSED]: 
    at internalConnectMultiple (node:net:1139:18)
    at afterConnectMultiple (node:net:1712:7)
2026-05-07 00:37:37 [ERROR]: Redis error: {"code":"ECONNREFUSED"}
AggregateError [ECONNREFUSED]: 
    at internalConnectMultiple (node:net:1139:18)
    at afterConnectMultiple (node:net:1712:7)
2026-05-07 00:37:37 [ERROR]: Redis error: {"code":"ECONNREFUSED"}
AggregateError [ECONNREFUSED]: 
    at internalConnectMultiple (node:net:1139:18)
    at afterConnectMultiple (node:net:1712:7)
2026-05-07 00:37:38 [ERROR]: Redis error: {"code":"ECONNREFUSED"}
AggregateError [ECONNREFUSED]: 
    at internalConnectMultiple (node:net:1139:18)
    at afterConnectMultiple (node:net:1712:7)
2026-05-07 00:37:38 [ERROR]: Redis error: {"code":"ECONNREFUSED"}
AggregateError [ECONNREFUSED]: 
    at internalConnectMultiple (node:net:1139:18)
    at afterConnectMultiple (node:net:1712:7)
2026-05-07 00:37:39 [ERROR]: Redis error: {"code":"ECONNREFUSED"}
AggregateError [ECONNREFUSED]: 
    at internalConnectMultiple (node:net:1139:18)
    at afterConnectMultiple (node:net:1712:7)
2026-05-07 00:37:39 [ERROR]: Redis error: {"code":"ECONNREFUSED"}
AggregateError [ECONNREFUSED]: 
    at internalConnectMultiple (node:net:1139:18)
    at afterConnectMultiple (node:net:1712:7)
2026-05-07 00:37:40 [ERROR]: Redis error: {"code":"ECONNREFUSED"}
AggregateError [ECONNREFUSED]: 
    at internalConnectMultiple (node:net:1139:18)
    at afterConnectMultiple (node:net:1712:7)
2026-05-07 00:37:40 [ERROR]: Redis error: {"code":"ECONNREFUSED"}
AggregateError [ECONNREFUSED]: 
    at internalConnectMultiple (node:net:1139:18)
    at afterConnectMultiple (node:net:1712:7)
2026-05-07 00:37:41 [ERROR]: Redis error: {"code":"ECONNREFUSED"}
AggregateError [ECONNREFUSED]: 
    at internalConnectMultiple (node:net:1139:18)
    at afterConnectMultiple (node:net:1712:7)
2026-05-07 00:37:41 [ERROR]: Redis error: {"code":"ECONNREFUSED"}
AggregateError [ECONNREFUSED]: 
    at internalConnectMultiple (node:net:1139:18)
    at afterConnectMultiple (node:net:1712:7)
2026-05-07 00:37:42 [ERROR]: Redis error: {"code":"ECONNREFUSED"}
AggregateError [ECONNREFUSED]: 
    at internalConnectMultiple (node:net:1139:18)
    at afterConnectMultiple (node:net:1712:7)
2026-05-07 00:37:42 [ERROR]: Redis error: {"code":"ECONNREFUSED"}
AggregateError [ECONNREFUSED]: 
    at internalConnectMultiple (node:net:1139:18)
    at afterConnectMultiple (node:net:1712:7)
2026-05-07 00:37:43 [ERROR]: Redis error: {"code":"ECONNREFUSED"}
AggregateError [ECONNREFUSED]: 
    at internalConnectMultiple (node:net:1139:18)
    at afterConnectMultiple (node:net:1712:7)
2026-05-07 00:37:43 [ERROR]: Redis error: {"code":"ECONNREFUSED"}
AggregateError [ECONNREFUSED]: 
    at internalConnectMultiple (node:net:1139:18)
    at afterConnectMultiple (node:net:1712:7)
2026-05-07 00:37:44 [ERROR]: Redis error: {"code":"ECONNREFUSED"}
AggregateError [ECONNREFUSED]: 
    at internalConnectMultiple (node:net:1139:18)
    at afterConnectMultiple (node:net:1712:7)
2026-05-07 00:37:44 [ERROR]: Redis error: {"code":"ECONNREFUSED"}
AggregateError [ECONNREFUSED]: 
    at internalConnectMultiple (node:net:1139:18)
    at afterConnectMultiple (node:net:1712:7)
2026-05-07 00:37:45 [ERROR]: Redis error: {"code":"ECONNREFUSED"}
AggregateError [ECONNREFUSED]: 
    at internalConnectMultiple (node:net:1139:18)
    at afterConnectMultiple (node:net:1712:7)
2026-05-07 00:37:45 [ERROR]: Redis error: {"code":"ECONNREFUSED"}
AggregateError [ECONNREFUSED]: 
    at internalConnectMultiple (node:net:1139:18)
    at afterConnectMultiple (node:net:1712:7)
2026-05-07 00:37:46 [ERROR]: Redis error: {"code":"ECONNREFUSED"}
AggregateError [ECONNREFUSED]: 
    at internalConnectMultiple (node:net:1139:18)
    at afterConnectMultiple (node:net:1712:7)
2026-05-07 00:37:46 [ERROR]: Redis error: {"code":"ECONNREFUSED"}
AggregateError [ECONNREFUSED]: 
    at internalConnectMultiple (node:net:1139:18)
    at afterConnectMultiple (node:net:1712:7)
2026-05-07 00:37:47 [ERROR]: Redis error: {"code":"ECONNREFUSED"}
AggregateError [ECONNREFUSED]: 
    at internalConnectMultiple (node:net:1139:18)
    at afterConnectMultiple (node:net:1712:7)
2026-05-07 00:37:47 [ERROR]: Redis error: {"code":"ECONNREFUSED"}
AggregateError [ECONNREFUSED]: 
    at internalConnectMultiple (node:net:1139:18)
    at afterConnectMultiple (node:net:1712:7)
2026-05-07 00:37:48 [ERROR]: Redis error: {"code":"ECONNREFUSED"}
AggregateError [ECONNREFUSED]: 
    at internalConnectMultiple (node:net:1139:18)
    at afterConnectMultiple (node:net:1712:7)
2026-05-07 00:37:48 [ERROR]: Redis error: {"code":"ECONNREFUSED"}
AggregateError [ECONNREFUSED]: 
    at internalConnectMultiple (node:net:1139:18)
    at afterConnectMultiple (node:net:1712:7)
2026-05-07 00:37:49 [ERROR]: Redis error: {"code":"ECONNREFUSED"}
AggregateError [ECONNREFUSED]: 
    at internalConnectMultiple (node:net:1139:18)
    at afterConnectMultiple (node:net:1712:7)
2026-05-07 00:37:49 [ERROR]: Redis error: {"code":"ECONNREFUSED"}
AggregateError [ECONNREFUSED]: 
    at internalConnectMultiple (node:net:1139:18)
    at afterConnectMultiple (node:net:1712:7)
2026-05-07 00:37:50 [ERROR]: Redis error: {"code":"ECONNREFUSED"}
AggregateError [ECONNREFUSED]: 
    at internalConnectMultiple (node:net:1139:18)
    at afterConnectMultiple (node:net:1712:7)
2026-05-07 00:37:51 [ERROR]: Redis error: {"code":"ECONNREFUSED"}
AggregateError [ECONNREFUSED]: 
    at internalConnectMultiple (node:net:1139:18)
    at afterConnectMultiple (node:net:1712:7)
2026-05-07 00:37:51 [ERROR]: Redis error: {"code":"ECONNREFUSED"}
AggregateError [ECONNREFUSED]: 
    at internalConnectMultiple (node:net:1139:18)
    at afterConnectMultiple (node:net:1712:7)
2026-05-07 00:37:52 [ERROR]: Redis error: {"code":"ECONNREFUSED"}
AggregateError [ECONNREFUSED]: 
    at internalConnectMultiple (node:net:1139:18)
    at afterConnectMultiple (node:net:1712:7)
2026-05-07 00:37:52 [ERROR]: Redis error: {"code":"ECONNREFUSED"}
AggregateError [ECONNREFUSED]: 
    at internalConnectMultiple (node:net:1139:18)
    at afterConnectMultiple (node:net:1712:7)
2026-05-07 00:37:53 [ERROR]: Redis error: {"code":"ECONNREFUSED"}
AggregateError [ECONNREFUSED]: 
    at internalConnectMultiple (node:net:1139:18)
    at afterConnectMultiple (node:net:1712:7)
2026-05-07 00:37:53 [ERROR]: Redis error: {"code":"ECONNREFUSED"}
AggregateError [ECONNREFUSED]: 
    at internalConnectMultiple (node:net:1139:18)
    at afterConnectMultiple (node:net:1712:7)
2026-05-07 00:37:54 [ERROR]: Redis error: {"code":"ECONNREFUSED"}
AggregateError [ECONNREFUSED]: 
    at internalConnectMultiple (node:net:1139:18)
    at afterConnectMultiple (node:net:1712:7)
2026-05-07 00:37:54 [ERROR]: Redis error: {"code":"ECONNREFUSED"}
AggregateError [ECONNREFUSED]: 
    at internalConnectMultiple (node:net:1139:18)
    at afterConnectMultiple (node:net:1712:7)
2026-05-07 00:37:55 [ERROR]: Redis error: {"code":"ECONNREFUSED"}
AggregateError [ECONNREFUSED]: 
    at internalConnectMultiple (node:net:1139:18)
    at afterConnectMultiple (node:net:1712:7)
2026-05-07 00:37:55 [ERROR]: Redis error: {"code":"ECONNREFUSED"}
AggregateError [ECONNREFUSED]: 
    at internalConnectMultiple (node:net:1139:18)
    at afterConnectMultiple (node:net:1712:7)
2026-05-07 00:37:56 [ERROR]: Redis error: {"code":"ECONNREFUSED"}
AggregateError [ECONNREFUSED]: 
    at internalConnectMultiple (node:net:1139:18)
    at afterConnectMultiple (node:net:1712:7)
2026-05-07 00:37:56 [ERROR]: Redis error: {"code":"ECONNREFUSED"}
AggregateError [ECONNREFUSED]: 
    at internalConnectMultiple (node:net:1139:18)
    at afterConnectMultiple (node:net:1712:7)
2026-05-07 00:37:57 [ERROR]: Redis error: {"code":"ECONNREFUSED"}
AggregateError [ECONNREFUSED]: 
    at internalConnectMultiple (node:net:1139:18)
    at afterConnectMultiple (node:net:1712:7)
2026-05-07 00:37:57 [ERROR]: Redis error: {"code":"ECONNREFUSED"}
AggregateError [ECONNREFUSED]: 
    at internalConnectMultiple (node:net:1139:18)
    at afterConnectMultiple (node:net:1712:7)
2026-05-07 00:37:58 [ERROR]: Redis error: {"code":"ECONNREFUSED"}
AggregateError [ECONNREFUSED]: 
    at internalConnectMultiple (node:net:1139:18)
    at afterConnectMultiple (node:net:1712:7)
2026-05-07 00:37:58 [ERROR]: Redis error: {"code":"ECONNREFUSED"}
AggregateError [ECONNREFUSED]: 
    at internalConnectMultiple (node:net:1139:18)
    at afterConnectMultiple (node:net:1712:7)
2026-05-07 00:37:59 [ERROR]: Redis error: {"code":"ECONNREFUSED"}
AggregateError [ECONNREFUSED]: 
    at internalConnectMultiple (node:net:1139:18)
    at afterConnectMultiple (node:net:1712:7)
2026-05-07 00:37:59 [ERROR]: Redis error: {"code":"ECONNREFUSED"}
AggregateError [ECONNREFUSED]: 
    at internalConnectMultiple (node:net:1139:18)
    at afterConnectMultiple (node:net:1712:7)
2026-05-07 00:38:00 [ERROR]: Redis error: {"code":"ECONNREFUSED"}
AggregateError [ECONNREFUSED]: 
    at internalConnectMultiple (node:net:1139:18)
    at afterConnectMultiple (node:net:1712:7)
2026-05-07 00:38:00 [ERROR]: Redis error: {"code":"ECONNREFUSED"}
AggregateError [ECONNREFUSED]: 
    at internalConnectMultiple (node:net:1139:18)
    at afterConnectMultiple (node:net:1712:7)
2026-05-07 00:38:01 [ERROR]: Redis error: {"code":"ECONNREFUSED"}
AggregateError [ECONNREFUSED]: 
    at internalConnectMultiple (node:net:1139:18)
    at afterConnectMultiple (node:net:1712:7)
2026-05-07 00:38:01 [ERROR]: Redis error: {"code":"ECONNREFUSED"}
AggregateError [ECONNREFUSED]: 
    at internalConnectMultiple (node:net:1139:18)
    at afterConnectMultiple (node:net:1712:7)
2026-05-07 00:38:02 [ERROR]: Redis error: {"code":"ECONNREFUSED"}
AggregateError [ECONNREFUSED]: 
    at internalConnectMultiple (node:net:1139:18)
    at afterConnectMultiple (node:net:1712:7)
2026-05-07 00:38:02 [ERROR]: Redis error: {"code":"ECONNREFUSED"}
AggregateError [ECONNREFUSED]: 
    at internalConnectMultiple (node:net:1139:18)
    at afterConnectMultiple (node:net:1712:7)
2026-05-07 00:38:03 [ERROR]: Redis error: {"code":"ECONNREFUSED"}
AggregateError [ECONNREFUSED]: 
    at internalConnectMultiple (node:net:1139:18)
    at afterConnectMultiple (node:net:1712:7)
2026-05-07 00:38:03 [ERROR]: Redis error: {"code":"ECONNREFUSED"}
AggregateError [ECONNREFUSED]: 
    at internalConnectMultiple (node:net:1139:18)
    at afterConnectMultiple (node:net:1712:7)
2026-05-07 00:38:04 [ERROR]: Redis error: {"code":"ECONNREFUSED"}
AggregateError [ECONNREFUSED]: 
    at internalConnectMultiple (node:net:1139:18)
    at afterConnectMultiple (node:net:1712:7)
2026-05-07 00:38:04 [ERROR]: Redis error: {"code":"ECONNREFUSED"}
AggregateError [ECONNREFUSED]: 
    at internalConnectMultiple (node:net:1139:18)
    at afterConnectMultiple (node:net:1712:7)
2026-05-07 00:38:05 [ERROR]: Redis error: {"code":"ECONNREFUSED"}
AggregateError [ECONNREFUSED]: 
    at internalConnectMultiple (node:net:1139:18)
    at afterConnectMultiple (node:net:1712:7)
2026-05-07 00:38:05 [ERROR]: Redis error: {"code":"ECONNREFUSED"}
AggregateError [ECONNREFUSED]: 
    at internalConnectMultiple (node:net:1139:18)
    at afterConnectMultiple (node:net:1712:7)
2026-05-07 00:38:06 [ERROR]: Redis error: {"code":"ECONNREFUSED"}
AggregateError [ECONNREFUSED]: 
    at internalConnectMultiple (node:net:1139:18)
    at afterConnectMultiple (node:net:1712:7)
2026-05-07 00:38:06 [ERROR]: Redis error: {"code":"ECONNREFUSED"}
AggregateError [ECONNREFUSED]: 
    at internalConnectMultiple (node:net:1139:18)
    at afterConnectMultiple (node:net:1712:7)
2026-05-07 00:38:07 [ERROR]: Redis error: {"code":"ECONNREFUSED"}
AggregateError [ECONNREFUSED]: 
    at internalConnectMultiple (node:net:1139:18)
    at afterConnectMultiple (node:net:1712:7)
2026-05-07 00:38:07 [ERROR]: Redis error: {"code":"ECONNREFUSED"}
AggregateError [ECONNREFUSED]: 
    at internalConnectMultiple (node:net:1139:18)
    at afterConnectMultiple (node:net:1712:7)
2026-05-07 00:38:08 [ERROR]: Redis error: {"code":"ECONNREFUSED"}
AggregateError [ECONNREFUSED]: 
    at internalConnectMultiple (node:net:1139:18)
    at afterConnectMultiple (node:net:1712:7)
2026-05-07 00:38:08 [ERROR]: Redis error: {"code":"ECONNREFUSED"}
AggregateError [ECONNREFUSED]: 
    at internalConnectMultiple (node:net:1139:18)
    at afterConnectMultiple (node:net:1712:7)
2026-05-07 00:38:09 [ERROR]: Redis error: {"code":"ECONNREFUSED"}
AggregateError [ECONNREFUSED]: 
    at internalConnectMultiple (node:net:1139:18)
    at afterConnectMultiple (node:net:1712:7)
2026-05-07 00:38:10 [ERROR]: Redis error: {"code":"ECONNREFUSED"}
AggregateError [ECONNREFUSED]: 
    at internalConnectMultiple (node:net:1139:18)
    at afterConnectMultiple (node:net:1712:7)
2026-05-07 00:38:10 [ERROR]: Redis error: {"code":"ECONNREFUSED"}
AggregateError [ECONNREFUSED]: 
    at internalConnectMultiple (node:net:1139:18)
    at afterConnectMultiple (node:net:1712:7)
2026-05-07 00:38:11 [ERROR]: Redis error: {"code":"ECONNREFUSED"}
AggregateError [ECONNREFUSED]: 
    at internalConnectMultiple (node:net:1139:18)
    at afterConnectMultiple (node:net:1712:7)
2026-05-07 00:38:11 [ERROR]: Redis error: {"code":"ECONNREFUSED"}
AggregateError [ECONNREFUSED]: 
    at internalConnectMultiple (node:net:1139:18)
    at afterConnectMultiple (node:net:1712:7)
2026-05-07 00:38:12 [ERROR]: Redis error: {"code":"ECONNREFUSED"}
AggregateError [ECONNREFUSED]: 
    at internalConnectMultiple (node:net:1139:18)
    at afterConnectMultiple (node:net:1712:7)
2026-05-07 00:38:12 [ERROR]: Redis error: {"code":"ECONNREFUSED"}
AggregateError [ECONNREFUSED]: 
    at internalConnectMultiple (node:net:1139:18)
    at afterConnectMultiple (node:net:1712:7)
2026-05-07 00:38:13 [ERROR]: Redis error: {"code":"ECONNREFUSED"}
AggregateError [ECONNREFUSED]: 
    at internalConnectMultiple (node:net:1139:18)
    at afterConnectMultiple (node:net:1712:7)
2026-05-07 00:38:13 [ERROR]: Redis error: {"code":"ECONNREFUSED"}
AggregateError [ECONNREFUSED]: 
    at internalConnectMultiple (node:net:1139:18)
    at afterConnectMultiple (node:net:1712:7)
2026-05-07 00:38:14 [ERROR]: Redis error: {"code":"ECONNREFUSED"}
AggregateError [ECONNREFUSED]: 
    at internalConnectMultiple (node:net:1139:18)
    at afterConnectMultiple (node:net:1712:7)
2026-05-07 00:38:14 [ERROR]: Redis error: {"code":"ECONNREFUSED"}
AggregateError [ECONNREFUSED]: 
    at internalConnectMultiple (node:net:1139:18)
    at afterConnectMultiple (node:net:1712:7)
2026-05-07 00:38:15 [ERROR]: Redis error: {"code":"ECONNREFUSED"}
AggregateError [ECONNREFUSED]: 
    at internalConnectMultiple (node:net:1139:18)
    at afterConnectMultiple (node:net:1712:7)
2026-05-07 00:38:15 [ERROR]: Redis error: {"code":"ECONNREFUSED"}
AggregateError [ECONNREFUSED]: 
    at internalConnectMultiple (node:net:1139:18)
    at afterConnectMultiple (node:net:1712:7)
2026-05-07 00:38:16 [ERROR]: Redis error: {"code":"ECONNREFUSED"}
AggregateError [ECONNREFUSED]: 
    at internalConnectMultiple (node:net:1139:18)
    at afterConnectMultiple (node:net:1712:7)
2026-05-07 00:38:16 [ERROR]: Redis error: {"code":"ECONNREFUSED"}
AggregateError [ECONNREFUSED]: 
    at internalConnectMultiple (node:net:1139:18)
    at afterConnectMultiple (node:net:1712:7)
2026-05-07 00:38:17 [ERROR]: Redis error: {"code":"ECONNREFUSED"}
AggregateError [ECONNREFUSED]: 
    at internalConnectMultiple (node:net:1139:18)
    at afterConnectMultiple (node:net:1712:7)
2026-05-07 00:38:17 [ERROR]: Redis error: {"code":"ECONNREFUSED"}
AggregateError [ECONNREFUSED]: 
    at internalConnectMultiple (node:net:1139:18)
    at afterConnectMultiple (node:net:1712:7)
2026-05-07 00:38:18 [ERROR]: Redis error: {"code":"ECONNREFUSED"}
AggregateError [ECONNREFUSED]: 
    at internalConnectMultiple (node:net:1139:18)
    at afterConnectMultiple (node:net:1712:7)
2026-05-07 00:38:18 [ERROR]: Redis error: {"code":"ECONNREFUSED"}
AggregateError [ECONNREFUSED]: 
    at internalConnectMultiple (node:net:1139:18)
    at afterConnectMultiple (node:net:1712:7)
2026-05-07 00:38:19 [ERROR]: Redis error: {"code":"ECONNREFUSED"}
AggregateError [ECONNREFUSED]: 
    at internalConnectMultiple (node:net:1139:18)
    at afterConnectMultiple (node:net:1712:7)
2026-05-07 00:38:19 [ERROR]: Redis error: {"code":"ECONNREFUSED"}
AggregateError [ECONNREFUSED]: 
    at internalConnectMultiple (node:net:1139:18)
    at afterConnectMultiple (node:net:1712:7)
2026-05-07 00:38:20 [ERROR]: Redis error: {"code":"ECONNREFUSED"}
AggregateError [ECONNREFUSED]: 
    at internalConnectMultiple (node:net:1139:18)
    at afterConnectMultiple (node:net:1712:7)
2026-05-07 00:38:20 [ERROR]: Redis error: {"code":"ECONNREFUSED"}
AggregateError [ECONNREFUSED]: 
    at internalConnectMultiple (node:net:1139:18)
    at afterConnectMultiple (node:net:1712:7)
2026-05-07 00:38:21 [ERROR]: Redis error: {"code":"ECONNREFUSED"}
AggregateError [ECONNREFUSED]: 
    at internalConnectMultiple (node:net:1139:18)
    at afterConnectMultiple (node:net:1712:7)
2026-05-07 00:38:21 [ERROR]: Redis error: {"code":"ECONNREFUSED"}
AggregateError [ECONNREFUSED]: 
    at internalConnectMultiple (node:net:1139:18)
    at afterConnectMultiple (node:net:1712:7)
2026-05-07 00:38:22 [ERROR]: Redis error: {"code":"ECONNREFUSED"}
AggregateError [ECONNREFUSED]: 
    at internalConnectMultiple (node:net:1139:18)
    at afterConnectMultiple (node:net:1712:7)
2026-05-07 00:38:22 [ERROR]: Redis error: {"code":"ECONNREFUSED"}
AggregateError [ECONNREFUSED]: 
    at internalConnectMultiple (node:net:1139:18)
    at afterConnectMultiple (node:net:1712:7)
2026-05-07 00:38:23 [ERROR]: Redis error: {"code":"ECONNREFUSED"}
AggregateError [ECONNREFUSED]: 
    at internalConnectMultiple (node:net:1139:18)
    at afterConnectMultiple (node:net:1712:7)
2026-05-07 00:38:23 [ERROR]: Redis error: {"code":"ECONNREFUSED"}
AggregateError [ECONNREFUSED]: 
    at internalConnectMultiple (node:net:1139:18)
    at afterConnectMultiple (node:net:1712:7)
2026-05-07 00:38:24 [ERROR]: Redis error: {"code":"ECONNREFUSED"}
AggregateError [ECONNREFUSED]: 
    at internalConnectMultiple (node:net:1139:18)
    at afterConnectMultiple (node:net:1712:7)
2026-05-07 00:38:25 [ERROR]: Redis error: {"code":"ECONNREFUSED"}
AggregateError [ECONNREFUSED]: 
    at internalConnectMultiple (node:net:1139:18)
    at afterConnectMultiple (node:net:1712:7)
2026-05-07 00:38:25 [ERROR]: Redis error: {"code":"ECONNREFUSED"}
AggregateError [ECONNREFUSED]: 
    at internalConnectMultiple (node:net:1139:18)
    at afterConnectMultiple (node:net:1712:7)
2026-05-07 00:38:26 [ERROR]: Redis error: {"code":"ECONNREFUSED"}
AggregateError [ECONNREFUSED]: 
    at internalConnectMultiple (node:net:1139:18)
    at afterConnectMultiple (node:net:1712:7)
2026-05-07 00:38:26 [ERROR]: Redis error: {"code":"ECONNREFUSED"}
AggregateError [ECONNREFUSED]: 
    at internalConnectMultiple (node:net:1139:18)
    at afterConnectMultiple (node:net:1712:7)
2026-05-07 00:38:27 [ERROR]: Redis error: {"code":"ECONNREFUSED"}
AggregateError [ECONNREFUSED]: 
    at internalConnectMultiple (node:net:1139:18)
    at afterConnectMultiple (node:net:1712:7)
2026-05-07 00:38:27 [ERROR]: Redis error: {"code":"ECONNREFUSED"}
AggregateError [ECONNREFUSED]: 
    at internalConnectMultiple (node:net:1139:18)
    at afterConnectMultiple (node:net:1712:7)
2026-05-07 00:38:28 [ERROR]: Redis error: {"code":"ECONNREFUSED"}
AggregateError [ECONNREFUSED]: 
    at internalConnectMultiple (node:net:1139:18)
    at afterConnectMultiple (node:net:1712:7)
2026-05-07 00:38:28 [ERROR]: Redis error: {"code":"ECONNREFUSED"}
AggregateError [ECONNREFUSED]: 
    at internalConnectMultiple (node:net:1139:18)
    at afterConnectMultiple (node:net:1712:7)
2026-05-07 00:38:29 [ERROR]: Redis error: {"code":"ECONNREFUSED"}
AggregateError [ECONNREFUSED]: 
    at internalConnectMultiple (node:net:1139:18)
    at afterConnectMultiple (node:net:1712:7)
2026-05-07 00:38:29 [ERROR]: Redis error: {"code":"ECONNREFUSED"}
AggregateError [ECONNREFUSED]: 
    at internalConnectMultiple (node:net:1139:18)
    at afterConnectMultiple (node:net:1712:7)
2026-05-07 00:38:30 [ERROR]: Redis error: {"code":"ECONNREFUSED"}
AggregateError [ECONNREFUSED]: 
    at internalConnectMultiple (node:net:1139:18)
    at afterConnectMultiple (node:net:1712:7)
2026-05-07 00:38:30 [ERROR]: Redis error: {"code":"ECONNREFUSED"}
AggregateError [ECONNREFUSED]: 
    at internalConnectMultiple (node:net:1139:18)
    at afterConnectMultiple (node:net:1712:7)
2026-05-07 00:38:31 [ERROR]: Redis error: {"code":"ECONNREFUSED"}
AggregateError [ECONNREFUSED]: 
    at internalConnectMultiple (node:net:1139:18)
    at afterConnectMultiple (node:net:1712:7)
2026-05-07 00:38:31 [ERROR]: Redis error: {"code":"ECONNREFUSED"}
AggregateError [ECONNREFUSED]: 
    at internalConnectMultiple (node:net:1139:18)
    at afterConnectMultiple (node:net:1712:7)
2026-05-07 00:38:32 [ERROR]: Redis error: {"code":"ECONNREFUSED"}
AggregateError [ECONNREFUSED]: 
    at internalConnectMultiple (node:net:1139:18)
    at afterConnectMultiple (node:net:1712:7)
2026-05-07 00:38:32 [ERROR]: Redis error: {"code":"ECONNREFUSED"}
AggregateError [ECONNREFUSED]: 
    at internalConnectMultiple (node:net:1139:18)
    at afterConnectMultiple (node:net:1712:7)
2026-05-07 00:38:33 [ERROR]: Redis error: {"code":"ECONNREFUSED"}
AggregateError [ECONNREFUSED]: 
    at internalConnectMultiple (node:net:1139:18)
    at afterConnectMultiple (node:net:1712:7)
2026-05-07 00:38:33 [ERROR]: Redis error: {"code":"ECONNREFUSED"}
AggregateError [ECONNREFUSED]: 
    at internalConnectMultiple (node:net:1139:18)
    at afterConnectMultiple (node:net:1712:7)
2026-05-07 00:38:34 [ERROR]: Redis error: {"code":"ECONNREFUSED"}
AggregateError [ECONNREFUSED]: 
    at internalConnectMultiple (node:net:1139:18)
    at afterConnectMultiple (node:net:1712:7)
2026-05-07 00:38:34 [ERROR]: Redis error: {"code":"ECONNREFUSED"}
AggregateError [ECONNREFUSED]: 
    at internalConnectMultiple (node:net:1139:18)
    at afterConnectMultiple (node:net:1712:7)
2026-05-07 00:38:35 [ERROR]: Redis error: {"code":"ECONNREFUSED"}
AggregateError [ECONNREFUSED]: 
    at internalConnectMultiple (node:net:1139:18)
    at afterConnectMultiple (node:net:1712:7)
2026-05-07 00:38:35 [ERROR]: Redis error: {"code":"ECONNREFUSED"}
AggregateError [ECONNREFUSED]: 
    at internalConnectMultiple (node:net:1139:18)
    at afterConnectMultiple (node:net:1712:7)
2026-05-07 00:38:36 [ERROR]: Redis error: {"code":"ECONNREFUSED"}
AggregateError [ECONNREFUSED]: 
    at internalConnectMultiple (node:net:1139:18)
    at afterConnectMultiple (node:net:1712:7)
2026-05-07 00:38:36 [ERROR]: Redis error: {"code":"ECONNREFUSED"}
AggregateError [ECONNREFUSED]: 
    at internalConnectMultiple (node:net:1139:18)
    at afterConnectMultiple (node:net:1712:7)
2026-05-07 00:38:37 [ERROR]: Redis error: {"code":"ECONNREFUSED"}
AggregateError [ECONNREFUSED]: 
    at internalConnectMultiple (node:net:1139:18)
    at afterConnectMultiple (node:net:1712:7)
2026-05-07 00:38:37 [ERROR]: Redis error: {"code":"ECONNREFUSED"}
AggregateError [ECONNREFUSED]: 
    at internalConnectMultiple (node:net:1139:18)
    at afterConnectMultiple (node:net:1712:7)
2026-05-07 00:38:38 [ERROR]: Redis error: {"code":"ECONNREFUSED"}
AggregateError [ECONNREFUSED]: 
    at internalConnectMultiple (node:net:1139:18)
    at afterConnectMultiple (node:net:1712:7)
2026-05-07 00:38:38 [ERROR]: Redis error: {"code":"ECONNREFUSED"}
AggregateError [ECONNREFUSED]: 
    at internalConnectMultiple (node:net:1139:18)
    at afterConnectMultiple (node:net:1712:7)
2026-05-07 00:38:39 [ERROR]: Redis error: {"code":"ECONNREFUSED"}
AggregateError [ECONNREFUSED]: 
    at internalConnectMultiple (node:net:1139:18)
    at afterConnectMultiple (node:net:1712:7)
2026-05-07 00:38:39 [ERROR]: Redis error: {"code":"ECONNREFUSED"}
AggregateError [ECONNREFUSED]: 
    at internalConnectMultiple (node:net:1139:18)
    at afterConnectMultiple (node:net:1712:7)
2026-05-07 00:38:40 [ERROR]: Redis error: {"code":"ECONNREFUSED"}
AggregateError [ECONNREFUSED]: 
    at internalConnectMultiple (node:net:1139:18)
    at afterConnectMultiple (node:net:1712:7)
2026-05-07 00:38:40 [ERROR]: Redis error: {"code":"ECONNREFUSED"}
AggregateError [ECONNREFUSED]: 
    at internalConnectMultiple (node:net:1139:18)
    at afterConnectMultiple (node:net:1712:7)
2026-05-07 00:38:41 [ERROR]: Redis error: {"code":"ECONNREFUSED"}
AggregateError [ECONNREFUSED]: 
    at internalConnectMultiple (node:net:1139:18)
    at afterConnectMultiple (node:net:1712:7)
2026-05-07 00:38:41 [ERROR]: Redis error: {"code":"ECONNREFUSED"}
AggregateError [ECONNREFUSED]: 
    at internalConnectMultiple (node:net:1139:18)
    at afterConnectMultiple (node:net:1712:7)
2026-05-07 00:38:42 [ERROR]: Redis error: {"code":"ECONNREFUSED"}
AggregateError [ECONNREFUSED]: 
    at internalConnectMultiple (node:net:1139:18)
    at afterConnectMultiple (node:net:1712:7)
2026-05-07 00:38:42 [ERROR]: Redis error: {"code":"ECONNREFUSED"}
AggregateError [ECONNREFUSED]: 
    at internalConnectMultiple (node:net:1139:18)
    at afterConnectMultiple (node:net:1712:7)
2026-05-07 00:38:43 [ERROR]: Redis error: {"code":"ECONNREFUSED"}
AggregateError [ECONNREFUSED]: 
    at internalConnectMultiple (node:net:1139:18)
    at afterConnectMultiple (node:net:1712:7)
2026-05-07 00:38:44 [ERROR]: Redis error: {"code":"ECONNREFUSED"}
AggregateError [ECONNREFUSED]: 
    at internalConnectMultiple (node:net:1139:18)
    at afterConnectMultiple (node:net:1712:7)
2026-05-07 00:38:44 [ERROR]: Redis error: {"code":"ECONNREFUSED"}
AggregateError [ECONNREFUSED]: 
    at internalConnectMultiple (node:net:1139:18)
    at afterConnectMultiple (node:net:1712:7)
2026-05-07 00:38:45 [ERROR]: Redis error: {"code":"ECONNREFUSED"}
AggregateError [ECONNREFUSED]: 
    at internalConnectMultiple (node:net:1139:18)
    at afterConnectMultiple (node:net:1712:7)
2026-05-07 00:38:45 [ERROR]: Redis error: {"code":"ECONNREFUSED"}
AggregateError [ECONNREFUSED]: 
    at internalConnectMultiple (node:net:1139:18)
    at afterConnectMultiple (node:net:1712:7)
2026-05-07 00:38:46 [ERROR]: Redis error: {"code":"ECONNREFUSED"}
AggregateError [ECONNREFUSED]: 
    at internalConnectMultiple (node:net:1139:18)
    at afterConnectMultiple (node:net:1712:7)
2026-05-07 00:38:46 [ERROR]: Redis error: {"code":"ECONNREFUSED"}
AggregateError [ECONNREFUSED]: 
    at internalConnectMultiple (node:net:1139:18)
    at afterConnectMultiple (node:net:1712:7)
2026-05-07 00:38:47 [ERROR]: Redis error: {"code":"ECONNREFUSED"}
AggregateError [ECONNREFUSED]: 
    at internalConnectMultiple (node:net:1139:18)
    at afterConnectMultiple (node:net:1712:7)
2026-05-07 00:38:47 [ERROR]: Redis error: {"code":"ECONNREFUSED"}
AggregateError [ECONNREFUSED]: 
    at internalConnectMultiple (node:net:1139:18)
    at afterConnectMultiple (node:net:1712:7)
2026-05-07 00:38:48 [ERROR]: Redis error: {"code":"ECONNREFUSED"}
AggregateError [ECONNREFUSED]: 
    at internalConnectMultiple (node:net:1139:18)
    at afterConnectMultiple (node:net:1712:7)
2026-05-07 00:38:48 [ERROR]: Redis error: {"code":"ECONNREFUSED"}
AggregateError [ECONNREFUSED]: 
    at internalConnectMultiple (node:net:1139:18)
    at afterConnectMultiple (node:net:1712:7)
2026-05-07 00:38:49 [ERROR]: Redis error: {"code":"ECONNREFUSED"}
AggregateError [ECONNREFUSED]: 
    at internalConnectMultiple (node:net:1139:18)
    at afterConnectMultiple (node:net:1712:7)
2026-05-07 00:38:49 [ERROR]: Redis error: {"code":"ECONNREFUSED"}
AggregateError [ECONNREFUSED]: 
    at internalConnectMultiple (node:net:1139:18)
    at afterConnectMultiple (node:net:1712:7)
2026-05-07 00:38:50 [ERROR]: Redis error: {"code":"ECONNREFUSED"}
AggregateError [ECONNREFUSED]: 
    at internalConnectMultiple (node:net:1139:18)
    at afterConnectMultiple (node:net:1712:7)
2026-05-07 00:38:50 [ERROR]: Redis error: {"code":"ECONNREFUSED"}
AggregateError [ECONNREFUSED]: 
    at internalConnectMultiple (node:net:1139:18)
    at afterConnectMultiple (node:net:1712:7)
2026-05-07 00:38:51 [ERROR]: Redis error: {"code":"ECONNREFUSED"}
AggregateError [ECONNREFUSED]: 
    at internalConnectMultiple (node:net:1139:18)
    at afterConnectMultiple (node:net:1712:7)
2026-05-07 00:38:51 [ERROR]: Redis error: {"code":"ECONNREFUSED"}
AggregateError [ECONNREFUSED]: 
    at internalConnectMultiple (node:net:1139:18)
    at afterConnectMultiple (node:net:1712:7)
2026-05-07 00:38:52 [ERROR]: Redis error: {"code":"ECONNREFUSED"}
AggregateError [ECONNREFUSED]: 
    at internalConnectMultiple (node:net:1139:18)
    at afterConnectMultiple (node:net:1712:7)
2026-05-07 00:38:52 [ERROR]: Redis error: {"code":"ECONNREFUSED"}
AggregateError [ECONNREFUSED]: 
    at internalConnectMultiple (node:net:1139:18)
    at afterConnectMultiple (node:net:1712:7)
2026-05-07 00:38:53 [ERROR]: Redis error: {"code":"ECONNREFUSED"}
AggregateError [ECONNREFUSED]: 
    at internalConnectMultiple (node:net:1139:18)
    at afterConnectMultiple (node:net:1712:7)
2026-05-07 00:38:53 [ERROR]: Redis error: {"code":"ECONNREFUSED"}
AggregateError [ECONNREFUSED]: 
    at internalConnectMultiple (node:net:1139:18)
    at afterConnectMultiple (node:net:1712:7)
2026-05-07 00:38:54 [ERROR]: Redis error: {"code":"ECONNREFUSED"}
AggregateError [ECONNREFUSED]: 
    at internalConnectMultiple (node:net:1139:18)
    at afterConnectMultiple (node:net:1712:7)
2026-05-07 00:38:54 [ERROR]: Redis error: {"code":"ECONNREFUSED"}
AggregateError [ECONNREFUSED]: 
    at internalConnectMultiple (node:net:1139:18)
    at afterConnectMultiple (node:net:1712:7)
2026-05-07 00:38:55 [ERROR]: Redis error: {"code":"ECONNREFUSED"}
AggregateError [ECONNREFUSED]: 
    at internalConnectMultiple (node:net:1139:18)
    at afterConnectMultiple (node:net:1712:7)
2026-05-07 00:38:55 [ERROR]: Redis error: {"code":"ECONNREFUSED"}
AggregateError [ECONNREFUSED]: 
    at internalConnectMultiple (node:net:1139:18)
    at afterConnectMultiple (node:net:1712:7)
2026-05-07 00:38:56 [ERROR]: Redis error: {"code":"ECONNREFUSED"}
AggregateError [ECONNREFUSED]: 
    at internalConnectMultiple (node:net:1139:18)
    at afterConnectMultiple (node:net:1712:7)
2026-05-07 00:38:56 [ERROR]: Redis error: {"code":"ECONNREFUSED"}
AggregateError [ECONNREFUSED]: 
    at internalConnectMultiple (node:net:1139:18)
    at afterConnectMultiple (node:net:1712:7)
2026-05-07 00:38:57 [ERROR]: Redis error: {"code":"ECONNREFUSED"}
AggregateError [ECONNREFUSED]: 
    at internalConnectMultiple (node:net:1139:18)
    at afterConnectMultiple (node:net:1712:7)
2026-05-07 00:38:57 [ERROR]: Redis error: {"code":"ECONNREFUSED"}
AggregateError [ECONNREFUSED]: 
    at internalConnectMultiple (node:net:1139:18)
    at afterConnectMultiple (node:net:1712:7)
2026-05-07 00:38:58 [ERROR]: Redis error: {"code":"ECONNREFUSED"}
AggregateError [ECONNREFUSED]: 
    at internalConnectMultiple (node:net:1139:18)
    at afterConnectMultiple (node:net:1712:7)
2026-05-07 00:38:58 [ERROR]: Redis error: {"code":"ECONNREFUSED"}
AggregateError [ECONNREFUSED]: 
    at internalConnectMultiple (node:net:1139:18)
    at afterConnectMultiple (node:net:1712:7)
2026-05-07 00:38:59 [ERROR]: Redis error: {"code":"ECONNREFUSED"}
AggregateError [ECONNREFUSED]: 
    at internalConnectMultiple (node:net:1139:18)
    at afterConnectMultiple (node:net:1712:7)
2026-05-07 00:38:59 [ERROR]: Redis error: {"code":"ECONNREFUSED"}
AggregateError [ECONNREFUSED]: 
    at internalConnectMultiple (node:net:1139:18)
    at afterConnectMultiple (node:net:1712:7)
2026-05-07 00:39:00 [ERROR]: Redis error: {"code":"ECONNREFUSED"}
AggregateError [ECONNREFUSED]: 
    at internalConnectMultiple (node:net:1139:18)
    at afterConnectMultiple (node:net:1712:7)
2026-05-07 00:39:00 [ERROR]: Redis error: {"code":"ECONNREFUSED"}
AggregateError [ECONNREFUSED]: 
    at internalConnectMultiple (node:net:1139:18)
    at afterConnectMultiple (node:net:1712:7)
2026-05-07 00:39:01 [ERROR]: Redis error: {"code":"ECONNREFUSED"}
AggregateError [ECONNREFUSED]: 
    at internalConnectMultiple (node:net:1139:18)
    at afterConnectMultiple (node:net:1712:7)
2026-05-07 00:39:02 [ERROR]: Redis error: {"code":"ECONNREFUSED"}
AggregateError [ECONNREFUSED]: 
    at internalConnectMultiple (node:net:1139:18)
    at afterConnectMultiple (node:net:1712:7)
2026-05-07 00:39:02 [ERROR]: Redis error: {"code":"ECONNREFUSED"}
AggregateError [ECONNREFUSED]: 
    at internalConnectMultiple (node:net:1139:18)
    at afterConnectMultiple (node:net:1712:7)
2026-05-07 00:39:03 [ERROR]: Redis error: {"code":"ECONNREFUSED"}
AggregateError [ECONNREFUSED]: 
    at internalConnectMultiple (node:net:1139:18)
    at afterConnectMultiple (node:net:1712:7)
2026-05-07 00:39:03 [ERROR]: Redis error: {"code":"ECONNREFUSED"}
AggregateError [ECONNREFUSED]: 
    at internalConnectMultiple (node:net:1139:18)
    at afterConnectMultiple (node:net:1712:7)
2026-05-07 00:39:04 [ERROR]: Redis error: {"code":"ECONNREFUSED"}
AggregateError [ECONNREFUSED]: 
    at internalConnectMultiple (node:net:1139:18)
    at afterConnectMultiple (node:net:1712:7)
2026-05-07 00:39:04 [ERROR]: Redis error: {"code":"ECONNREFUSED"}
AggregateError [ECONNREFUSED]: 
    at internalConnectMultiple (node:net:1139:18)
    at afterConnectMultiple (node:net:1712:7)
2026-05-07 00:39:05 [ERROR]: Redis error: {"code":"ECONNREFUSED"}
AggregateError [ECONNREFUSED]: 
    at internalConnectMultiple (node:net:1139:18)
    at afterConnectMultiple (node:net:1712:7)
2026-05-07 00:39:05 [ERROR]: Redis error: {"code":"ECONNREFUSED"}
AggregateError [ECONNREFUSED]: 
    at internalConnectMultiple (node:net:1139:18)
    at afterConnectMultiple (node:net:1712:7)
2026-05-07 00:39:06 [ERROR]: Redis error: {"code":"ECONNREFUSED"}
AggregateError [ECONNREFUSED]: 
    at internalConnectMultiple (node:net:1139:18)
    at afterConnectMultiple (node:net:1712:7)
2026-05-07 00:39:06 [ERROR]: Redis error: {"code":"ECONNREFUSED"}
AggregateError [ECONNREFUSED]: 
    at internalConnectMultiple (node:net:1139:18)
    at afterConnectMultiple (node:net:1712:7)
2026-05-07 00:39:07 [ERROR]: Redis error: {"code":"ECONNREFUSED"}
AggregateError [ECONNREFUSED]: 
    at internalConnectMultiple (node:net:1139:18)
    at afterConnectMultiple (node:net:1712:7)
2026-05-07 00:39:07 [ERROR]: Redis error: {"code":"ECONNREFUSED"}
AggregateError [ECONNREFUSED]: 
    at internalConnectMultiple (node:net:1139:18)
    at afterConnectMultiple (node:net:1712:7)
2026-05-07 00:39:08 [ERROR]: Redis error: {"code":"ECONNREFUSED"}
AggregateError [ECONNREFUSED]: 
    at internalConnectMultiple (node:net:1139:18)
    at afterConnectMultiple (node:net:1712:7)
2026-05-07 00:39:08 [ERROR]: Redis error: {"code":"ECONNREFUSED"}
AggregateError [ECONNREFUSED]: 
    at internalConnectMultiple (node:net:1139:18)
    at afterConnectMultiple (node:net:1712:7)
2026-05-07 00:39:09 [ERROR]: Redis error: {"code":"ECONNREFUSED"}
AggregateError [ECONNREFUSED]: 
    at internalConnectMultiple (node:net:1139:18)
    at afterConnectMultiple (node:net:1712:7)
2026-05-07 00:39:09 [ERROR]: Redis error: {"code":"ECONNREFUSED"}
AggregateError [ECONNREFUSED]: 
    at internalConnectMultiple (node:net:1139:18)
    at afterConnectMultiple (node:net:1712:7)
2026-05-07 00:39:10 [ERROR]: Redis error: {"code":"ECONNREFUSED"}
AggregateError [ECONNREFUSED]: 
    at internalConnectMultiple (node:net:1139:18)
    at afterConnectMultiple (node:net:1712:7)
2026-05-07 00:39:10 [ERROR]: Redis error: {"code":"ECONNREFUSED"}
AggregateError [ECONNREFUSED]: 
    at internalConnectMultiple (node:net:1139:18)
    at afterConnectMultiple (node:net:1712:7)
2026-05-07 00:39:11 [ERROR]: Redis error: {"code":"ECONNREFUSED"}
AggregateError [ECONNREFUSED]: 
    at internalConnectMultiple (node:net:1139:18)
    at afterConnectMultiple (node:net:1712:7)
2026-05-07 00:39:11 [ERROR]: Redis error: {"code":"ECONNREFUSED"}
AggregateError [ECONNREFUSED]: 
    at internalConnectMultiple (node:net:1139:18)
    at afterConnectMultiple (node:net:1712:7)
2026-05-07 00:39:12 [ERROR]: Redis error: {"code":"ECONNREFUSED"}
AggregateError [ECONNREFUSED]: 
    at internalConnectMultiple (node:net:1139:18)
    at afterConnectMultiple (node:net:1712:7)
2026-05-07 00:39:12 [ERROR]: Redis error: {"code":"ECONNREFUSED"}
AggregateError [ECONNREFUSED]: 
    at internalConnectMultiple (node:net:1139:18)
    at afterConnectMultiple (node:net:1712:7)
2026-05-07 00:39:13 [ERROR]: Redis error: {"code":"ECONNREFUSED"}
AggregateError [ECONNREFUSED]: 
    at internalConnectMultiple (node:net:1139:18)
    at afterConnectMultiple (node:net:1712:7)
2026-05-07 00:39:13 [ERROR]: Redis error: {"code":"ECONNREFUSED"}
AggregateError [ECONNREFUSED]: 
    at internalConnectMultiple (node:net:1139:18)
    at afterConnectMultiple (node:net:1712:7)
2026-05-07 00:39:14 [ERROR]: Redis error: {"code":"ECONNREFUSED"}
AggregateError [ECONNREFUSED]: 
    at internalConnectMultiple (node:net:1139:18)
    at afterConnectMultiple (node:net:1712:7)
2026-05-07 00:39:14 [ERROR]: Redis error: {"code":"ECONNREFUSED"}
AggregateError [ECONNREFUSED]: 
    at internalConnectMultiple (node:net:1139:18)
    at afterConnectMultiple (node:net:1712:7)
2026-05-07 00:39:15 [ERROR]: Redis error: {"code":"ECONNREFUSED"}
AggregateError [ECONNREFUSED]: 
    at internalConnectMultiple (node:net:1139:18)
    at afterConnectMultiple (node:net:1712:7)
2026-05-07 00:39:15 [ERROR]: Redis error: {"code":"ECONNREFUSED"}
AggregateError [ECONNREFUSED]: 
    at internalConnectMultiple (node:net:1139:18)
    at afterConnectMultiple (node:net:1712:7)
2026-05-07 00:39:16 [ERROR]: Redis error: {"code":"ECONNREFUSED"}
AggregateError [ECONNREFUSED]: 
    at internalConnectMultiple (node:net:1139:18)
    at afterConnectMultiple (node:net:1712:7)
2026-05-07 00:39:16 [ERROR]: Redis error: {"code":"ECONNREFUSED"}
AggregateError [ECONNREFUSED]: 
    at internalConnectMultiple (node:net:1139:18)
    at afterConnectMultiple (node:net:1712:7)
2026-05-07 00:39:17 [ERROR]: Redis error: {"code":"ECONNREFUSED"}
AggregateError [ECONNREFUSED]: 
    at internalConnectMultiple (node:net:1139:18)
    at afterConnectMultiple (node:net:1712:7)
2026-05-07 00:39:17 [ERROR]: Redis error: {"code":"ECONNREFUSED"}
AggregateError [ECONNREFUSED]: 
    at internalConnectMultiple (node:net:1139:18)
    at afterConnectMultiple (node:net:1712:7)
2026-05-07 00:39:18 [ERROR]: Redis error: {"code":"ECONNREFUSED"}
AggregateError [ECONNREFUSED]: 
    at internalConnectMultiple (node:net:1139:18)
    at afterConnectMultiple (node:net:1712:7)
2026-05-07 00:39:18 [ERROR]: Redis error: {"code":"ECONNREFUSED"}
AggregateError [ECONNREFUSED]: 
    at internalConnectMultiple (node:net:1139:18)
    at afterConnectMultiple (node:net:1712:7)
2026-05-07 00:39:19 [ERROR]: Redis error: {"code":"ECONNREFUSED"}
AggregateError [ECONNREFUSED]: 
    at internalConnectMultiple (node:net:1139:18)
    at afterConnectMultiple (node:net:1712:7)
2026-05-07 00:39:19 [ERROR]: Redis error: {"code":"ECONNREFUSED"}
AggregateError [ECONNREFUSED]: 
    at internalConnectMultiple (node:net:1139:18)
    at afterConnectMultiple (node:net:1712:7)
2026-05-07 00:39:20 [ERROR]: Redis error: {"code":"ECONNREFUSED"}
AggregateError [ECONNREFUSED]: 
    at internalConnectMultiple (node:net:1139:18)
    at afterConnectMultiple (node:net:1712:7)
2026-05-07 00:39:20 [ERROR]: Redis error: {"code":"ECONNREFUSED"}
AggregateError [ECONNREFUSED]: 
    at internalConnectMultiple (node:net:1139:18)
    at afterConnectMultiple (node:net:1712:7)
2026-05-07 00:39:21 [ERROR]: Redis error: {"code":"ECONNREFUSED"}
AggregateError [ECONNREFUSED]: 
    at internalConnectMultiple (node:net:1139:18)
    at afterConnectMultiple (node:net:1712:7)
2026-05-07 00:39:22 [ERROR]: Redis error: {"code":"ECONNREFUSED"}
AggregateError [ECONNREFUSED]: 
    at internalConnectMultiple (node:net:1139:18)
    at afterConnectMultiple (node:net:1712:7)
2026-05-07 00:39:22 [ERROR]: Redis error: {"code":"ECONNREFUSED"}
AggregateError [ECONNREFUSED]: 
    at internalConnectMultiple (node:net:1139:18)
    at afterConnectMultiple (node:net:1712:7)
2026-05-07 00:39:23 [ERROR]: Redis error: {"code":"ECONNREFUSED"}
AggregateError [ECONNREFUSED]: 
    at internalConnectMultiple (node:net:1139:18)
    at afterConnectMultiple (node:net:1712:7)
2026-05-07 00:39:23 [ERROR]: Redis error: {"code":"ECONNREFUSED"}
AggregateError [ECONNREFUSED]: 
    at internalConnectMultiple (node:net:1139:18)
    at afterConnectMultiple (node:net:1712:7)
2026-05-07 00:39:24 [ERROR]: Redis error: {"code":"ECONNREFUSED"}
AggregateError [ECONNREFUSED]: 
    at internalConnectMultiple (node:net:1139:18)
    at afterConnectMultiple (node:net:1712:7)
2026-05-07 00:39:24 [ERROR]: Redis error: {"code":"ECONNREFUSED"}
AggregateError [ECONNREFUSED]: 
    at internalConnectMultiple (node:net:1139:18)
    at afterConnectMultiple (node:net:1712:7)
2026-05-07 00:39:25 [ERROR]: Redis error: {"code":"ECONNREFUSED"}
AggregateError [ECONNREFUSED]: 
    at internalConnectMultiple (node:net:1139:18)
    at afterConnectMultiple (node:net:1712:7)
2026-05-07 00:39:25 [ERROR]: Redis error: {"code":"ECONNREFUSED"}
AggregateError [ECONNREFUSED]: 
    at internalConnectMultiple (node:net:1139:18)
    at afterConnectMultiple (node:net:1712:7)
2026-05-07 00:39:26 [ERROR]: Redis error: {"code":"ECONNREFUSED"}
AggregateError [ECONNREFUSED]: 
    at internalConnectMultiple (node:net:1139:18)
    at afterConnectMultiple (node:net:1712:7)
2026-05-07 00:39:26 [ERROR]: Redis error: {"code":"ECONNREFUSED"}
AggregateError [ECONNREFUSED]: 
    at internalConnectMultiple (node:net:1139:18)
    at afterConnectMultiple (node:net:1712:7)
2026-05-07 00:39:27 [ERROR]: Redis error: {"code":"ECONNREFUSED"}
AggregateError [ECONNREFUSED]: 
    at internalConnectMultiple (node:net:1139:18)
    at afterConnectMultiple (node:net:1712:7)
2026-05-07 00:39:27 [ERROR]: Redis error: {"code":"ECONNREFUSED"}
AggregateError [ECONNREFUSED]: 
    at internalConnectMultiple (node:net:1139:18)
    at afterConnectMultiple (node:net:1712:7)
2026-05-07 00:39:28 [ERROR]: Redis error: {"code":"ECONNREFUSED"}
AggregateError [ECONNREFUSED]: 
    at internalConnectMultiple (node:net:1139:18)
    at afterConnectMultiple (node:net:1712:7)
2026-05-07 00:39:28 [ERROR]: Redis error: {"code":"ECONNREFUSED"}
AggregateError [ECONNREFUSED]: 
    at internalConnectMultiple (node:net:1139:18)
    at afterConnectMultiple (node:net:1712:7)
2026-05-07 00:39:29 [ERROR]: Redis error: {"code":"ECONNREFUSED"}
AggregateError [ECONNREFUSED]: 
    at internalConnectMultiple (node:net:1139:18)
    at afterConnectMultiple (node:net:1712:7)
2026-05-07 00:39:29 [ERROR]: Redis error: {"code":"ECONNREFUSED"}
AggregateError [ECONNREFUSED]: 
    at internalConnectMultiple (node:net:1139:18)
    at afterConnectMultiple (node:net:1712:7)
2026-05-07 00:39:30 [ERROR]: Redis error: {"code":"ECONNREFUSED"}
AggregateError [ECONNREFUSED]: 
    at internalConnectMultiple (node:net:1139:18)
    at afterConnectMultiple (node:net:1712:7)
2026-05-07 00:39:30 [ERROR]: Redis error: {"code":"ECONNREFUSED"}
AggregateError [ECONNREFUSED]: 
    at internalConnectMultiple (node:net:1139:18)
    at afterConnectMultiple (node:net:1712:7)
2026-05-07 00:39:31 [ERROR]: Redis error: {"code":"ECONNREFUSED"}
AggregateError [ECONNREFUSED]: 
    at internalConnectMultiple (node:net:1139:18)
    at afterConnectMultiple (node:net:1712:7)
2026-05-07 00:39:31 [ERROR]: Redis error: {"code":"ECONNREFUSED"}
AggregateError [ECONNREFUSED]: 
    at internalConnectMultiple (node:net:1139:18)
    at afterConnectMultiple (node:net:1712:7)
2026-05-07 00:39:32 [ERROR]: Redis error: {"code":"ECONNREFUSED"}
AggregateError [ECONNREFUSED]: 
    at internalConnectMultiple (node:net:1139:18)
    at afterConnectMultiple (node:net:1712:7)
2026-05-07 00:39:32 [ERROR]: Redis error: {"code":"ECONNREFUSED"}
AggregateError [ECONNREFUSED]: 
    at internalConnectMultiple (node:net:1139:18)
    at afterConnectMultiple (node:net:1712:7)
2026-05-07 00:39:33 [ERROR]: Redis error: {"code":"ECONNREFUSED"}
AggregateError [ECONNREFUSED]: 
    at internalConnectMultiple (node:net:1139:18)
    at afterConnectMultiple (node:net:1712:7)
2026-05-07 00:39:33 [ERROR]: Redis error: {"code":"ECONNREFUSED"}
AggregateError [ECONNREFUSED]: 
    at internalConnectMultiple (node:net:1139:18)
    at afterConnectMultiple (node:net:1712:7)
2026-05-07 00:39:34 [ERROR]: Redis error: {"code":"ECONNREFUSED"}
AggregateError [ECONNREFUSED]: 
    at internalConnectMultiple (node:net:1139:18)
    at afterConnectMultiple (node:net:1712:7)
2026-05-07 00:39:34 [ERROR]: Redis error: {"code":"ECONNREFUSED"}
AggregateError [ECONNREFUSED]: 
    at internalConnectMultiple (node:net:1139:18)
    at afterConnectMultiple (node:net:1712:7)
2026-05-07 00:39:35 [ERROR]: Redis error: {"code":"ECONNREFUSED"}
AggregateError [ECONNREFUSED]: 
    at internalConnectMultiple (node:net:1139:18)
    at afterConnectMultiple (node:net:1712:7)
2026-05-07 00:39:35 [ERROR]: Redis error: {"code":"ECONNREFUSED"}
AggregateError [ECONNREFUSED]: 
    at internalConnectMultiple (node:net:1139:18)
    at afterConnectMultiple (node:net:1712:7)
2026-05-07 00:39:36 [ERROR]: Redis error: {"code":"ECONNREFUSED"}
AggregateError [ECONNREFUSED]: 
    at internalConnectMultiple (node:net:1139:18)
    at afterConnectMultiple (node:net:1712:7)
2026-05-07 00:39:36 [ERROR]: Redis error: {"code":"ECONNREFUSED"}
AggregateError [ECONNREFUSED]: 
    at internalConnectMultiple (node:net:1139:18)
    at afterConnectMultiple (node:net:1712:7)
2026-05-07 00:39:37 [ERROR]: Redis error: {"code":"ECONNREFUSED"}
AggregateError [ECONNREFUSED]: 
    at internalConnectMultiple (node:net:1139:18)
    at afterConnectMultiple (node:net:1712:7)
2026-05-07 00:39:37 [ERROR]: Redis error: {"code":"ECONNREFUSED"}
AggregateError [ECONNREFUSED]: 
    at internalConnectMultiple (node:net:1139:18)
    at afterConnectMultiple (node:net:1712:7)
2026-05-07 00:39:38 [ERROR]: Redis error: {"code":"ECONNREFUSED"}
AggregateError [ECONNREFUSED]: 
    at internalConnectMultiple (node:net:1139:18)
    at afterConnectMultiple (node:net:1712:7)
2026-05-07 00:39:38 [ERROR]: Redis error: {"code":"ECONNREFUSED"}
AggregateError [ECONNREFUSED]: 
    at internalConnectMultiple (node:net:1139:18)
    at afterConnectMultiple (node:net:1712:7)
2026-05-07 00:39:39 [ERROR]: Redis error: {"code":"ECONNREFUSED"}
AggregateError [ECONNREFUSED]: 
    at internalConnectMultiple (node:net:1139:18)
    at afterConnectMultiple (node:net:1712:7)
2026-05-07 00:39:39 [ERROR]: Redis error: {"code":"ECONNREFUSED"}
AggregateError [ECONNREFUSED]: 
    at internalConnectMultiple (node:net:1139:18)
    at afterConnectMultiple (node:net:1712:7)
2026-05-07 00:39:40 [ERROR]: Redis error: {"code":"ECONNREFUSED"}
AggregateError [ECONNREFUSED]: 
    at internalConnectMultiple (node:net:1139:18)
    at afterConnectMultiple (node:net:1712:7)
2026-05-07 00:39:41 [ERROR]: Redis error: {"code":"ECONNREFUSED"}
AggregateError [ECONNREFUSED]: 
    at internalConnectMultiple (node:net:1139:18)
    at afterConnectMultiple (node:net:1712:7)
2026-05-07 00:39:41 [ERROR]: Redis error: {"code":"ECONNREFUSED"}
AggregateError [ECONNREFUSED]: 
    at internalConnectMultiple (node:net:1139:18)
    at afterConnectMultiple (node:net:1712:7)
2026-05-07 00:39:42 [ERROR]: Redis error: {"code":"ECONNREFUSED"}
AggregateError [ECONNREFUSED]: 
    at internalConnectMultiple (node:net:1139:18)
    at afterConnectMultiple (node:net:1712:7)
2026-05-07 00:39:42 [ERROR]: Redis error: {"code":"ECONNREFUSED"}
AggregateError [ECONNREFUSED]: 
    at internalConnectMultiple (node:net:1139:18)
    at afterConnectMultiple (node:net:1712:7)
2026-05-07 00:39:43 [ERROR]: Redis error: {"code":"ECONNREFUSED"}
AggregateError [ECONNREFUSED]: 
    at internalConnectMultiple (node:net:1139:18)
    at afterConnectMultiple (node:net:1712:7)
2026-05-07 00:39:43 [ERROR]: Redis error: {"code":"ECONNREFUSED"}
AggregateError [ECONNREFUSED]: 
    at internalConnectMultiple (node:net:1139:18)
    at afterConnectMultiple (node:net:1712:7)
2026-05-07 00:39:44 [ERROR]: Redis error: {"code":"ECONNREFUSED"}
AggregateError [ECONNREFUSED]: 
    at internalConnectMultiple (node:net:1139:18)
    at afterConnectMultiple (node:net:1712:7)
2026-05-07 00:39:44 [ERROR]: Redis error: {"code":"ECONNREFUSED"}
AggregateError [ECONNREFUSED]: 
    at internalConnectMultiple (node:net:1139:18)
    at afterConnectMultiple (node:net:1712:7)
2026-05-07 00:39:45 [ERROR]: Redis error: {"code":"ECONNREFUSED"}
AggregateError [ECONNREFUSED]: 
    at internalConnectMultiple (node:net:1139:18)
    at afterConnectMultiple (node:net:1712:7)
2026-05-07 00:39:45 [ERROR]: Redis error: {"code":"ECONNREFUSED"}
AggregateError [ECONNREFUSED]: 
    at internalConnectMultiple (node:net:1139:18)
    at afterConnectMultiple (node:net:1712:7)
2026-05-07 00:39:46 [ERROR]: Redis error: {"code":"ECONNREFUSED"}
AggregateError [ECONNREFUSED]: 
    at internalConnectMultiple (node:net:1139:18)
    at afterConnectMultiple (node:net:1712:7)
2026-05-07 00:39:46 [ERROR]: Redis error: {"code":"ECONNREFUSED"}
AggregateError [ECONNREFUSED]: 
    at internalConnectMultiple (node:net:1139:18)
    at afterConnectMultiple (node:net:1712:7)
2026-05-07 00:39:47 [ERROR]: Redis error: {"code":"ECONNREFUSED"}
AggregateError [ECONNREFUSED]: 
    at internalConnectMultiple (node:net:1139:18)
    at afterConnectMultiple (node:net:1712:7)
2026-05-07 00:39:47 [ERROR]: Redis error: {"code":"ECONNREFUSED"}
AggregateError [ECONNREFUSED]: 
    at internalConnectMultiple (node:net:1139:18)
    at afterConnectMultiple (node:net:1712:7)
2026-05-07 00:39:48 [ERROR]: Redis error: {"code":"ECONNREFUSED"}
AggregateError [ECONNREFUSED]: 
    at internalConnectMultiple (node:net:1139:18)
    at afterConnectMultiple (node:net:1712:7)
2026-05-07 00:39:48 [ERROR]: Redis error: {"code":"ECONNREFUSED"}
AggregateError [ECONNREFUSED]: 
    at internalConnectMultiple (node:net:1139:18)
    at afterConnectMultiple (node:net:1712:7)
2026-05-07 00:39:49 [ERROR]: Redis error: {"code":"ECONNREFUSED"}
AggregateError [ECONNREFUSED]: 
    at internalConnectMultiple (node:net:1139:18)
    at afterConnectMultiple (node:net:1712:7)
2026-05-07 00:39:49 [ERROR]: Redis error: {"code":"ECONNREFUSED"}
AggregateError [ECONNREFUSED]: 
    at internalConnectMultiple (node:net:1139:18)
    at afterConnectMultiple (node:net:1712:7)
2026-05-07 00:39:50 [ERROR]: Redis error: {"code":"ECONNREFUSED"}
AggregateError [ECONNREFUSED]: 
    at internalConnectMultiple (node:net:1139:18)
    at afterConnectMultiple (node:net:1712:7)
2026-05-07 00:39:50 [ERROR]: Redis error: {"code":"ECONNREFUSED"}
AggregateError [ECONNREFUSED]: 
    at internalConnectMultiple (node:net:1139:18)
    at afterConnectMultiple (node:net:1712:7)
2026-05-07 00:39:51 [ERROR]: Redis error: {"code":"ECONNREFUSED"}
AggregateError [ECONNREFUSED]: 
    at internalConnectMultiple (node:net:1139:18)
    at afterConnectMultiple (node:net:1712:7)
2026-05-07 00:39:51 [ERROR]: Redis error: {"code":"ECONNREFUSED"}
AggregateError [ECONNREFUSED]: 
    at internalConnectMultiple (node:net:1139:18)
    at afterConnectMultiple (node:net:1712:7)
2026-05-07 00:39:52 [ERROR]: Redis error: {"code":"ECONNREFUSED"}
AggregateError [ECONNREFUSED]: 
    at internalConnectMultiple (node:net:1139:18)
    at afterConnectMultiple (node:net:1712:7)
2026-05-07 00:39:52 [ERROR]: Redis error: {"code":"ECONNREFUSED"}
AggregateError [ECONNREFUSED]: 
    at internalConnectMultiple (node:net:1139:18)
    at afterConnectMultiple (node:net:1712:7)
2026-05-07 00:39:53 [ERROR]: Redis error: {"code":"ECONNREFUSED"}
AggregateError [ECONNREFUSED]: 
    at internalConnectMultiple (node:net:1139:18)
    at afterConnectMultiple (node:net:1712:7)
2026-05-07 00:39:53 [ERROR]: Redis error: {"code":"ECONNREFUSED"}
AggregateError [ECONNREFUSED]: 
    at internalConnectMultiple (node:net:1139:18)
    at afterConnectMultiple (node:net:1712:7)
2026-05-07 00:39:54 [ERROR]: Redis error: {"code":"ECONNREFUSED"}
AggregateError [ECONNREFUSED]: 
    at internalConnectMultiple (node:net:1139:18)
    at afterConnectMultiple (node:net:1712:7)
2026-05-07 00:39:54 [ERROR]: Redis error: {"code":"ECONNREFUSED"}
AggregateError [ECONNREFUSED]: 
    at internalConnectMultiple (node:net:1139:18)
    at afterConnectMultiple (node:net:1712:7)
2026-05-07 00:39:55 [ERROR]: Redis error: {"code":"ECONNREFUSED"}
AggregateError [ECONNREFUSED]: 
    at internalConnectMultiple (node:net:1139:18)
    at afterConnectMultiple (node:net:1712:7)
2026-05-07 00:39:55 [ERROR]: Redis error: {"code":"ECONNREFUSED"}
AggregateError [ECONNREFUSED]: 
    at internalConnectMultiple (node:net:1139:18)
    at afterConnectMultiple (node:net:1712:7)
2026-05-07 00:39:56 [ERROR]: Redis error: {"code":"ECONNREFUSED"}
AggregateError [ECONNREFUSED]: 
    at internalConnectMultiple (node:net:1139:18)
    at afterConnectMultiple (node:net:1712:7)
2026-05-07 00:39:56 [ERROR]: Redis error: {"code":"ECONNREFUSED"}
AggregateError [ECONNREFUSED]: 
    at internalConnectMultiple (node:net:1139:18)
    at afterConnectMultiple (node:net:1712:7)
2026-05-07 00:39:57 [ERROR]: Redis error: {"code":"ECONNREFUSED"}
AggregateError [ECONNREFUSED]: 
    at internalConnectMultiple (node:net:1139:18)
    at afterConnectMultiple (node:net:1712:7)
2026-05-07 00:39:57 [ERROR]: Redis error: {"code":"ECONNREFUSED"}
AggregateError [ECONNREFUSED]: 
    at internalConnectMultiple (node:net:1139:18)
    at afterConnectMultiple (node:net:1712:7)
2026-05-07 00:39:58 [ERROR]: Redis error: {"code":"ECONNREFUSED"}
AggregateError [ECONNREFUSED]: 
    at internalConnectMultiple (node:net:1139:18)
    at afterConnectMultiple (node:net:1712:7)
2026-05-07 00:39:58 [ERROR]: Redis error: {"code":"ECONNREFUSED"}
AggregateError [ECONNREFUSED]: 
    at internalConnectMultiple (node:net:1139:18)
    at afterConnectMultiple (node:net:1712:7)
2026-05-07 00:39:59 [ERROR]: Redis error: {"code":"ECONNREFUSED"}
AggregateError [ECONNREFUSED]: 
    at internalConnectMultiple (node:net:1139:18)
    at afterConnectMultiple (node:net:1712:7)
2026-05-07 00:39:59 [ERROR]: Redis error: {"code":"ECONNREFUSED"}
AggregateError [ECONNREFUSED]: 
    at internalConnectMultiple (node:net:1139:18)
    at afterConnectMultiple (node:net:1712:7)
2026-05-07 00:40:00 [ERROR]: Redis error: {"code":"ECONNREFUSED"}
AggregateError [ECONNREFUSED]: 
    at internalConnectMultiple (node:net:1139:18)
    at afterConnectMultiple (node:net:1712:7)
2026-05-07 00:40:00 [ERROR]: Redis error: {"code":"ECONNREFUSED"}
AggregateError [ECONNREFUSED]: 
    at internalConnectMultiple (node:net:1139:18)
    at afterConnectMultiple (node:net:1712:7)
2026-05-07 00:40:01 [ERROR]: Redis error: {"code":"ECONNREFUSED"}
AggregateError [ECONNREFUSED]: 
    at internalConnectMultiple (node:net:1139:18)
    at afterConnectMultiple (node:net:1712:7)
2026-05-07 00:40:01 [ERROR]: Redis error: {"code":"ECONNREFUSED"}
AggregateError [ECONNREFUSED]: 
    at internalConnectMultiple (node:net:1139:18)
    at afterConnectMultiple (node:net:1712:7)
2026-05-07 00:40:02 [ERROR]: Redis error: {"code":"ECONNREFUSED"}
AggregateError [ECONNREFUSED]: 
    at internalConnectMultiple (node:net:1139:18)
    at afterConnectMultiple (node:net:1712:7)
2026-05-07 00:40:02 [ERROR]: Redis error: {"code":"ECONNREFUSED"}
AggregateError [ECONNREFUSED]: 
    at internalConnectMultiple (node:net:1139:18)
    at afterConnectMultiple (node:net:1712:7)
2026-05-07 00:40:03 [ERROR]: Redis error: {"code":"ECONNREFUSED"}
AggregateError [ECONNREFUSED]: 
    at internalConnectMultiple (node:net:1139:18)
    at afterConnectMultiple (node:net:1712:7)
2026-05-07 00:40:04 [ERROR]: Redis error: {"code":"ECONNREFUSED"}
AggregateError [ECONNREFUSED]: 
    at internalConnectMultiple (node:net:1139:18)
    at afterConnectMultiple (node:net:1712:7)
2026-05-07 00:40:04 [ERROR]: Redis error: {"code":"ECONNREFUSED"}
AggregateError [ECONNREFUSED]: 
    at internalConnectMultiple (node:net:1139:18)
    at afterConnectMultiple (node:net:1712:7)
2026-05-07 00:40:05 [ERROR]: Redis error: {"code":"ECONNREFUSED"}
AggregateError [ECONNREFUSED]: 
    at internalConnectMultiple (node:net:1139:18)
    at afterConnectMultiple (node:net:1712:7)
2026-05-07 00:40:05 [ERROR]: Redis error: {"code":"ECONNREFUSED"}
AggregateError [ECONNREFUSED]: 
    at internalConnectMultiple (node:net:1139:18)
    at afterConnectMultiple (node:net:1712:7)
2026-05-07 00:40:06 [ERROR]: Redis error: {"code":"ECONNREFUSED"}
AggregateError [ECONNREFUSED]: 
    at internalConnectMultiple (node:net:1139:18)
    at afterConnectMultiple (node:net:1712:7)
2026-05-07 00:40:06 [ERROR]: Redis error: {"code":"ECONNREFUSED"}
AggregateError [ECONNREFUSED]: 
    at internalConnectMultiple (node:net:1139:18)
    at afterConnectMultiple (node:net:1712:7)
2026-05-07 00:40:07 [ERROR]: Redis error: {"code":"ECONNREFUSED"}
AggregateError [ECONNREFUSED]: 
    at internalConnectMultiple (node:net:1139:18)
    at afterConnectMultiple (node:net:1712:7)
2026-05-07 00:40:07 [ERROR]: Redis error: {"code":"ECONNREFUSED"}
AggregateError [ECONNREFUSED]: 
    at internalConnectMultiple (node:net:1139:18)
    at afterConnectMultiple (node:net:1712:7)
2026-05-07 00:40:08 [ERROR]: Redis error: {"code":"ECONNREFUSED"}
AggregateError [ECONNREFUSED]: 
    at internalConnectMultiple (node:net:1139:18)
    at afterConnectMultiple (node:net:1712:7)
2026-05-07 00:40:08 [ERROR]: Redis error: {"code":"ECONNREFUSED"}
AggregateError [ECONNREFUSED]: 
    at internalConnectMultiple (node:net:1139:18)
    at afterConnectMultiple (node:net:1712:7)
2026-05-07 00:40:09 [ERROR]: Redis error: {"code":"ECONNREFUSED"}
AggregateError [ECONNREFUSED]: 
    at internalConnectMultiple (node:net:1139:18)
    at afterConnectMultiple (node:net:1712:7)
2026-05-07 00:40:09 [ERROR]: Redis error: {"code":"ECONNREFUSED"}
AggregateError [ECONNREFUSED]: 
    at internalConnectMultiple (node:net:1139:18)
    at afterConnectMultiple (node:net:1712:7)
2026-05-07 00:40:10 [ERROR]: Redis error: {"code":"ECONNREFUSED"}
AggregateError [ECONNREFUSED]: 
    at internalConnectMultiple (node:net:1139:18)
    at afterConnectMultiple (node:net:1712:7)
2026-05-07 00:40:10 [ERROR]: Redis error: {"code":"ECONNREFUSED"}
AggregateError [ECONNREFUSED]: 
    at internalConnectMultiple (node:net:1139:18)
    at afterConnectMultiple (node:net:1712:7)
2026-05-07 00:40:11 [ERROR]: Redis error: {"code":"ECONNREFUSED"}
AggregateError [ECONNREFUSED]: 
    at internalConnectMultiple (node:net:1139:18)
    at afterConnectMultiple (node:net:1712:7)
2026-05-07 00:40:11 [ERROR]: Redis error: {"code":"ECONNREFUSED"}
AggregateError [ECONNREFUSED]: 
    at internalConnectMultiple (node:net:1139:18)
    at afterConnectMultiple (node:net:1712:7)
2026-05-07 00:40:12 [ERROR]: Redis error: {"code":"ECONNREFUSED"}
AggregateError [ECONNREFUSED]: 
    at internalConnectMultiple (node:net:1139:18)
    at afterConnectMultiple (node:net:1712:7)
2026-05-07 00:40:12 [ERROR]: Redis error: {"code":"ECONNREFUSED"}
AggregateError [ECONNREFUSED]: 
    at internalConnectMultiple (node:net:1139:18)
    at afterConnectMultiple (node:net:1712:7)
2026-05-07 00:40:13 [ERROR]: Redis error: {"code":"ECONNREFUSED"}
AggregateError [ECONNREFUSED]: 
    at internalConnectMultiple (node:net:1139:18)
    at afterConnectMultiple (node:net:1712:7)
2026-05-07 00:40:13 [ERROR]: Redis error: {"code":"ECONNREFUSED"}
AggregateError [ECONNREFUSED]: 
    at internalConnectMultiple (node:net:1139:18)
    at afterConnectMultiple (node:net:1712:7)
2026-05-07 00:40:14 [ERROR]: Redis error: {"code":"ECONNREFUSED"}
AggregateError [ECONNREFUSED]: 
    at internalConnectMultiple (node:net:1139:18)
    at afterConnectMultiple (node:net:1712:7)
2026-05-07 00:40:14 [ERROR]: Redis error: {"code":"ECONNREFUSED"}
AggregateError [ECONNREFUSED]: 
    at internalConnectMultiple (node:net:1139:18)
    at afterConnectMultiple (node:net:1712:7)
2026-05-07 00:40:15 [ERROR]: Redis error: {"code":"ECONNREFUSED"}
AggregateError [ECONNREFUSED]: 
    at internalConnectMultiple (node:net:1139:18)
    at afterConnectMultiple (node:net:1712:7)
2026-05-07 00:40:15 [ERROR]: Redis error: {"code":"ECONNREFUSED"}
AggregateError [ECONNREFUSED]: 
    at internalConnectMultiple (node:net:1139:18)
    at afterConnectMultiple (node:net:1712:7)
2026-05-07 00:40:16 [ERROR]: Redis error: {"code":"ECONNREFUSED"}
AggregateError [ECONNREFUSED]: 
    at internalConnectMultiple (node:net:1139:18)
    at afterConnectMultiple (node:net:1712:7)
2026-05-07 00:40:16 [ERROR]: Redis error: {"code":"ECONNREFUSED"}
AggregateError [ECONNREFUSED]: 
    at internalConnectMultiple (node:net:1139:18)
    at afterConnectMultiple (node:net:1712:7)
2026-05-07 00:40:17 [ERROR]: Redis error: {"code":"ECONNREFUSED"}
AggregateError [ECONNREFUSED]: 
    at internalConnectMultiple (node:net:1139:18)
    at afterConnectMultiple (node:net:1712:7)
2026-05-07 00:40:17 [ERROR]: Redis error: {"code":"ECONNREFUSED"}
AggregateError [ECONNREFUSED]: 
    at internalConnectMultiple (node:net:1139:18)
    at afterConnectMultiple (node:net:1712:7)
2026-05-07 00:40:18 [ERROR]: Redis error: {"code":"ECONNREFUSED"}
AggregateError [ECONNREFUSED]: 
    at internalConnectMultiple (node:net:1139:18)
    at afterConnectMultiple (node:net:1712:7)
2026-05-07 00:40:18 [ERROR]: Redis error: {"code":"ECONNREFUSED"}
AggregateError [ECONNREFUSED]: 
    at internalConnectMultiple (node:net:1139:18)
    at afterConnectMultiple (node:net:1712:7)
2026-05-07 00:40:19 [ERROR]: Redis error: {"code":"ECONNREFUSED"}
AggregateError [ECONNREFUSED]: 
    at internalConnectMultiple (node:net:1139:18)
    at afterConnectMultiple (node:net:1712:7)
2026-05-07 00:40:19 [ERROR]: Redis error: {"code":"ECONNREFUSED"}
AggregateError [ECONNREFUSED]: 
    at internalConnectMultiple (node:net:1139:18)
    at afterConnectMultiple (node:net:1712:7)
2026-05-07 00:40:20 [ERROR]: Redis error: {"code":"ECONNREFUSED"}
AggregateError [ECONNREFUSED]: 
    at internalConnectMultiple (node:net:1139:18)
    at afterConnectMultiple (node:net:1712:7)
2026-05-07 00:40:20 [ERROR]: Redis error: {"code":"ECONNREFUSED"}
AggregateError [ECONNREFUSED]: 
    at internalConnectMultiple (node:net:1139:18)
    at afterConnectMultiple (node:net:1712:7)
2026-05-07 00:40:21 [ERROR]: Redis error: {"code":"ECONNREFUSED"}
AggregateError [ECONNREFUSED]: 
    at internalConnectMultiple (node:net:1139:18)
    at afterConnectMultiple (node:net:1712:7)
2026-05-07 00:40:21 [ERROR]: Redis error: {"code":"ECONNREFUSED"}
AggregateError [ECONNREFUSED]: 
    at internalConnectMultiple (node:net:1139:18)
    at afterConnectMultiple (node:net:1712:7)
2026-05-07 00:40:22 [ERROR]: Redis error: {"code":"ECONNREFUSED"}
AggregateError [ECONNREFUSED]: 
    at internalConnectMultiple (node:net:1139:18)
    at afterConnectMultiple (node:net:1712:7)
2026-05-07 00:40:22 [ERROR]: Redis error: {"code":"ECONNREFUSED"}
AggregateError [ECONNREFUSED]: 
    at internalConnectMultiple (node:net:1139:18)
    at afterConnectMultiple (node:net:1712:7)
2026-05-07 00:40:23 [ERROR]: Redis error: {"code":"ECONNREFUSED"}
AggregateError [ECONNREFUSED]: 
    at internalConnectMultiple (node:net:1139:18)
    at afterConnectMultiple (node:net:1712:7)
2026-05-07 00:40:24 [ERROR]: Redis error: {"code":"ECONNREFUSED"}
AggregateError [ECONNREFUSED]: 
    at internalConnectMultiple (node:net:1139:18)
    at afterConnectMultiple (node:net:1712:7)
2026-05-07 00:40:24 [ERROR]: Redis error: {"code":"ECONNREFUSED"}
AggregateError [ECONNREFUSED]: 
    at internalConnectMultiple (node:net:1139:18)
    at afterConnectMultiple (node:net:1712:7)
2026-05-07 00:40:25 [ERROR]: Redis error: {"code":"ECONNREFUSED"}
AggregateError [ECONNREFUSED]: 
    at internalConnectMultiple (node:net:1139:18)
    at afterConnectMultiple (node:net:1712:7)
2026-05-07 00:40:25 [ERROR]: Redis error: {"code":"ECONNREFUSED"}
AggregateError [ECONNREFUSED]: 
    at internalConnectMultiple (node:net:1139:18)
    at afterConnectMultiple (node:net:1712:7)
2026-05-07 00:40:26 [ERROR]: Redis error: {"code":"ECONNREFUSED"}
AggregateError [ECONNREFUSED]: 
    at internalConnectMultiple (node:net:1139:18)
    at afterConnectMultiple (node:net:1712:7)
2026-05-07 00:40:26 [ERROR]: Redis error: {"code":"ECONNREFUSED"}
AggregateError [ECONNREFUSED]: 
    at internalConnectMultiple (node:net:1139:18)
    at afterConnectMultiple (node:net:1712:7)
2026-05-07 00:40:27 [ERROR]: Redis error: {"code":"ECONNREFUSED"}
AggregateError [ECONNREFUSED]: 
    at internalConnectMultiple (node:net:1139:18)
    at afterConnectMultiple (node:net:1712:7)
2026-05-07 00:40:27 [ERROR]: Redis error: {"code":"ECONNREFUSED"}
AggregateError [ECONNREFUSED]: 
    at internalConnectMultiple (node:net:1139:18)
    at afterConnectMultiple (node:net:1712:7)
2026-05-07 00:40:28 [ERROR]: Redis error: {"code":"ECONNREFUSED"}
AggregateError [ECONNREFUSED]: 
    at internalConnectMultiple (node:net:1139:18)
    at afterConnectMultiple (node:net:1712:7)
2026-05-07 00:40:28 [ERROR]: Redis error: {"code":"ECONNREFUSED"}
AggregateError [ECONNREFUSED]: 
    at internalConnectMultiple (node:net:1139:18)
    at afterConnectMultiple (node:net:1712:7)
2026-05-07 00:40:29 [ERROR]: Redis error: {"code":"ECONNREFUSED"}
AggregateError [ECONNREFUSED]: 
    at internalConnectMultiple (node:net:1139:18)
    at afterConnectMultiple (node:net:1712:7)
2026-05-07 00:40:29 [ERROR]: Redis error: {"code":"ECONNREFUSED"}
AggregateError [ECONNREFUSED]: 
    at internalConnectMultiple (node:net:1139:18)
    at afterConnectMultiple (node:net:1712:7)
2026-05-07 00:40:30 [ERROR]: Redis error: {"code":"ECONNREFUSED"}
AggregateError [ECONNREFUSED]: 
    at internalConnectMultiple (node:net:1139:18)
    at afterConnectMultiple (node:net:1712:7)
2026-05-07 00:40:30 [ERROR]: Redis error: {"code":"ECONNREFUSED"}
AggregateError [ECONNREFUSED]: 
    at internalConnectMultiple (node:net:1139:18)
    at afterConnectMultiple (node:net:1712:7)
2026-05-07 00:40:31 [ERROR]: Redis error: {"code":"ECONNREFUSED"}
AggregateError [ECONNREFUSED]: 
    at internalConnectMultiple (node:net:1139:18)
    at afterConnectMultiple (node:net:1712:7)
2026-05-07 00:40:31 [ERROR]: Redis error: {"code":"ECONNREFUSED"}
AggregateError [ECONNREFUSED]: 
    at internalConnectMultiple (node:net:1139:18)
    at afterConnectMultiple (node:net:1712:7)
2026-05-07 00:40:32 [ERROR]: Redis error: {"code":"ECONNREFUSED"}
AggregateError [ECONNREFUSED]: 
    at internalConnectMultiple (node:net:1139:18)
    at afterConnectMultiple (node:net:1712:7)
2026-05-07 00:40:32 [ERROR]: Redis error: {"code":"ECONNREFUSED"}
AggregateError [ECONNREFUSED]: 
    at internalConnectMultiple (node:net:1139:18)
    at afterConnectMultiple (node:net:1712:7)
2026-05-07 00:40:33 [ERROR]: Redis error: {"code":"ECONNREFUSED"}
AggregateError [ECONNREFUSED]: 
    at internalConnectMultiple (node:net:1139:18)
    at afterConnectMultiple (node:net:1712:7)
2026-05-07 00:40:33 [ERROR]: Redis error: {"code":"ECONNREFUSED"}
AggregateError [ECONNREFUSED]: 
    at internalConnectMultiple (node:net:1139:18)
    at afterConnectMultiple (node:net:1712:7)
2026-05-07 00:40:34 [ERROR]: Redis error: {"code":"ECONNREFUSED"}
AggregateError [ECONNREFUSED]: 
    at internalConnectMultiple (node:net:1139:18)
    at afterConnectMultiple (node:net:1712:7)
2026-05-07 00:40:34 [ERROR]: Redis error: {"code":"ECONNREFUSED"}
AggregateError [ECONNREFUSED]: 
    at internalConnectMultiple (node:net:1139:18)
    at afterConnectMultiple (node:net:1712:7)
2026-05-07 00:40:35 [ERROR]: Redis error: {"code":"ECONNREFUSED"}
AggregateError [ECONNREFUSED]: 
    at internalConnectMultiple (node:net:1139:18)
    at afterConnectMultiple (node:net:1712:7)
2026-05-07 00:40:35 [ERROR]: Redis error: {"code":"ECONNREFUSED"}
AggregateError [ECONNREFUSED]: 
    at internalConnectMultiple (node:net:1139:18)
    at afterConnectMultiple (node:net:1712:7)
2026-05-07 00:40:36 [ERROR]: Redis error: {"code":"ECONNREFUSED"}
AggregateError [ECONNREFUSED]: 
    at internalConnectMultiple (node:net:1139:18)
    at afterConnectMultiple (node:net:1712:7)
2026-05-07 00:40:36 [ERROR]: Redis error: {"code":"ECONNREFUSED"}
AggregateError [ECONNREFUSED]: 
    at internalConnectMultiple (node:net:1139:18)
    at afterConnectMultiple (node:net:1712:7)
2026-05-07 00:40:37 [ERROR]: Redis error: {"code":"ECONNREFUSED"}
AggregateError [ECONNREFUSED]: 
    at internalConnectMultiple (node:net:1139:18)
    at afterConnectMultiple (node:net:1712:7)
2026-05-07 00:40:37 [ERROR]: Redis error: {"code":"ECONNREFUSED"}
AggregateError [ECONNREFUSED]: 
    at internalConnectMultiple (node:net:1139:18)
    at afterConnectMultiple (node:net:1712:7)
2026-05-07 00:40:38 [ERROR]: Redis error: {"code":"ECONNREFUSED"}
AggregateError [ECONNREFUSED]: 
    at internalConnectMultiple (node:net:1139:18)
    at afterConnectMultiple (node:net:1712:7)
2026-05-07 00:40:38 [ERROR]: Redis error: {"code":"ECONNREFUSED"}
AggregateError [ECONNREFUSED]: 
    at internalConnectMultiple (node:net:1139:18)
    at afterConnectMultiple (node:net:1712:7)
2026-05-07 00:40:39 [ERROR]: Redis error: {"code":"ECONNREFUSED"}
AggregateError [ECONNREFUSED]: 
    at internalConnectMultiple (node:net:1139:18)
    at afterConnectMultiple (node:net:1712:7)
2026-05-07 00:40:39 [ERROR]: Redis error: {"code":"ECONNREFUSED"}
AggregateError [ECONNREFUSED]: 
    at internalConnectMultiple (node:net:1139:18)
    at afterConnectMultiple (node:net:1712:7)
2026-05-07 00:40:40 [ERROR]: Redis error: {"code":"ECONNREFUSED"}
AggregateError [ECONNREFUSED]: 
    at internalConnectMultiple (node:net:1139:18)
    at afterConnectMultiple (node:net:1712:7)
2026-05-07 00:40:40 [ERROR]: Redis error: {"code":"ECONNREFUSED"}
AggregateError [ECONNREFUSED]: 
    at internalConnectMultiple (node:net:1139:18)
    at afterConnectMultiple (node:net:1712:7)
2026-05-07 00:40:41 [ERROR]: Redis error: {"code":"ECONNREFUSED"}
AggregateError [ECONNREFUSED]: 
    at internalConnectMultiple (node:net:1139:18)
    at afterConnectMultiple (node:net:1712:7)
2026-05-07 00:40:41 [ERROR]: Redis error: {"code":"ECONNREFUSED"}
AggregateError [ECONNREFUSED]: 
    at internalConnectMultiple (node:net:1139:18)
    at afterConnectMultiple (node:net:1712:7)
2026-05-07 00:40:42 [ERROR]: Redis error: {"code":"ECONNREFUSED"}
AggregateError [ECONNREFUSED]: 
    at internalConnectMultiple (node:net:1139:18)
    at afterConnectMultiple (node:net:1712:7)
2026-05-07 00:40:42 [ERROR]: Redis error: {"code":"ECONNREFUSED"}
AggregateError [ECONNREFUSED]: 
    at internalConnectMultiple (node:net:1139:18)
    at afterConnectMultiple (node:net:1712:7)
2026-05-07 00:40:43 [ERROR]: Redis error: {"code":"ECONNREFUSED"}
AggregateError [ECONNREFUSED]: 
    at internalConnectMultiple (node:net:1139:18)
    at afterConnectMultiple (node:net:1712:7)
2026-05-07 00:40:44 [ERROR]: Redis error: {"code":"ECONNREFUSED"}
AggregateError [ECONNREFUSED]: 
    at internalConnectMultiple (node:net:1139:18)
    at afterConnectMultiple (node:net:1712:7)
2026-05-07 00:40:44 [ERROR]: Redis error: {"code":"ECONNREFUSED"}
AggregateError [ECONNREFUSED]: 
    at internalConnectMultiple (node:net:1139:18)
    at afterConnectMultiple (node:net:1712:7)
2026-05-07 00:40:45 [ERROR]: Redis error: {"code":"ECONNREFUSED"}
AggregateError [ECONNREFUSED]: 
    at internalConnectMultiple (node:net:1139:18)
    at afterConnectMultiple (node:net:1712:7)
2026-05-07 00:40:45 [ERROR]: Redis error: {"code":"ECONNREFUSED"}
AggregateError [ECONNREFUSED]: 
    at internalConnectMultiple (node:net:1139:18)
    at afterConnectMultiple (node:net:1712:7)
2026-05-07 00:40:46 [ERROR]: Redis error: {"code":"ECONNREFUSED"}
AggregateError [ECONNREFUSED]: 
    at internalConnectMultiple (node:net:1139:18)
    at afterConnectMultiple (node:net:1712:7)
2026-05-07 00:40:46 [ERROR]: Redis error: {"code":"ECONNREFUSED"}
AggregateError [ECONNREFUSED]: 
    at internalConnectMultiple (node:net:1139:18)
    at afterConnectMultiple (node:net:1712:7)
2026-05-07 00:40:47 [ERROR]: Redis error: {"code":"ECONNREFUSED"}
AggregateError [ECONNREFUSED]: 
    at internalConnectMultiple (node:net:1139:18)
    at afterConnectMultiple (node:net:1712:7)
2026-05-07 00:40:47 [ERROR]: Redis error: {"code":"ECONNREFUSED"}
AggregateError [ECONNREFUSED]: 
    at internalConnectMultiple (node:net:1139:18)
    at afterConnectMultiple (node:net:1712:7)
2026-05-07 00:40:48 [ERROR]: Redis error: {"code":"ECONNREFUSED"}
AggregateError [ECONNREFUSED]: 
    at internalConnectMultiple (node:net:1139:18)
    at afterConnectMultiple (node:net:1712:7)
2026-05-07 00:40:48 [ERROR]: Redis error: {"code":"ECONNREFUSED"}
AggregateError [ECONNREFUSED]: 
    at internalConnectMultiple (node:net:1139:18)
    at afterConnectMultiple (node:net:1712:7)
2026-05-07 00:40:49 [ERROR]: Redis error: {"code":"ECONNREFUSED"}
AggregateError [ECONNREFUSED]: 
    at internalConnectMultiple (node:net:1139:18)
    at afterConnectMultiple (node:net:1712:7)
2026-05-07 00:40:49 [ERROR]: Redis error: {"code":"ECONNREFUSED"}
AggregateError [ECONNREFUSED]: 
    at internalConnectMultiple (node:net:1139:18)
    at afterConnectMultiple (node:net:1712:7)
2026-05-07 00:40:50 [ERROR]: Redis error: {"code":"ECONNREFUSED"}
AggregateError [ECONNREFUSED]: 
    at internalConnectMultiple (node:net:1139:18)
    at afterConnectMultiple (node:net:1712:7)
2026-05-07 00:40:50 [ERROR]: Redis error: {"code":"ECONNREFUSED"}
AggregateError [ECONNREFUSED]: 
    at internalConnectMultiple (node:net:1139:18)
    at afterConnectMultiple (node:net:1712:7)
2026-05-07 00:40:51 [ERROR]: Redis error: {"code":"ECONNREFUSED"}
AggregateError [ECONNREFUSED]: 
    at internalConnectMultiple (node:net:1139:18)
    at afterConnectMultiple (node:net:1712:7)
2026-05-07 00:40:51 [ERROR]: Redis error: {"code":"ECONNREFUSED"}
AggregateError [ECONNREFUSED]: 
    at internalConnectMultiple (node:net:1139:18)
    at afterConnectMultiple (node:net:1712:7)
2026-05-07 00:40:52 [ERROR]: Redis error: {"code":"ECONNREFUSED"}
AggregateError [ECONNREFUSED]: 
    at internalConnectMultiple (node:net:1139:18)
    at afterConnectMultiple (node:net:1712:7)
2026-05-07 00:40:52 [ERROR]: Redis error: {"code":"ECONNREFUSED"}
AggregateError [ECONNREFUSED]: 
    at internalConnectMultiple (node:net:1139:18)
    at afterConnectMultiple (node:net:1712:7)
2026-05-07 00:40:53 [ERROR]: Redis error: {"code":"ECONNREFUSED"}
AggregateError [ECONNREFUSED]: 
    at internalConnectMultiple (node:net:1139:18)
    at afterConnectMultiple (node:net:1712:7)
2026-05-07 00:40:53 [ERROR]: Redis error: {"code":"ECONNREFUSED"}
AggregateError [ECONNREFUSED]: 
    at internalConnectMultiple (node:net:1139:18)
    at afterConnectMultiple (node:net:1712:7)
2026-05-07 00:40:54 [ERROR]: Redis error: {"code":"ECONNREFUSED"}
AggregateError [ECONNREFUSED]: 
    at internalConnectMultiple (node:net:1139:18)
    at afterConnectMultiple (node:net:1712:7)
2026-05-07 00:40:54 [ERROR]: Redis error: {"code":"ECONNREFUSED"}
AggregateError [ECONNREFUSED]: 
    at internalConnectMultiple (node:net:1139:18)
    at afterConnectMultiple (node:net:1712:7)
2026-05-07 00:40:55 [ERROR]: Redis error: {"code":"ECONNREFUSED"}
AggregateError [ECONNREFUSED]: 
    at internalConnectMultiple (node:net:1139:18)
    at afterConnectMultiple (node:net:1712:7)
2026-05-07 00:40:55 [ERROR]: Redis error: {"code":"ECONNREFUSED"}
AggregateError [ECONNREFUSED]: 
    at internalConnectMultiple (node:net:1139:18)
    at afterConnectMultiple (node:net:1712:7)
2026-05-07 00:40:56 [ERROR]: Redis error: {"code":"ECONNREFUSED"}
AggregateError [ECONNREFUSED]: 
    at internalConnectMultiple (node:net:1139:18)
    at afterConnectMultiple (node:net:1712:7)
2026-05-07 00:40:56 [ERROR]: Redis error: {"code":"ECONNREFUSED"}
AggregateError [ECONNREFUSED]: 
    at internalConnectMultiple (node:net:1139:18)
    at afterConnectMultiple (node:net:1712:7)
2026-05-07 00:40:57 [ERROR]: Redis error: {"code":"ECONNREFUSED"}
AggregateError [ECONNREFUSED]: 
    at internalConnectMultiple (node:net:1139:18)
    at afterConnectMultiple (node:net:1712:7)
2026-05-07 00:40:57 [ERROR]: Redis error: {"code":"ECONNREFUSED"}
AggregateError [ECONNREFUSED]: 
    at internalConnectMultiple (node:net:1139:18)
    at afterConnectMultiple (node:net:1712:7)
2026-05-07 00:40:58 [ERROR]: Redis error: {"code":"ECONNREFUSED"}
AggregateError [ECONNREFUSED]: 
    at internalConnectMultiple (node:net:1139:18)
    at afterConnectMultiple (node:net:1712:7)
2026-05-07 00:40:58 [ERROR]: Redis error: {"code":"ECONNREFUSED"}
AggregateError [ECONNREFUSED]: 
    at internalConnectMultiple (node:net:1139:18)
    at afterConnectMultiple (node:net:1712:7)
2026-05-07 00:40:59 [ERROR]: Redis error: {"code":"ECONNREFUSED"}
AggregateError [ECONNREFUSED]: 
    at internalConnectMultiple (node:net:1139:18)
    at afterConnectMultiple (node:net:1712:7)
2026-05-07 00:40:59 [ERROR]: Redis error: {"code":"ECONNREFUSED"}
AggregateError [ECONNREFUSED]: 
    at internalConnectMultiple (node:net:1139:18)
    at afterConnectMultiple (node:net:1712:7)
2026-05-07 00:41:00 [ERROR]: Redis error: {"code":"ECONNREFUSED"}
AggregateError [ECONNREFUSED]: 
    at internalConnectMultiple (node:net:1139:18)
    at afterConnectMultiple (node:net:1712:7)
2026-05-07 00:41:00 [ERROR]: Redis error: {"code":"ECONNREFUSED"}
AggregateError [ECONNREFUSED]: 
    at internalConnectMultiple (node:net:1139:18)
    at afterConnectMultiple (node:net:1712:7)
2026-05-07 00:41:01 [ERROR]: Redis error: {"code":"ECONNREFUSED"}
AggregateError [ECONNREFUSED]: 
    at internalConnectMultiple (node:net:1139:18)
    at afterConnectMultiple (node:net:1712:7)
2026-05-07 00:41:01 [ERROR]: Redis error: {"code":"ECONNREFUSED"}
AggregateError [ECONNREFUSED]: 
    at internalConnectMultiple (node:net:1139:18)
    at afterConnectMultiple (node:net:1712:7)
2026-05-07 00:41:02 [ERROR]: Redis error: {"code":"ECONNREFUSED"}
AggregateError [ECONNREFUSED]: 
    at internalConnectMultiple (node:net:1139:18)
    at afterConnectMultiple (node:net:1712:7)
2026-05-07 00:41:03 [ERROR]: Redis error: {"code":"ECONNREFUSED"}
AggregateError [ECONNREFUSED]: 
    at internalConnectMultiple (node:net:1139:18)
    at afterConnectMultiple (node:net:1712:7)
2026-05-07 00:41:03 [ERROR]: Redis error: {"code":"ECONNREFUSED"}
AggregateError [ECONNREFUSED]: 
    at internalConnectMultiple (node:net:1139:18)
    at afterConnectMultiple (node:net:1712:7)
2026-05-07 00:41:04 [ERROR]: Redis error: {"code":"ECONNREFUSED"}
AggregateError [ECONNREFUSED]: 
    at internalConnectMultiple (node:net:1139:18)
    at afterConnectMultiple (node:net:1712:7)
2026-05-07 00:41:04 [ERROR]: Redis error: {"code":"ECONNREFUSED"}
AggregateError [ECONNREFUSED]: 
    at internalConnectMultiple (node:net:1139:18)
    at afterConnectMultiple (node:net:1712:7)
2026-05-07 00:41:05 [ERROR]: Redis error: {"code":"ECONNREFUSED"}
AggregateError [ECONNREFUSED]: 
    at internalConnectMultiple (node:net:1139:18)
    at afterConnectMultiple (node:net:1712:7)
2026-05-07 00:41:05 [ERROR]: Redis error: {"code":"ECONNREFUSED"}
AggregateError [ECONNREFUSED]: 
    at internalConnectMultiple (node:net:1139:18)
    at afterConnectMultiple (node:net:1712:7)
2026-05-07 00:41:06 [ERROR]: Redis error: {"code":"ECONNREFUSED"}
AggregateError [ECONNREFUSED]: 
    at internalConnectMultiple (node:net:1139:18)
    at afterConnectMultiple (node:net:1712:7)
2026-05-07 00:41:06 [ERROR]: Redis error: {"code":"ECONNREFUSED"}
AggregateError [ECONNREFUSED]: 
    at internalConnectMultiple (node:net:1139:18)
    at afterConnectMultiple (node:net:1712:7)
2026-05-07 00:41:07 [ERROR]: Redis error: {"code":"ECONNREFUSED"}
AggregateError [ECONNREFUSED]: 
    at internalConnectMultiple (node:net:1139:18)
    at afterConnectMultiple (node:net:1712:7)
2026-05-07 00:41:07 [ERROR]: Redis error: {"code":"ECONNREFUSED"}
AggregateError [ECONNREFUSED]: 
    at internalConnectMultiple (node:net:1139:18)
    at afterConnectMultiple (node:net:1712:7)
2026-05-07 00:41:08 [ERROR]: Redis error: {"code":"ECONNREFUSED"}
AggregateError [ECONNREFUSED]: 
    at internalConnectMultiple (node:net:1139:18)
    at afterConnectMultiple (node:net:1712:7)
2026-05-07 00:41:08 [ERROR]: Redis error: {"code":"ECONNREFUSED"}
AggregateError [ECONNREFUSED]: 
    at internalConnectMultiple (node:net:1139:18)
    at afterConnectMultiple (node:net:1712:7)
2026-05-07 00:41:09 [ERROR]: Redis error: {"code":"ECONNREFUSED"}
AggregateError [ECONNREFUSED]: 
    at internalConnectMultiple (node:net:1139:18)
    at afterConnectMultiple (node:net:1712:7)
2026-05-07 00:41:09 [ERROR]: Redis error: {"code":"ECONNREFUSED"}
AggregateError [ECONNREFUSED]: 
    at internalConnectMultiple (node:net:1139:18)
    at afterConnectMultiple (node:net:1712:7)
2026-05-07 00:41:10 [ERROR]: Redis error: {"code":"ECONNREFUSED"}
AggregateError [ECONNREFUSED]: 
    at internalConnectMultiple (node:net:1139:18)
    at afterConnectMultiple (node:net:1712:7)
2026-05-07 00:41:10 [ERROR]: Redis error: {"code":"ECONNREFUSED"}
AggregateError [ECONNREFUSED]: 
    at internalConnectMultiple (node:net:1139:18)
    at afterConnectMultiple (node:net:1712:7)
2026-05-07 00:41:11 [ERROR]: Redis error: {"code":"ECONNREFUSED"}
AggregateError [ECONNREFUSED]: 
    at internalConnectMultiple (node:net:1139:18)
    at afterConnectMultiple (node:net:1712:7)
2026-05-07 00:41:11 [ERROR]: Redis error: {"code":"ECONNREFUSED"}
AggregateError [ECONNREFUSED]: 
    at internalConnectMultiple (node:net:1139:18)
    at afterConnectMultiple (node:net:1712:7)
2026-05-07 00:41:12 [ERROR]: Redis error: {"code":"ECONNREFUSED"}
AggregateError [ECONNREFUSED]: 
    at internalConnectMultiple (node:net:1139:18)
    at afterConnectMultiple (node:net:1712:7)
2026-05-07 00:41:12 [ERROR]: Redis error: {"code":"ECONNREFUSED"}
AggregateError [ECONNREFUSED]: 
    at internalConnectMultiple (node:net:1139:18)
    at afterConnectMultiple (node:net:1712:7)
2026-05-07 00:41:13 [ERROR]: Redis error: {"code":"ECONNREFUSED"}
AggregateError [ECONNREFUSED]: 
    at internalConnectMultiple (node:net:1139:18)
    at afterConnectMultiple (node:net:1712:7)
2026-05-07 00:41:13 [ERROR]: Redis error: {"code":"ECONNREFUSED"}
AggregateError [ECONNREFUSED]: 
    at internalConnectMultiple (node:net:1139:18)
    at afterConnectMultiple (node:net:1712:7)
2026-05-07 00:41:14 [ERROR]: Redis error: {"code":"ECONNREFUSED"}
AggregateError [ECONNREFUSED]: 
    at internalConnectMultiple (node:net:1139:18)
    at afterConnectMultiple (node:net:1712:7)
2026-05-07 00:41:14 [ERROR]: Redis error: {"code":"ECONNREFUSED"}
AggregateError [ECONNREFUSED]: 
    at internalConnectMultiple (node:net:1139:18)
    at afterConnectMultiple (node:net:1712:7)
2026-05-07 00:41:15 [ERROR]: Redis error: {"code":"ECONNREFUSED"}
AggregateError [ECONNREFUSED]: 
    at internalConnectMultiple (node:net:1139:18)
    at afterConnectMultiple (node:net:1712:7)
2026-05-07 00:41:15 [ERROR]: Redis error: {"code":"ECONNREFUSED"}
AggregateError [ECONNREFUSED]: 
    at internalConnectMultiple (node:net:1139:18)
    at afterConnectMultiple (node:net:1712:7)
2026-05-07 00:41:16 [ERROR]: Redis error: {"code":"ECONNREFUSED"}
AggregateError [ECONNREFUSED]: 
    at internalConnectMultiple (node:net:1139:18)
    at afterConnectMultiple (node:net:1712:7)
2026-05-07 00:41:16 [ERROR]: Redis error: {"code":"ECONNREFUSED"}
AggregateError [ECONNREFUSED]: 
    at internalConnectMultiple (node:net:1139:18)
    at afterConnectMultiple (node:net:1712:7)
2026-05-07 00:41:17 [ERROR]: Redis error: {"code":"ECONNREFUSED"}
AggregateError [ECONNREFUSED]: 
    at internalConnectMultiple (node:net:1139:18)
    at afterConnectMultiple (node:net:1712:7)
2026-05-07 00:41:17 [ERROR]: Redis error: {"code":"ECONNREFUSED"}
AggregateError [ECONNREFUSED]: 
    at internalConnectMultiple (node:net:1139:18)
    at afterConnectMultiple (node:net:1712:7)
2026-05-07 00:41:18 [ERROR]: Redis error: {"code":"ECONNREFUSED"}
AggregateError [ECONNREFUSED]: 
    at internalConnectMultiple (node:net:1139:18)
    at afterConnectMultiple (node:net:1712:7)
2026-05-07 00:41:19 [ERROR]: Redis error: {"code":"ECONNREFUSED"}
AggregateError [ECONNREFUSED]: 
    at internalConnectMultiple (node:net:1139:18)
    at afterConnectMultiple (node:net:1712:7)
2026-05-07 00:41:19 [ERROR]: Redis error: {"code":"ECONNREFUSED"}
AggregateError [ECONNREFUSED]: 
    at internalConnectMultiple (node:net:1139:18)
    at afterConnectMultiple (node:net:1712:7)
2026-05-07 00:41:20 [ERROR]: Redis error: {"code":"ECONNREFUSED"}
AggregateError [ECONNREFUSED]: 
    at internalConnectMultiple (node:net:1139:18)
    at afterConnectMultiple (node:net:1712:7)
2026-05-07 00:41:20 [ERROR]: Redis error: {"code":"ECONNREFUSED"}
AggregateError [ECONNREFUSED]: 
    at internalConnectMultiple (node:net:1139:18)
    at afterConnectMultiple (node:net:1712:7)
2026-05-07 00:41:21 [ERROR]: Redis error: {"code":"ECONNREFUSED"}
AggregateError [ECONNREFUSED]: 
    at internalConnectMultiple (node:net:1139:18)
    at afterConnectMultiple (node:net:1712:7)
2026-05-07 00:41:21 [ERROR]: Redis error: {"code":"ECONNREFUSED"}
AggregateError [ECONNREFUSED]: 
    at internalConnectMultiple (node:net:1139:18)
    at afterConnectMultiple (node:net:1712:7)
2026-05-07 00:41:22 [ERROR]: Redis error: {"code":"ECONNREFUSED"}
AggregateError [ECONNREFUSED]: 
    at internalConnectMultiple (node:net:1139:18)
    at afterConnectMultiple (node:net:1712:7)
2026-05-07 00:41:22 [ERROR]: Redis error: {"code":"ECONNREFUSED"}
AggregateError [ECONNREFUSED]: 
    at internalConnectMultiple (node:net:1139:18)
    at afterConnectMultiple (node:net:1712:7)
2026-05-07 00:41:23 [ERROR]: Redis error: {"code":"ECONNREFUSED"}
AggregateError [ECONNREFUSED]: 
    at internalConnectMultiple (node:net:1139:18)
    at afterConnectMultiple (node:net:1712:7)
2026-05-07 00:41:23 [ERROR]: Redis error: {"code":"ECONNREFUSED"}
AggregateError [ECONNREFUSED]: 
    at internalConnectMultiple (node:net:1139:18)
    at afterConnectMultiple (node:net:1712:7)
2026-05-07 00:41:24 [ERROR]: Redis error: {"code":"ECONNREFUSED"}
AggregateError [ECONNREFUSED]: 
    at internalConnectMultiple (node:net:1139:18)
    at afterConnectMultiple (node:net:1712:7)
2026-05-07 00:41:24 [ERROR]: Redis error: {"code":"ECONNREFUSED"}
AggregateError [ECONNREFUSED]: 
    at internalConnectMultiple (node:net:1139:18)
    at afterConnectMultiple (node:net:1712:7)
2026-05-07 00:41:25 [ERROR]: Redis error: {"code":"ECONNREFUSED"}
AggregateError [ECONNREFUSED]: 
    at internalConnectMultiple (node:net:1139:18)
    at afterConnectMultiple (node:net:1712:7)
2026-05-07 00:41:25 [ERROR]: Redis error: {"code":"ECONNREFUSED"}
AggregateError [ECONNREFUSED]: 
    at internalConnectMultiple (node:net:1139:18)
    at afterConnectMultiple (node:net:1712:7)
2026-05-07 00:41:26 [ERROR]: Redis error: {"code":"ECONNREFUSED"}
AggregateError [ECONNREFUSED]: 
    at internalConnectMultiple (node:net:1139:18)
    at afterConnectMultiple (node:net:1712:7)
2026-05-07 00:41:26 [ERROR]: Redis error: {"code":"ECONNREFUSED"}
AggregateError [ECONNREFUSED]: 
    at internalConnectMultiple (node:net:1139:18)
    at afterConnectMultiple (node:net:1712:7)
2026-05-07 00:41:27 [ERROR]: Redis error: {"code":"ECONNREFUSED"}
AggregateError [ECONNREFUSED]: 
    at internalConnectMultiple (node:net:1139:18)
    at afterConnectMultiple (node:net:1712:7)
2026-05-07 00:41:27 [ERROR]: Redis error: {"code":"ECONNREFUSED"}
AggregateError [ECONNREFUSED]: 
    at internalConnectMultiple (node:net:1139:18)
    at afterConnectMultiple (node:net:1712:7)
2026-05-07 00:41:28 [ERROR]: Redis error: {"code":"ECONNREFUSED"}
AggregateError [ECONNREFUSED]: 
    at internalConnectMultiple (node:net:1139:18)
    at afterConnectMultiple (node:net:1712:7)
2026-05-07 00:41:28 [ERROR]: Redis error: {"code":"ECONNREFUSED"}
AggregateError [ECONNREFUSED]: 
    at internalConnectMultiple (node:net:1139:18)
    at afterConnectMultiple (node:net:1712:7)
2026-05-07 00:41:29 [ERROR]: Redis error: {"code":"ECONNREFUSED"}
AggregateError [ECONNREFUSED]: 
    at internalConnectMultiple (node:net:1139:18)
    at afterConnectMultiple (node:net:1712:7)
2026-05-07 00:41:29 [ERROR]: Redis error: {"code":"ECONNREFUSED"}
AggregateError [ECONNREFUSED]: 
    at internalConnectMultiple (node:net:1139:18)
    at afterConnectMultiple (node:net:1712:7)
2026-05-07 00:41:30 [ERROR]: Redis error: {"code":"ECONNREFUSED"}
AggregateError [ECONNREFUSED]: 
    at internalConnectMultiple (node:net:1139:18)
    at afterConnectMultiple (node:net:1712:7)
2026-05-07 00:41:30 [ERROR]: Redis error: {"code":"ECONNREFUSED"}
AggregateError [ECONNREFUSED]: 
    at internalConnectMultiple (node:net:1139:18)
    at afterConnectMultiple (node:net:1712:7)
2026-05-07 00:41:31 [ERROR]: Redis error: {"code":"ECONNREFUSED"}
AggregateError [ECONNREFUSED]: 
    at internalConnectMultiple (node:net:1139:18)
    at afterConnectMultiple (node:net:1712:7)
2026-05-07 00:41:31 [ERROR]: Redis error: {"code":"ECONNREFUSED"}
AggregateError [ECONNREFUSED]: 
    at internalConnectMultiple (node:net:1139:18)
    at afterConnectMultiple (node:net:1712:7)
2026-05-07 00:41:32 [ERROR]: Redis error: {"code":"ECONNREFUSED"}
AggregateError [ECONNREFUSED]: 
    at internalConnectMultiple (node:net:1139:18)
    at afterConnectMultiple (node:net:1712:7)
2026-05-07 00:41:32 [ERROR]: Redis error: {"code":"ECONNREFUSED"}
AggregateError [ECONNREFUSED]: 
    at internalConnectMultiple (node:net:1139:18)
    at afterConnectMultiple (node:net:1712:7)
2026-05-07 00:41:33 [ERROR]: Redis error: {"code":"ECONNREFUSED"}
AggregateError [ECONNREFUSED]: 
    at internalConnectMultiple (node:net:1139:18)
    at afterConnectMultiple (node:net:1712:7)
2026-05-07 00:41:33 [ERROR]: Redis error: {"code":"ECONNREFUSED"}
AggregateError [ECONNREFUSED]: 
    at internalConnectMultiple (node:net:1139:18)
    at afterConnectMultiple (node:net:1712:7)
2026-05-07 00:41:34 [ERROR]: Redis error: {"code":"ECONNREFUSED"}
AggregateError [ECONNREFUSED]: 
    at internalConnectMultiple (node:net:1139:18)
    at afterConnectMultiple (node:net:1712:7)
2026-05-07 00:41:34 [ERROR]: Redis error: {"code":"ECONNREFUSED"}
AggregateError [ECONNREFUSED]: 
    at internalConnectMultiple (node:net:1139:18)
    at afterConnectMultiple (node:net:1712:7)
2026-05-07 00:41:35 [ERROR]: Redis error: {"code":"ECONNREFUSED"}
AggregateError [ECONNREFUSED]: 
    at internalConnectMultiple (node:net:1139:18)
    at afterConnectMultiple (node:net:1712:7)
2026-05-07 00:41:35 [ERROR]: Redis error: {"code":"ECONNREFUSED"}
AggregateError [ECONNREFUSED]: 
    at internalConnectMultiple (node:net:1139:18)
    at afterConnectMultiple (node:net:1712:7)
2026-05-07 00:41:36 [ERROR]: Redis error: {"code":"ECONNREFUSED"}
AggregateError [ECONNREFUSED]: 
    at internalConnectMultiple (node:net:1139:18)
    at afterConnectMultiple (node:net:1712:7)
2026-05-07 00:41:37 [ERROR]: Redis error: {"code":"ECONNREFUSED"}
AggregateError [ECONNREFUSED]: 
    at internalConnectMultiple (node:net:1139:18)
    at afterConnectMultiple (node:net:1712:7)
2026-05-07 00:41:37 [ERROR]: Redis error: {"code":"ECONNREFUSED"}
AggregateError [ECONNREFUSED]: 
    at internalConnectMultiple (node:net:1139:18)
    at afterConnectMultiple (node:net:1712:7)
2026-05-07 00:41:38 [ERROR]: Redis error: {"code":"ECONNREFUSED"}
AggregateError [ECONNREFUSED]: 
    at internalConnectMultiple (node:net:1139:18)
    at afterConnectMultiple (node:net:1712:7)
2026-05-07 00:41:38 [ERROR]: Redis error: {"code":"ECONNREFUSED"}
AggregateError [ECONNREFUSED]: 
    at internalConnectMultiple (node:net:1139:18)
    at afterConnectMultiple (node:net:1712:7)
2026-05-07 00:41:39 [ERROR]: Redis error: {"code":"ECONNREFUSED"}
AggregateError [ECONNREFUSED]: 
    at internalConnectMultiple (node:net:1139:18)
    at afterConnectMultiple (node:net:1712:7)
2026-05-07 00:41:39 [ERROR]: Redis error: {"code":"ECONNREFUSED"}
AggregateError [ECONNREFUSED]: 
    at internalConnectMultiple (node:net:1139:18)
    at afterConnectMultiple (node:net:1712:7)
2026-05-07 00:41:40 [ERROR]: Redis error: {"code":"ECONNREFUSED"}
AggregateError [ECONNREFUSED]: 
    at internalConnectMultiple (node:net:1139:18)
    at afterConnectMultiple (node:net:1712:7)
2026-05-07 00:41:40 [ERROR]: Redis error: {"code":"ECONNREFUSED"}
AggregateError [ECONNREFUSED]: 
    at internalConnectMultiple (node:net:1139:18)
    at afterConnectMultiple (node:net:1712:7)
2026-05-07 00:41:41 [ERROR]: Redis error: {"code":"ECONNREFUSED"}
AggregateError [ECONNREFUSED]: 
    at internalConnectMultiple (node:net:1139:18)
    at afterConnectMultiple (node:net:1712:7)
2026-05-07 00:41:41 [ERROR]: Redis error: {"code":"ECONNREFUSED"}
AggregateError [ECONNREFUSED]: 
    at internalConnectMultiple (node:net:1139:18)
    at afterConnectMultiple (node:net:1712:7)
2026-05-07 00:41:42 [ERROR]: Redis error: {"code":"ECONNREFUSED"}
AggregateError [ECONNREFUSED]: 
    at internalConnectMultiple (node:net:1139:18)
    at afterConnectMultiple (node:net:1712:7)
2026-05-07 00:41:42 [ERROR]: Redis error: {"code":"ECONNREFUSED"}
AggregateError [ECONNREFUSED]: 
    at internalConnectMultiple (node:net:1139:18)
    at afterConnectMultiple (node:net:1712:7)
2026-05-07 00:41:43 [ERROR]: Redis error: {"code":"ECONNREFUSED"}
AggregateError [ECONNREFUSED]: 
    at internalConnectMultiple (node:net:1139:18)
    at afterConnectMultiple (node:net:1712:7)
2026-05-07 00:41:43 [ERROR]: Redis error: {"code":"ECONNREFUSED"}
AggregateError [ECONNREFUSED]: 
    at internalConnectMultiple (node:net:1139:18)
    at afterConnectMultiple (node:net:1712:7)
2026-05-07 00:41:44 [ERROR]: Redis error: {"code":"ECONNREFUSED"}
AggregateError [ECONNREFUSED]: 
    at internalConnectMultiple (node:net:1139:18)
    at afterConnectMultiple (node:net:1712:7)
2026-05-07 00:41:44 [ERROR]: Redis error: {"code":"ECONNREFUSED"}
AggregateError [ECONNREFUSED]: 
    at internalConnectMultiple (node:net:1139:18)
    at afterConnectMultiple (node:net:1712:7)
2026-05-07 00:41:45 [ERROR]: Redis error: {"code":"ECONNREFUSED"}
AggregateError [ECONNREFUSED]: 
    at internalConnectMultiple (node:net:1139:18)
    at afterConnectMultiple (node:net:1712:7)
2026-05-07 00:41:45 [ERROR]: Redis error: {"code":"ECONNREFUSED"}
AggregateError [ECONNREFUSED]: 
    at internalConnectMultiple (node:net:1139:18)
    at afterConnectMultiple (node:net:1712:7)
2026-05-07 00:41:46 [ERROR]: Redis error: {"code":"ECONNREFUSED"}
AggregateError [ECONNREFUSED]: 
    at internalConnectMultiple (node:net:1139:18)
    at afterConnectMultiple (node:net:1712:7)
2026-05-07 00:41:46 [ERROR]: Redis error: {"code":"ECONNREFUSED"}
AggregateError [ECONNREFUSED]: 
    at internalConnectMultiple (node:net:1139:18)
    at afterConnectMultiple (node:net:1712:7)
2026-05-07 00:41:47 [ERROR]: Redis error: {"code":"ECONNREFUSED"}
AggregateError [ECONNREFUSED]: 
    at internalConnectMultiple (node:net:1139:18)
    at afterConnectMultiple (node:net:1712:7)
2026-05-07 00:41:47 [ERROR]: Redis error: {"code":"ECONNREFUSED"}
AggregateError [ECONNREFUSED]: 
    at internalConnectMultiple (node:net:1139:18)
    at afterConnectMultiple (node:net:1712:7)
2026-05-07 00:41:48 [ERROR]: Redis error: {"code":"ECONNREFUSED"}
AggregateError [ECONNREFUSED]: 
    at internalConnectMultiple (node:net:1139:18)
    at afterConnectMultiple (node:net:1712:7)
2026-05-07 00:41:48 [ERROR]: Redis error: {"code":"ECONNREFUSED"}
AggregateError [ECONNREFUSED]: 
    at internalConnectMultiple (node:net:1139:18)
    at afterConnectMultiple (node:net:1712:7)
2026-05-07 00:41:49 [ERROR]: Redis error: {"code":"ECONNREFUSED"}
AggregateError [ECONNREFUSED]: 
    at internalConnectMultiple (node:net:1139:18)
    at afterConnectMultiple (node:net:1712:7)
2026-05-07 00:41:49 [ERROR]: Redis error: {"code":"ECONNREFUSED"}
AggregateError [ECONNREFUSED]: 
    at internalConnectMultiple (node:net:1139:18)
    at afterConnectMultiple (node:net:1712:7)
2026-05-07 00:41:50 [ERROR]: Redis error: {"code":"ECONNREFUSED"}
AggregateError [ECONNREFUSED]: 
    at internalConnectMultiple (node:net:1139:18)
    at afterConnectMultiple (node:net:1712:7)
2026-05-07 00:41:50 [ERROR]: Redis error: {"code":"ECONNREFUSED"}
AggregateError [ECONNREFUSED]: 
    at internalConnectMultiple (node:net:1139:18)
    at afterConnectMultiple (node:net:1712:7)
2026-05-07 00:41:51 [ERROR]: Redis error: {"code":"ECONNREFUSED"}
AggregateError [ECONNREFUSED]: 
    at internalConnectMultiple (node:net:1139:18)
    at afterConnectMultiple (node:net:1712:7)
2026-05-07 00:41:51 [ERROR]: Redis error: {"code":"ECONNREFUSED"}
AggregateError [ECONNREFUSED]: 
    at internalConnectMultiple (node:net:1139:18)
    at afterConnectMultiple (node:net:1712:7)
2026-05-07 00:41:52 [ERROR]: Redis error: {"code":"ECONNREFUSED"}
AggregateError [ECONNREFUSED]: 
    at internalConnectMultiple (node:net:1139:18)
    at afterConnectMultiple (node:net:1712:7)
2026-05-07 00:41:52 [ERROR]: Redis error: {"code":"ECONNREFUSED"}
AggregateError [ECONNREFUSED]: 
    at internalConnectMultiple (node:net:1139:18)
    at afterConnectMultiple (node:net:1712:7)
2026-05-07 00:41:53 [ERROR]: Redis error: {"code":"ECONNREFUSED"}
AggregateError [ECONNREFUSED]: 
    at internalConnectMultiple (node:net:1139:18)
    at afterConnectMultiple (node:net:1712:7)
2026-05-07 00:41:53 [ERROR]: Redis error: {"code":"ECONNREFUSED"}
AggregateError [ECONNREFUSED]: 
    at internalConnectMultiple (node:net:1139:18)
    at afterConnectMultiple (node:net:1712:7)
2026-05-07 00:41:54 [ERROR]: Redis error: {"code":"ECONNREFUSED"}
AggregateError [ECONNREFUSED]: 
    at internalConnectMultiple (node:net:1139:18)
    at afterConnectMultiple (node:net:1712:7)
2026-05-07 00:41:54 [ERROR]: Redis error: {"code":"ECONNREFUSED"}
AggregateError [ECONNREFUSED]: 
    at internalConnectMultiple (node:net:1139:18)
    at afterConnectMultiple (node:net:1712:7)
2026-05-07 00:41:55 [ERROR]: Redis error: {"code":"ECONNREFUSED"}
AggregateError [ECONNREFUSED]: 
    at internalConnectMultiple (node:net:1139:18)
    at afterConnectMultiple (node:net:1712:7)
2026-05-07 00:41:56 [ERROR]: Redis error: {"code":"ECONNREFUSED"}
AggregateError [ECONNREFUSED]: 
    at internalConnectMultiple (node:net:1139:18)
    at afterConnectMultiple (node:net:1712:7)
2026-05-07 00:41:56 [ERROR]: Redis error: {"code":"ECONNREFUSED"}
AggregateError [ECONNREFUSED]: 
    at internalConnectMultiple (node:net:1139:18)
    at afterConnectMultiple (node:net:1712:7)
2026-05-07 00:41:57 [ERROR]: Redis error: {"code":"ECONNREFUSED"}
AggregateError [ECONNREFUSED]: 
    at internalConnectMultiple (node:net:1139:18)
    at afterConnectMultiple (node:net:1712:7)
2026-05-07 00:41:57 [ERROR]: Redis error: {"code":"ECONNREFUSED"}
AggregateError [ECONNREFUSED]: 
    at internalConnectMultiple (node:net:1139:18)
    at afterConnectMultiple (node:net:1712:7)
2026-05-07 00:41:58 [ERROR]: Redis error: {"code":"ECONNREFUSED"}
AggregateError [ECONNREFUSED]: 
    at internalConnectMultiple (node:net:1139:18)
    at afterConnectMultiple (node:net:1712:7)
2026-05-07 00:41:58 [ERROR]: Redis error: {"code":"ECONNREFUSED"}
AggregateError [ECONNREFUSED]: 
    at internalConnectMultiple (node:net:1139:18)
    at afterConnectMultiple (node:net:1712:7)
2026-05-07 00:41:59 [ERROR]: Redis error: {"code":"ECONNREFUSED"}
AggregateError [ECONNREFUSED]: 
    at internalConnectMultiple (node:net:1139:18)
    at afterConnectMultiple (node:net:1712:7)
2026-05-07 00:41:59 [ERROR]: Redis error: {"code":"ECONNREFUSED"}
AggregateError [ECONNREFUSED]: 
    at internalConnectMultiple (node:net:1139:18)
    at afterConnectMultiple (node:net:1712:7)
2026-05-07 00:42:00 [ERROR]: Redis error: {"code":"ECONNREFUSED"}
AggregateError [ECONNREFUSED]: 
    at internalConnectMultiple (node:net:1139:18)
    at afterConnectMultiple (node:net:1712:7)
2026-05-07 00:42:00 [ERROR]: Redis error: {"code":"ECONNREFUSED"}
AggregateError [ECONNREFUSED]: 
    at internalConnectMultiple (node:net:1139:18)
    at afterConnectMultiple (node:net:1712:7)
2026-05-07 00:42:01 [ERROR]: Redis error: {"code":"ECONNREFUSED"}
AggregateError [ECONNREFUSED]: 
    at internalConnectMultiple (node:net:1139:18)
    at afterConnectMultiple (node:net:1712:7)
2026-05-07 00:42:01 [ERROR]: Redis error: {"code":"ECONNREFUSED"}
AggregateError [ECONNREFUSED]: 
    at internalConnectMultiple (node:net:1139:18)
    at afterConnectMultiple (node:net:1712:7)
2026-05-07 00:42:02 [ERROR]: Redis error: {"code":"ECONNREFUSED"}
AggregateError [ECONNREFUSED]: 
    at internalConnectMultiple (node:net:1139:18)
    at afterConnectMultiple (node:net:1712:7)
2026-05-07 00:42:02 [ERROR]: Redis error: {"code":"ECONNREFUSED"}
AggregateError [ECONNREFUSED]: 
    at internalConnectMultiple (node:net:1139:18)
    at afterConnectMultiple (node:net:1712:7)
2026-05-07 00:42:03 [ERROR]: Redis error: {"code":"ECONNREFUSED"}
AggregateError [ECONNREFUSED]: 
    at internalConnectMultiple (node:net:1139:18)
    at afterConnectMultiple (node:net:1712:7)
2026-05-07 00:42:03 [ERROR]: Redis error: {"code":"ECONNREFUSED"}
AggregateError [ECONNREFUSED]: 
    at internalConnectMultiple (node:net:1139:18)
    at afterConnectMultiple (node:net:1712:7)
2026-05-07 00:42:04 [ERROR]: Redis error: {"code":"ECONNREFUSED"}
AggregateError [ECONNREFUSED]: 
    at internalConnectMultiple (node:net:1139:18)
    at afterConnectMultiple (node:net:1712:7)
2026-05-07 00:42:04 [ERROR]: Redis error: {"code":"ECONNREFUSED"}
AggregateError [ECONNREFUSED]: 
    at internalConnectMultiple (node:net:1139:18)
    at afterConnectMultiple (node:net:1712:7)
2026-05-07 00:42:05 [ERROR]: Redis error: {"code":"ECONNREFUSED"}
AggregateError [ECONNREFUSED]: 
    at internalConnectMultiple (node:net:1139:18)
    at afterConnectMultiple (node:net:1712:7)
2026-05-07 00:42:05 [ERROR]: Redis error: {"code":"ECONNREFUSED"}
AggregateError [ECONNREFUSED]: 
    at internalConnectMultiple (node:net:1139:18)
    at afterConnectMultiple (node:net:1712:7)
2026-05-07 00:42:06 [ERROR]: Redis error: {"code":"ECONNREFUSED"}
AggregateError [ECONNREFUSED]: 
    at internalConnectMultiple (node:net:1139:18)
    at afterConnectMultiple (node:net:1712:7)
2026-05-07 00:42:06 [ERROR]: Redis error: {"code":"ECONNREFUSED"}
AggregateError [ECONNREFUSED]: 
    at internalConnectMultiple (node:net:1139:18)
    at afterConnectMultiple (node:net:1712:7)
2026-05-07 00:42:07 [ERROR]: Redis error: {"code":"ECONNREFUSED"}
AggregateError [ECONNREFUSED]: 
    at internalConnectMultiple (node:net:1139:18)
    at afterConnectMultiple (node:net:1712:7)
2026-05-07 00:42:07 [ERROR]: Redis error: {"code":"ECONNREFUSED"}
AggregateError [ECONNREFUSED]: 
    at internalConnectMultiple (node:net:1139:18)
    at afterConnectMultiple (node:net:1712:7)
2026-05-07 00:42:08 [ERROR]: Redis error: {"code":"ECONNREFUSED"}
AggregateError [ECONNREFUSED]: 
    at internalConnectMultiple (node:net:1139:18)
    at afterConnectMultiple (node:net:1712:7)
2026-05-07 00:42:08 [ERROR]: Redis error: {"code":"ECONNREFUSED"}
AggregateError [ECONNREFUSED]: 
    at internalConnectMultiple (node:net:1139:18)
    at afterConnectMultiple (node:net:1712:7)
2026-05-07 00:42:09 [ERROR]: Redis error: {"code":"ECONNREFUSED"}
AggregateError [ECONNREFUSED]: 
    at internalConnectMultiple (node:net:1139:18)
    at afterConnectMultiple (node:net:1712:7)
2026-05-07 00:42:09 [ERROR]: Redis error: {"code":"ECONNREFUSED"}
AggregateError [ECONNREFUSED]: 
    at internalConnectMultiple (node:net:1139:18)
    at afterConnectMultiple (node:net:1712:7)
2026-05-07 00:42:10 [ERROR]: Redis error: {"code":"ECONNREFUSED"}
AggregateError [ECONNREFUSED]: 
    at internalConnectMultiple (node:net:1139:18)
    at afterConnectMultiple (node:net:1712:7)
2026-05-07 00:42:10 [ERROR]: Redis error: {"code":"ECONNREFUSED"}
AggregateError [ECONNREFUSED]: 
    at internalConnectMultiple (node:net:1139:18)
    at afterConnectMultiple (node:net:1712:7)
2026-05-07 00:42:11 [ERROR]: Redis error: {"code":"ECONNREFUSED"}
AggregateError [ECONNREFUSED]: 
    at internalConnectMultiple (node:net:1139:18)
    at afterConnectMultiple (node:net:1712:7)
2026-05-07 00:42:11 [ERROR]: Redis error: {"code":"ECONNREFUSED"}
AggregateError [ECONNREFUSED]: 
    at internalConnectMultiple (node:net:1139:18)
    at afterConnectMultiple (node:net:1712:7)
2026-05-07 00:42:12 [ERROR]: Redis error: {"code":"ECONNREFUSED"}
AggregateError [ECONNREFUSED]: 
    at internalConnectMultiple (node:net:1139:18)
    at afterConnectMultiple (node:net:1712:7)
2026-05-07 00:42:12 [ERROR]: Redis error: {"code":"ECONNREFUSED"}
AggregateError [ECONNREFUSED]: 
    at internalConnectMultiple (node:net:1139:18)
    at afterConnectMultiple (node:net:1712:7)
2026-05-07 00:42:13 [ERROR]: Redis error: {"code":"ECONNREFUSED"}
AggregateError [ECONNREFUSED]: 
    at internalConnectMultiple (node:net:1139:18)
    at afterConnectMultiple (node:net:1712:7)
2026-05-07 00:42:13 [ERROR]: Redis error: {"code":"ECONNREFUSED"}
AggregateError [ECONNREFUSED]: 
    at internalConnectMultiple (node:net:1139:18)
    at afterConnectMultiple (node:net:1712:7)
2026-05-07 00:42:14 [ERROR]: Redis error: {"code":"ECONNREFUSED"}
AggregateError [ECONNREFUSED]: 
    at internalConnectMultiple (node:net:1139:18)
    at afterConnectMultiple (node:net:1712:7)
2026-05-07 00:42:15 [ERROR]: Redis error: {"code":"ECONNREFUSED"}
AggregateError [ECONNREFUSED]: 
    at internalConnectMultiple (node:net:1139:18)
    at afterConnectMultiple (node:net:1712:7)
2026-05-07 00:42:15 [ERROR]: Redis error: {"code":"ECONNREFUSED"}
AggregateError [ECONNREFUSED]: 
    at internalConnectMultiple (node:net:1139:18)
    at afterConnectMultiple (node:net:1712:7)
2026-05-07 00:42:16 [ERROR]: Redis error: {"code":"ECONNREFUSED"}
AggregateError [ECONNREFUSED]: 
    at internalConnectMultiple (node:net:1139:18)
    at afterConnectMultiple (node:net:1712:7)
2026-05-07 00:42:16 [ERROR]: Redis error: {"code":"ECONNREFUSED"}
AggregateError [ECONNREFUSED]: 
    at internalConnectMultiple (node:net:1139:18)
    at afterConnectMultiple (node:net:1712:7)
2026-05-07 00:42:17 [ERROR]: Redis error: {"code":"ECONNREFUSED"}
AggregateError [ECONNREFUSED]: 
    at internalConnectMultiple (node:net:1139:18)
    at afterConnectMultiple (node:net:1712:7)
2026-05-07 00:42:17 [ERROR]: Redis error: {"code":"ECONNREFUSED"}
AggregateError [ECONNREFUSED]: 
    at internalConnectMultiple (node:net:1139:18)
    at afterConnectMultiple (node:net:1712:7)
2026-05-07 00:42:18 [ERROR]: Redis error: {"code":"ECONNREFUSED"}
AggregateError [ECONNREFUSED]: 
    at internalConnectMultiple (node:net:1139:18)
    at afterConnectMultiple (node:net:1712:7)
2026-05-07 00:42:18 [ERROR]: Redis error: {"code":"ECONNREFUSED"}
AggregateError [ECONNREFUSED]: 
    at internalConnectMultiple (node:net:1139:18)
    at afterConnectMultiple (node:net:1712:7)
2026-05-07 00:42:19 [ERROR]: Redis error: {"code":"ECONNREFUSED"}
AggregateError [ECONNREFUSED]: 
    at internalConnectMultiple (node:net:1139:18)
    at afterConnectMultiple (node:net:1712:7)
2026-05-07 00:42:19 [ERROR]: Redis error: {"code":"ECONNREFUSED"}
AggregateError [ECONNREFUSED]: 
    at internalConnectMultiple (node:net:1139:18)
    at afterConnectMultiple (node:net:1712:7)
2026-05-07 00:42:20 [ERROR]: Redis error: {"code":"ECONNREFUSED"}
AggregateError [ECONNREFUSED]: 
    at internalConnectMultiple (node:net:1139:18)
    at afterConnectMultiple (node:net:1712:7)
2026-05-07 00:42:20 [ERROR]: Redis error: {"code":"ECONNREFUSED"}
AggregateError [ECONNREFUSED]: 
    at internalConnectMultiple (node:net:1139:18)
    at afterConnectMultiple (node:net:1712:7)
2026-05-07 00:42:21 [ERROR]: Redis error: {"code":"ECONNREFUSED"}
AggregateError [ECONNREFUSED]: 
    at internalConnectMultiple (node:net:1139:18)
    at afterConnectMultiple (node:net:1712:7)
2026-05-07 00:42:21 [ERROR]: Redis error: {"code":"ECONNREFUSED"}
AggregateError [ECONNREFUSED]: 
    at internalConnectMultiple (node:net:1139:18)
    at afterConnectMultiple (node:net:1712:7)
2026-05-07 00:42:22 [ERROR]: Redis error: {"code":"ECONNREFUSED"}
AggregateError [ECONNREFUSED]: 
    at internalConnectMultiple (node:net:1139:18)
    at afterConnectMultiple (node:net:1712:7)
2026-05-07 00:42:22 [ERROR]: Redis error: {"code":"ECONNREFUSED"}
AggregateError [ECONNREFUSED]: 
    at internalConnectMultiple (node:net:1139:18)
    at afterConnectMultiple (node:net:1712:7)
2026-05-07 00:42:23 [ERROR]: Redis error: {"code":"ECONNREFUSED"}
AggregateError [ECONNREFUSED]: 
    at internalConnectMultiple (node:net:1139:18)
    at afterConnectMultiple (node:net:1712:7)
2026-05-07 00:42:23 [ERROR]: Redis error: {"code":"ECONNREFUSED"}
AggregateError [ECONNREFUSED]: 
    at internalConnectMultiple (node:net:1139:18)
    at afterConnectMultiple (node:net:1712:7)
2026-05-07 00:42:24 [ERROR]: Redis error: {"code":"ECONNREFUSED"}
AggregateError [ECONNREFUSED]: 
    at internalConnectMultiple (node:net:1139:18)
    at afterConnectMultiple (node:net:1712:7)
2026-05-07 00:42:24 [ERROR]: Redis error: {"code":"ECONNREFUSED"}
AggregateError [ECONNREFUSED]: 
    at internalConnectMultiple (node:net:1139:18)
    at afterConnectMultiple (node:net:1712:7)
2026-05-07 00:42:25 [ERROR]: Redis error: {"code":"ECONNREFUSED"}
AggregateError [ECONNREFUSED]: 
    at internalConnectMultiple (node:net:1139:18)
    at afterConnectMultiple (node:net:1712:7)
2026-05-07 00:42:25 [ERROR]: Redis error: {"code":"ECONNREFUSED"}
AggregateError [ECONNREFUSED]: 
    at internalConnectMultiple (node:net:1139:18)
    at afterConnectMultiple (node:net:1712:7)
2026-05-07 00:42:26 [ERROR]: Redis error: {"code":"ECONNREFUSED"}
AggregateError [ECONNREFUSED]: 
    at internalConnectMultiple (node:net:1139:18)
    at afterConnectMultiple (node:net:1712:7)
2026-05-07 00:42:26 [ERROR]: Redis error: {"code":"ECONNREFUSED"}
AggregateError [ECONNREFUSED]: 
    at internalConnectMultiple (node:net:1139:18)
    at afterConnectMultiple (node:net:1712:7)
2026-05-07 00:42:27 [ERROR]: Redis error: {"code":"ECONNREFUSED"}
AggregateError [ECONNREFUSED]: 
    at internalConnectMultiple (node:net:1139:18)
    at afterConnectMultiple (node:net:1712:7)
2026-05-07 00:42:27 [ERROR]: Redis error: {"code":"ECONNREFUSED"}
AggregateError [ECONNREFUSED]: 
    at internalConnectMultiple (node:net:1139:18)
    at afterConnectMultiple (node:net:1712:7)
2026-05-07 00:42:28 [ERROR]: Redis error: {"code":"ECONNREFUSED"}
AggregateError [ECONNREFUSED]: 
    at internalConnectMultiple (node:net:1139:18)
    at afterConnectMultiple (node:net:1712:7)
2026-05-07 00:42:28 [ERROR]: Redis error: {"code":"ECONNREFUSED"}
AggregateError [ECONNREFUSED]: 
    at internalConnectMultiple (node:net:1139:18)
    at afterConnectMultiple (node:net:1712:7)
2026-05-07 00:42:29 [ERROR]: Redis error: {"code":"ECONNREFUSED"}
AggregateError [ECONNREFUSED]: 
    at internalConnectMultiple (node:net:1139:18)
    at afterConnectMultiple (node:net:1712:7)
2026-05-07 00:42:29 [ERROR]: Redis error: {"code":"ECONNREFUSED"}
AggregateError [ECONNREFUSED]: 
    at internalConnectMultiple (node:net:1139:18)
    at afterConnectMultiple (node:net:1712:7)
2026-05-07 00:42:30 [ERROR]: Redis error: {"code":"ECONNREFUSED"}
AggregateError [ECONNREFUSED]: 
    at internalConnectMultiple (node:net:1139:18)
    at afterConnectMultiple (node:net:1712:7)
2026-05-07 00:42:30 [ERROR]: Redis error: {"code":"ECONNREFUSED"}
AggregateError [ECONNREFUSED]: 
    at internalConnectMultiple (node:net:1139:18)
    at afterConnectMultiple (node:net:1712:7)
2026-05-07 00:42:31 [ERROR]: Redis error: {"code":"ECONNREFUSED"}
AggregateError [ECONNREFUSED]: 
    at internalConnectMultiple (node:net:1139:18)
    at afterConnectMultiple (node:net:1712:7)
2026-05-07 00:42:31 [ERROR]: Redis error: {"code":"ECONNREFUSED"}
AggregateError [ECONNREFUSED]: 
    at internalConnectMultiple (node:net:1139:18)
    at afterConnectMultiple (node:net:1712:7)
2026-05-07 00:42:32 [ERROR]: Redis error: {"code":"ECONNREFUSED"}
AggregateError [ECONNREFUSED]: 
    at internalConnectMultiple (node:net:1139:18)
    at afterConnectMultiple (node:net:1712:7)
2026-05-07 00:42:32 [ERROR]: Redis error: {"code":"ECONNREFUSED"}
AggregateError [ECONNREFUSED]: 
    at internalConnectMultiple (node:net:1139:18)
    at afterConnectMultiple (node:net:1712:7)
2026-05-07 00:42:33 [ERROR]: Redis error: {"code":"ECONNREFUSED"}
AggregateError [ECONNREFUSED]: 
    at internalConnectMultiple (node:net:1139:18)
    at afterConnectMultiple (node:net:1712:7)
2026-05-07 00:42:33 [ERROR]: Redis error: {"code":"ECONNREFUSED"}
AggregateError [ECONNREFUSED]: 
    at internalConnectMultiple (node:net:1139:18)
    at afterConnectMultiple (node:net:1712:7)
2026-05-07 00:42:34 [ERROR]: Redis error: {"code":"ECONNREFUSED"}
AggregateError [ECONNREFUSED]: 
    at internalConnectMultiple (node:net:1139:18)
    at afterConnectMultiple (node:net:1712:7)
2026-05-07 00:42:35 [ERROR]: Redis error: {"code":"ECONNREFUSED"}
AggregateError [ECONNREFUSED]: 
    at internalConnectMultiple (node:net:1139:18)
    at afterConnectMultiple (node:net:1712:7)
2026-05-07 00:42:35 [ERROR]: Redis error: {"code":"ECONNREFUSED"}
AggregateError [ECONNREFUSED]: 
    at internalConnectMultiple (node:net:1139:18)
    at afterConnectMultiple (node:net:1712:7)
2026-05-07 00:42:36 [ERROR]: Redis error: {"code":"ECONNREFUSED"}
AggregateError [ECONNREFUSED]: 
    at internalConnectMultiple (node:net:1139:18)
    at afterConnectMultiple (node:net:1712:7)
2026-05-07 00:42:36 [ERROR]: Redis error: {"code":"ECONNREFUSED"}
AggregateError [ECONNREFUSED]: 
    at internalConnectMultiple (node:net:1139:18)
    at afterConnectMultiple (node:net:1712:7)
2026-05-07 00:42:37 [ERROR]: Redis error: {"code":"ECONNREFUSED"}
AggregateError [ECONNREFUSED]: 
    at internalConnectMultiple (node:net:1139:18)
    at afterConnectMultiple (node:net:1712:7)
2026-05-07 00:42:37 [ERROR]: Redis error: {"code":"ECONNREFUSED"}
AggregateError [ECONNREFUSED]: 
    at internalConnectMultiple (node:net:1139:18)
    at afterConnectMultiple (node:net:1712:7)
2026-05-07 00:42:38 [ERROR]: Redis error: {"code":"ECONNREFUSED"}
AggregateError [ECONNREFUSED]: 
    at internalConnectMultiple (node:net:1139:18)
    at afterConnectMultiple (node:net:1712:7)
2026-05-07 00:42:38 [ERROR]: Redis error: {"code":"ECONNREFUSED"}
AggregateError [ECONNREFUSED]: 
    at internalConnectMultiple (node:net:1139:18)
    at afterConnectMultiple (node:net:1712:7)
2026-05-07 00:42:39 [ERROR]: Redis error: {"code":"ECONNREFUSED"}
AggregateError [ECONNREFUSED]: 
    at internalConnectMultiple (node:net:1139:18)
    at afterConnectMultiple (node:net:1712:7)
2026-05-07 00:42:39 [ERROR]: Redis error: {"code":"ECONNREFUSED"}
AggregateError [ECONNREFUSED]: 
    at internalConnectMultiple (node:net:1139:18)
    at afterConnectMultiple (node:net:1712:7)
2026-05-07 00:42:40 [ERROR]: Redis error: {"code":"ECONNREFUSED"}
AggregateError [ECONNREFUSED]: 
    at internalConnectMultiple (node:net:1139:18)
    at afterConnectMultiple (node:net:1712:7)
2026-05-07 00:42:40 [ERROR]: Redis error: {"code":"ECONNREFUSED"}
AggregateError [ECONNREFUSED]: 
    at internalConnectMultiple (node:net:1139:18)
    at afterConnectMultiple (node:net:1712:7)
2026-05-07 00:42:41 [ERROR]: Redis error: {"code":"ECONNREFUSED"}
AggregateError [ECONNREFUSED]: 
    at internalConnectMultiple (node:net:1139:18)
    at afterConnectMultiple (node:net:1712:7)
2026-05-07 00:42:41 [ERROR]: Redis error: {"code":"ECONNREFUSED"}
AggregateError [ECONNREFUSED]: 
    at internalConnectMultiple (node:net:1139:18)
    at afterConnectMultiple (node:net:1712:7)
2026-05-07 00:42:42 [ERROR]: Redis error: {"code":"ECONNREFUSED"}
AggregateError [ECONNREFUSED]: 
    at internalConnectMultiple (node:net:1139:18)
    at afterConnectMultiple (node:net:1712:7)
2026-05-07 00:42:42 [ERROR]: Redis error: {"code":"ECONNREFUSED"}
AggregateError [ECONNREFUSED]: 
    at internalConnectMultiple (node:net:1139:18)
    at afterConnectMultiple (node:net:1712:7)
2026-05-07 00:42:43 [ERROR]: Redis error: {"code":"ECONNREFUSED"}
AggregateError [ECONNREFUSED]: 
    at internalConnectMultiple (node:net:1139:18)
    at afterConnectMultiple (node:net:1712:7)
2026-05-07 00:42:43 [ERROR]: Redis error: {"code":"ECONNREFUSED"}
AggregateError [ECONNREFUSED]: 
    at internalConnectMultiple (node:net:1139:18)
    at afterConnectMultiple (node:net:1712:7)
2026-05-07 00:42:44 [ERROR]: Redis error: {"code":"ECONNREFUSED"}
AggregateError [ECONNREFUSED]: 
    at internalConnectMultiple (node:net:1139:18)
    at afterConnectMultiple (node:net:1712:7)
2026-05-07 00:42:44 [ERROR]: Redis error: {"code":"ECONNREFUSED"}
AggregateError [ECONNREFUSED]: 
    at internalConnectMultiple (node:net:1139:18)
    at afterConnectMultiple (node:net:1712:7)
2026-05-07 00:42:45 [ERROR]: Redis error: {"code":"ECONNREFUSED"}
AggregateError [ECONNREFUSED]: 
    at internalConnectMultiple (node:net:1139:18)
    at afterConnectMultiple (node:net:1712:7)
2026-05-07 00:42:45 [ERROR]: Redis error: {"code":"ECONNREFUSED"}
AggregateError [ECONNREFUSED]: 
    at internalConnectMultiple (node:net:1139:18)
    at afterConnectMultiple (node:net:1712:7)
2026-05-07 00:42:46 [ERROR]: Redis error: {"code":"ECONNREFUSED"}
AggregateError [ECONNREFUSED]: 
    at internalConnectMultiple (node:net:1139:18)
    at afterConnectMultiple (node:net:1712:7)
2026-05-07 00:42:46 [ERROR]: Redis error: {"code":"ECONNREFUSED"}
AggregateError [ECONNREFUSED]: 
    at internalConnectMultiple (node:net:1139:18)
    at afterConnectMultiple (node:net:1712:7)
2026-05-07 00:42:47 [ERROR]: Redis error: {"code":"ECONNREFUSED"}
AggregateError [ECONNREFUSED]: 
    at internalConnectMultiple (node:net:1139:18)
    at afterConnectMultiple (node:net:1712:7)
2026-05-07 00:42:47 [ERROR]: Redis error: {"code":"ECONNREFUSED"}
AggregateError [ECONNREFUSED]: 
    at internalConnectMultiple (node:net:1139:18)
    at afterConnectMultiple (node:net:1712:7)
2026-05-07 00:42:48 [ERROR]: Redis error: {"code":"ECONNREFUSED"}
AggregateError [ECONNREFUSED]: 
    at internalConnectMultiple (node:net:1139:18)
    at afterConnectMultiple (node:net:1712:7)
2026-05-07 00:42:48 [ERROR]: Redis error: {"code":"ECONNREFUSED"}
AggregateError [ECONNREFUSED]: 
    at internalConnectMultiple (node:net:1139:18)
    at afterConnectMultiple (node:net:1712:7)
2026-05-07 00:42:49 [ERROR]: Redis error: {"code":"ECONNREFUSED"}
AggregateError [ECONNREFUSED]: 
    at internalConnectMultiple (node:net:1139:18)
    at afterConnectMultiple (node:net:1712:7)
2026-05-07 00:42:49 [ERROR]: Redis error: {"code":"ECONNREFUSED"}
AggregateError [ECONNREFUSED]: 
    at internalConnectMultiple (node:net:1139:18)
    at afterConnectMultiple (node:net:1712:7)
2026-05-07 00:42:50 [ERROR]: Redis error: {"code":"ECONNREFUSED"}
AggregateError [ECONNREFUSED]: 
    at internalConnectMultiple (node:net:1139:18)
    at afterConnectMultiple (node:net:1712:7)
2026-05-07 00:42:50 [ERROR]: Redis error: {"code":"ECONNREFUSED"}
AggregateError [ECONNREFUSED]: 
    at internalConnectMultiple (node:net:1139:18)
    at afterConnectMultiple (node:net:1712:7)
2026-05-07 00:42:51 [ERROR]: Redis error: {"code":"ECONNREFUSED"}
AggregateError [ECONNREFUSED]: 
    at internalConnectMultiple (node:net:1139:18)
    at afterConnectMultiple (node:net:1712:7)
2026-05-07 00:42:51 [ERROR]: Redis error: {"code":"ECONNREFUSED"}
AggregateError [ECONNREFUSED]: 
    at internalConnectMultiple (node:net:1139:18)
    at afterConnectMultiple (node:net:1712:7)
2026-05-07 00:42:52 [ERROR]: Redis error: {"code":"ECONNREFUSED"}
AggregateError [ECONNREFUSED]: 
    at internalConnectMultiple (node:net:1139:18)
    at afterConnectMultiple (node:net:1712:7)
2026-05-07 00:42:52 [ERROR]: Redis error: {"code":"ECONNREFUSED"}
AggregateError [ECONNREFUSED]: 
    at internalConnectMultiple (node:net:1139:18)
    at afterConnectMultiple (node:net:1712:7)
2026-05-07 00:42:53 [ERROR]: Redis error: {"code":"ECONNREFUSED"}
AggregateError [ECONNREFUSED]: 
    at internalConnectMultiple (node:net:1139:18)
    at afterConnectMultiple (node:net:1712:7)
2026-05-07 00:42:54 [ERROR]: Redis error: {"code":"ECONNREFUSED"}
AggregateError [ECONNREFUSED]: 
    at internalConnectMultiple (node:net:1139:18)
    at afterConnectMultiple (node:net:1712:7)
2026-05-07 00:42:54 [ERROR]: Redis error: {"code":"ECONNREFUSED"}
AggregateError [ECONNREFUSED]: 
    at internalConnectMultiple (node:net:1139:18)
    at afterConnectMultiple (node:net:1712:7)
2026-05-07 00:42:55 [ERROR]: Redis error: {"code":"ECONNREFUSED"}
AggregateError [ECONNREFUSED]: 
    at internalConnectMultiple (node:net:1139:18)
    at afterConnectMultiple (node:net:1712:7)
2026-05-07 00:42:55 [ERROR]: Redis error: {"code":"ECONNREFUSED"}
AggregateError [ECONNREFUSED]: 
    at internalConnectMultiple (node:net:1139:18)
    at afterConnectMultiple (node:net:1712:7)
2026-05-07 00:42:56 [ERROR]: Redis error: {"code":"ECONNREFUSED"}
AggregateError [ECONNREFUSED]: 
    at internalConnectMultiple (node:net:1139:18)
    at afterConnectMultiple (node:net:1712:7)
2026-05-07 00:42:56 [ERROR]: Redis error: {"code":"ECONNREFUSED"}
AggregateError [ECONNREFUSED]: 
    at internalConnectMultiple (node:net:1139:18)
    at afterConnectMultiple (node:net:1712:7)
2026-05-07 00:42:57 [ERROR]: Redis error: {"code":"ECONNREFUSED"}
AggregateError [ECONNREFUSED]: 
    at internalConnectMultiple (node:net:1139:18)
    at afterConnectMultiple (node:net:1712:7)
2026-05-07 00:42:57 [ERROR]: Redis error: {"code":"ECONNREFUSED"}
AggregateError [ECONNREFUSED]: 
    at internalConnectMultiple (node:net:1139:18)
    at afterConnectMultiple (node:net:1712:7)
2026-05-07 00:42:58 [ERROR]: Redis error: {"code":"ECONNREFUSED"}
AggregateError [ECONNREFUSED]: 
    at internalConnectMultiple (node:net:1139:18)
    at afterConnectMultiple (node:net:1712:7)
2026-05-07 00:42:58 [ERROR]: Redis error: {"code":"ECONNREFUSED"}
AggregateError [ECONNREFUSED]: 
    at internalConnectMultiple (node:net:1139:18)
    at afterConnectMultiple (node:net:1712:7)
2026-05-07 00:42:59 [ERROR]: Redis error: {"code":"ECONNREFUSED"}
AggregateError [ECONNREFUSED]: 
    at internalConnectMultiple (node:net:1139:18)
    at afterConnectMultiple (node:net:1712:7)
2026-05-07 00:42:59 [ERROR]: Redis error: {"code":"ECONNREFUSED"}
AggregateError [ECONNREFUSED]: 
    at internalConnectMultiple (node:net:1139:18)
    at afterConnectMultiple (node:net:1712:7)
2026-05-07 00:43:00 [ERROR]: Redis error: {"code":"ECONNREFUSED"}
AggregateError [ECONNREFUSED]: 
    at internalConnectMultiple (node:net:1139:18)
    at afterConnectMultiple (node:net:1712:7)
2026-05-07 00:43:00 [ERROR]: Redis error: {"code":"ECONNREFUSED"}
AggregateError [ECONNREFUSED]: 
    at internalConnectMultiple (node:net:1139:18)
    at afterConnectMultiple (node:net:1712:7)
2026-05-07 00:43:01 [ERROR]: Redis error: {"code":"ECONNREFUSED"}
AggregateError [ECONNREFUSED]: 
    at internalConnectMultiple (node:net:1139:18)
    at afterConnectMultiple (node:net:1712:7)
2026-05-07 00:43:01 [ERROR]: Redis error: {"code":"ECONNREFUSED"}
AggregateError [ECONNREFUSED]: 
    at internalConnectMultiple (node:net:1139:18)
    at afterConnectMultiple (node:net:1712:7)
2026-05-07 00:43:02 [ERROR]: Redis error: {"code":"ECONNREFUSED"}
AggregateError [ECONNREFUSED]: 
    at internalConnectMultiple (node:net:1139:18)
    at afterConnectMultiple (node:net:1712:7)
2026-05-07 00:43:02 [ERROR]: Redis error: {"code":"ECONNREFUSED"}
AggregateError [ECONNREFUSED]: 
    at internalConnectMultiple (node:net:1139:18)
    at afterConnectMultiple (node:net:1712:7)
2026-05-07 00:43:03 [ERROR]: Redis error: {"code":"ECONNREFUSED"}
AggregateError [ECONNREFUSED]: 
    at internalConnectMultiple (node:net:1139:18)
    at afterConnectMultiple (node:net:1712:7)
2026-05-07 00:43:03 [ERROR]: Redis error: {"code":"ECONNREFUSED"}
AggregateError [ECONNREFUSED]: 
    at internalConnectMultiple (node:net:1139:18)
    at afterConnectMultiple (node:net:1712:7)
2026-05-07 00:43:04 [ERROR]: Redis error: {"code":"ECONNREFUSED"}
AggregateError [ECONNREFUSED]: 
    at internalConnectMultiple (node:net:1139:18)
    at afterConnectMultiple (node:net:1712:7)
2026-05-07 00:43:04 [ERROR]: Redis error: {"code":"ECONNREFUSED"}
AggregateError [ECONNREFUSED]: 
    at internalConnectMultiple (node:net:1139:18)
    at afterConnectMultiple (node:net:1712:7)
2026-05-07 00:43:05 [ERROR]: Redis error: {"code":"ECONNREFUSED"}
AggregateError [ECONNREFUSED]: 
    at internalConnectMultiple (node:net:1139:18)
    at afterConnectMultiple (node:net:1712:7)
2026-05-07 00:43:05 [ERROR]: Redis error: {"code":"ECONNREFUSED"}
AggregateError [ECONNREFUSED]: 
    at internalConnectMultiple (node:net:1139:18)
    at afterConnectMultiple (node:net:1712:7)
2026-05-07 00:43:06 [ERROR]: Redis error: {"code":"ECONNREFUSED"}
AggregateError [ECONNREFUSED]: 
    at internalConnectMultiple (node:net:1139:18)
    at afterConnectMultiple (node:net:1712:7)
2026-05-07 00:43:06 [ERROR]: Redis error: {"code":"ECONNREFUSED"}
AggregateError [ECONNREFUSED]: 
    at internalConnectMultiple (node:net:1139:18)
    at afterConnectMultiple (node:net:1712:7)
2026-05-07 00:43:07 [ERROR]: Redis error: {"code":"ECONNREFUSED"}
AggregateError [ECONNREFUSED]: 
    at internalConnectMultiple (node:net:1139:18)
    at afterConnectMultiple (node:net:1712:7)
2026-05-07 00:43:07 [ERROR]: Redis error: {"code":"ECONNREFUSED"}
AggregateError [ECONNREFUSED]: 
    at internalConnectMultiple (node:net:1139:18)
    at afterConnectMultiple (node:net:1712:7)
2026-05-07 00:43:08 [ERROR]: Redis error: {"code":"ECONNREFUSED"}
AggregateError [ECONNREFUSED]: 
    at internalConnectMultiple (node:net:1139:18)
    at afterConnectMultiple (node:net:1712:7)
2026-05-07 00:43:08 [ERROR]: Redis error: {"code":"ECONNREFUSED"}
AggregateError [ECONNREFUSED]: 
    at internalConnectMultiple (node:net:1139:18)
    at afterConnectMultiple (node:net:1712:7)
2026-05-07 00:43:09 [ERROR]: Redis error: {"code":"ECONNREFUSED"}
AggregateError [ECONNREFUSED]: 
    at internalConnectMultiple (node:net:1139:18)
    at afterConnectMultiple (node:net:1712:7)
2026-05-07 00:43:09 [ERROR]: Redis error: {"code":"ECONNREFUSED"}
AggregateError [ECONNREFUSED]: 
    at internalConnectMultiple (node:net:1139:18)
    at afterConnectMultiple (node:net:1712:7)
2026-05-07 00:43:10 [ERROR]: Redis error: {"code":"ECONNREFUSED"}
AggregateError [ECONNREFUSED]: 
    at internalConnectMultiple (node:net:1139:18)
    at afterConnectMultiple (node:net:1712:7)
2026-05-07 00:43:10 [ERROR]: Redis error: {"code":"ECONNREFUSED"}
AggregateError [ECONNREFUSED]: 
    at internalConnectMultiple (node:net:1139:18)
    at afterConnectMultiple (node:net:1712:7)
2026-05-07 00:43:11 [ERROR]: Redis error: {"code":"ECONNREFUSED"}
AggregateError [ECONNREFUSED]: 
    at internalConnectMultiple (node:net:1139:18)
    at afterConnectMultiple (node:net:1712:7)
2026-05-07 00:43:11 [ERROR]: Redis error: {"code":"ECONNREFUSED"}
AggregateError [ECONNREFUSED]: 
    at internalConnectMultiple (node:net:1139:18)
    at afterConnectMultiple (node:net:1712:7)
2026-05-07 00:43:12 [ERROR]: Redis error: {"code":"ECONNREFUSED"}
AggregateError [ECONNREFUSED]: 
    at internalConnectMultiple (node:net:1139:18)
    at afterConnectMultiple (node:net:1712:7)
2026-05-07 00:43:13 [ERROR]: Redis error: {"code":"ECONNREFUSED"}
AggregateError [ECONNREFUSED]: 
    at internalConnectMultiple (node:net:1139:18)
    at afterConnectMultiple (node:net:1712:7)
2026-05-07 00:43:13 [ERROR]: Redis error: {"code":"ECONNREFUSED"}
AggregateError [ECONNREFUSED]: 
    at internalConnectMultiple (node:net:1139:18)
    at afterConnectMultiple (node:net:1712:7)
2026-05-07 00:43:14 [ERROR]: Redis error: {"code":"ECONNREFUSED"}
AggregateError [ECONNREFUSED]: 
    at internalConnectMultiple (node:net:1139:18)
    at afterConnectMultiple (node:net:1712:7)
2026-05-07 00:43:14 [ERROR]: Redis error: {"code":"ECONNREFUSED"}
AggregateError [ECONNREFUSED]: 
    at internalConnectMultiple (node:net:1139:18)
    at afterConnectMultiple (node:net:1712:7)
2026-05-07 00:43:15 [ERROR]: Redis error: {"code":"ECONNREFUSED"}
AggregateError [ECONNREFUSED]: 
    at internalConnectMultiple (node:net:1139:18)
    at afterConnectMultiple (node:net:1712:7)
2026-05-07 00:43:15 [ERROR]: Redis error: {"code":"ECONNREFUSED"}
AggregateError [ECONNREFUSED]: 
    at internalConnectMultiple (node:net:1139:18)
    at afterConnectMultiple (node:net:1712:7)
2026-05-07 00:43:16 [ERROR]: Redis error: {"code":"ECONNREFUSED"}
AggregateError [ECONNREFUSED]: 
    at internalConnectMultiple (node:net:1139:18)
    at afterConnectMultiple (node:net:1712:7)
2026-05-07 00:43:16 [ERROR]: Redis error: {"code":"ECONNREFUSED"}
AggregateError [ECONNREFUSED]: 
    at internalConnectMultiple (node:net:1139:18)
    at afterConnectMultiple (node:net:1712:7)
2026-05-07 00:43:17 [ERROR]: Redis error: {"code":"ECONNREFUSED"}
AggregateError [ECONNREFUSED]: 
    at internalConnectMultiple (node:net:1139:18)
    at afterConnectMultiple (node:net:1712:7)
2026-05-07 00:43:17 [ERROR]: Redis error: {"code":"ECONNREFUSED"}
AggregateError [ECONNREFUSED]: 
    at internalConnectMultiple (node:net:1139:18)
    at afterConnectMultiple (node:net:1712:7)
2026-05-07 00:43:18 [ERROR]: Redis error: {"code":"ECONNREFUSED"}
AggregateError [ECONNREFUSED]: 
    at internalConnectMultiple (node:net:1139:18)
    at afterConnectMultiple (node:net:1712:7)
2026-05-07 00:43:18 [ERROR]: Redis error: {"code":"ECONNREFUSED"}
AggregateError [ECONNREFUSED]: 
    at internalConnectMultiple (node:net:1139:18)
    at afterConnectMultiple (node:net:1712:7)
2026-05-07 00:43:19 [ERROR]: Redis error: {"code":"ECONNREFUSED"}
AggregateError [ECONNREFUSED]: 
    at internalConnectMultiple (node:net:1139:18)
    at afterConnectMultiple (node:net:1712:7)
2026-05-07 00:43:19 [ERROR]: Redis error: {"code":"ECONNREFUSED"}
AggregateError [ECONNREFUSED]: 
    at internalConnectMultiple (node:net:1139:18)
    at afterConnectMultiple (node:net:1712:7)
2026-05-07 00:43:20 [ERROR]: Redis error: {"code":"ECONNREFUSED"}
AggregateError [ECONNREFUSED]: 
    at internalConnectMultiple (node:net:1139:18)
    at afterConnectMultiple (node:net:1712:7)
2026-05-07 00:43:20 [ERROR]: Redis error: {"code":"ECONNREFUSED"}
AggregateError [ECONNREFUSED]: 
    at internalConnectMultiple (node:net:1139:18)
    at afterConnectMultiple (node:net:1712:7)
2026-05-07 00:43:21 [ERROR]: Redis error: {"code":"ECONNREFUSED"}
AggregateError [ECONNREFUSED]: 
    at internalConnectMultiple (node:net:1139:18)
    at afterConnectMultiple (node:net:1712:7)
2026-05-07 00:43:21 [ERROR]: Redis error: {"code":"ECONNREFUSED"}
AggregateError [ECONNREFUSED]: 
    at internalConnectMultiple (node:net:1139:18)
    at afterConnectMultiple (node:net:1712:7)
2026-05-07 00:43:22 [ERROR]: Redis error: {"code":"ECONNREFUSED"}
AggregateError [ECONNREFUSED]: 
    at internalConnectMultiple (node:net:1139:18)
    at afterConnectMultiple (node:net:1712:7)
2026-05-07 00:43:22 [ERROR]: Redis error: {"code":"ECONNREFUSED"}
AggregateError [ECONNREFUSED]: 
    at internalConnectMultiple (node:net:1139:18)
    at afterConnectMultiple (node:net:1712:7)
2026-05-07 00:43:23 [ERROR]: Redis error: {"code":"ECONNREFUSED"}
AggregateError [ECONNREFUSED]: 
    at internalConnectMultiple (node:net:1139:18)
    at afterConnectMultiple (node:net:1712:7)
2026-05-07 00:43:23 [ERROR]: Redis error: {"code":"ECONNREFUSED"}
AggregateError [ECONNREFUSED]: 
    at internalConnectMultiple (node:net:1139:18)
    at afterConnectMultiple (node:net:1712:7)
2026-05-07 00:43:24 [ERROR]: Redis error: {"code":"ECONNREFUSED"}
AggregateError [ECONNREFUSED]: 
    at internalConnectMultiple (node:net:1139:18)
    at afterConnectMultiple (node:net:1712:7)
2026-05-07 00:43:24 [ERROR]: Redis error: {"code":"ECONNREFUSED"}
AggregateError [ECONNREFUSED]: 
    at internalConnectMultiple (node:net:1139:18)
    at afterConnectMultiple (node:net:1712:7)
2026-05-07 00:43:25 [ERROR]: Redis error: {"code":"ECONNREFUSED"}
AggregateError [ECONNREFUSED]: 
    at internalConnectMultiple (node:net:1139:18)
    at afterConnectMultiple (node:net:1712:7)
2026-05-07 00:43:25 [ERROR]: Redis error: {"code":"ECONNREFUSED"}
AggregateError [ECONNREFUSED]: 
    at internalConnectMultiple (node:net:1139:18)
    at afterConnectMultiple (node:net:1712:7)
2026-05-07 00:43:26 [ERROR]: Redis error: {"code":"ECONNREFUSED"}
AggregateError [ECONNREFUSED]: 
    at internalConnectMultiple (node:net:1139:18)
    at afterConnectMultiple (node:net:1712:7)
2026-05-07 00:43:26 [ERROR]: Redis error: {"code":"ECONNREFUSED"}
AggregateError [ECONNREFUSED]: 
    at internalConnectMultiple (node:net:1139:18)
    at afterConnectMultiple (node:net:1712:7)
2026-05-07 00:43:27 [ERROR]: Redis error: {"code":"ECONNREFUSED"}
AggregateError [ECONNREFUSED]: 
    at internalConnectMultiple (node:net:1139:18)
    at afterConnectMultiple (node:net:1712:7)
2026-05-07 00:43:27 [ERROR]: Redis error: {"code":"ECONNREFUSED"}
AggregateError [ECONNREFUSED]: 
    at internalConnectMultiple (node:net:1139:18)
    at afterConnectMultiple (node:net:1712:7)
2026-05-07 00:43:28 [ERROR]: Redis error: {"code":"ECONNREFUSED"}
AggregateError [ECONNREFUSED]: 
    at internalConnectMultiple (node:net:1139:18)
    at afterConnectMultiple (node:net:1712:7)
2026-05-07 00:43:28 [ERROR]: Redis error: {"code":"ECONNREFUSED"}
AggregateError [ECONNREFUSED]: 
    at internalConnectMultiple (node:net:1139:18)
    at afterConnectMultiple (node:net:1712:7)
2026-05-07 00:43:29 [ERROR]: Redis error: {"code":"ECONNREFUSED"}
AggregateError [ECONNREFUSED]: 
    at internalConnectMultiple (node:net:1139:18)
    at afterConnectMultiple (node:net:1712:7)
2026-05-07 00:43:30 [ERROR]: Redis error: {"code":"ECONNREFUSED"}
AggregateError [ECONNREFUSED]: 
    at internalConnectMultiple (node:net:1139:18)
    at afterConnectMultiple (node:net:1712:7)
2026-05-07 00:43:30 [ERROR]: Redis error: {"code":"ECONNREFUSED"}
AggregateError [ECONNREFUSED]: 
    at internalConnectMultiple (node:net:1139:18)
    at afterConnectMultiple (node:net:1712:7)
2026-05-07 00:43:31 [ERROR]: Redis error: {"code":"ECONNREFUSED"}
AggregateError [ECONNREFUSED]: 
    at internalConnectMultiple (node:net:1139:18)
    at afterConnectMultiple (node:net:1712:7)
2026-05-07 00:43:31 [ERROR]: Redis error: {"code":"ECONNREFUSED"}
AggregateError [ECONNREFUSED]: 
    at internalConnectMultiple (node:net:1139:18)
    at afterConnectMultiple (node:net:1712:7)
2026-05-07 00:43:32 [ERROR]: Redis error: {"code":"ECONNREFUSED"}
AggregateError [ECONNREFUSED]: 
    at internalConnectMultiple (node:net:1139:18)
    at afterConnectMultiple (node:net:1712:7)
2026-05-07 00:43:32 [ERROR]: Redis error: {"code":"ECONNREFUSED"}
AggregateError [ECONNREFUSED]: 
    at internalConnectMultiple (node:net:1139:18)
    at afterConnectMultiple (node:net:1712:7)
2026-05-07 00:43:33 [ERROR]: Redis error: {"code":"ECONNREFUSED"}
AggregateError [ECONNREFUSED]: 
    at internalConnectMultiple (node:net:1139:18)
    at afterConnectMultiple (node:net:1712:7)
2026-05-07 00:43:33 [ERROR]: Redis error: {"code":"ECONNREFUSED"}
AggregateError [ECONNREFUSED]: 
    at internalConnectMultiple (node:net:1139:18)
    at afterConnectMultiple (node:net:1712:7)
2026-05-07 00:43:34 [ERROR]: Redis error: {"code":"ECONNREFUSED"}
AggregateError [ECONNREFUSED]: 
    at internalConnectMultiple (node:net:1139:18)
    at afterConnectMultiple (node:net:1712:7)
2026-05-07 00:43:34 [ERROR]: Redis error: {"code":"ECONNREFUSED"}
AggregateError [ECONNREFUSED]: 
    at internalConnectMultiple (node:net:1139:18)
    at afterConnectMultiple (node:net:1712:7)
2026-05-07 00:43:35 [ERROR]: Redis error: {"code":"ECONNREFUSED"}
AggregateError [ECONNREFUSED]: 
    at internalConnectMultiple (node:net:1139:18)
    at afterConnectMultiple (node:net:1712:7)
2026-05-07 00:43:35 [ERROR]: Redis error: {"code":"ECONNREFUSED"}
AggregateError [ECONNREFUSED]: 
    at internalConnectMultiple (node:net:1139:18)
    at afterConnectMultiple (node:net:1712:7)
2026-05-07 00:43:36 [ERROR]: Redis error: {"code":"ECONNREFUSED"}
AggregateError [ECONNREFUSED]: 
    at internalConnectMultiple (node:net:1139:18)
    at afterConnectMultiple (node:net:1712:7)
2026-05-07 00:43:36 [ERROR]: Redis error: {"code":"ECONNREFUSED"}
AggregateError [ECONNREFUSED]: 
    at internalConnectMultiple (node:net:1139:18)
    at afterConnectMultiple (node:net:1712:7)
2026-05-07 00:43:37 [ERROR]: Redis error: {"code":"ECONNREFUSED"}
AggregateError [ECONNREFUSED]: 
    at internalConnectMultiple (node:net:1139:18)
    at afterConnectMultiple (node:net:1712:7)
2026-05-07 00:43:37 [ERROR]: Redis error: {"code":"ECONNREFUSED"}
AggregateError [ECONNREFUSED]: 
    at internalConnectMultiple (node:net:1139:18)
    at afterConnectMultiple (node:net:1712:7)
2026-05-07 00:43:38 [ERROR]: Redis error: {"code":"ECONNREFUSED"}
AggregateError [ECONNREFUSED]: 
    at internalConnectMultiple (node:net:1139:18)
    at afterConnectMultiple (node:net:1712:7)
2026-05-07 00:43:38 [ERROR]: Redis error: {"code":"ECONNREFUSED"}
AggregateError [ECONNREFUSED]: 
    at internalConnectMultiple (node:net:1139:18)
    at afterConnectMultiple (node:net:1712:7)
2026-05-07 00:43:39 [ERROR]: Redis error: {"code":"ECONNREFUSED"}
AggregateError [ECONNREFUSED]: 
    at internalConnectMultiple (node:net:1139:18)
    at afterConnectMultiple (node:net:1712:7)
2026-05-07 00:43:39 [ERROR]: Redis error: {"code":"ECONNREFUSED"}
AggregateError [ECONNREFUSED]: 
    at internalConnectMultiple (node:net:1139:18)
    at afterConnectMultiple (node:net:1712:7)
2026-05-07 00:43:40 [ERROR]: Redis error: {"code":"ECONNREFUSED"}
AggregateError [ECONNREFUSED]: 
    at internalConnectMultiple (node:net:1139:18)
    at afterConnectMultiple (node:net:1712:7)
2026-05-07 00:43:40 [ERROR]: Redis error: {"code":"ECONNREFUSED"}
AggregateError [ECONNREFUSED]: 
    at internalConnectMultiple (node:net:1139:18)
    at afterConnectMultiple (node:net:1712:7)
2026-05-07 00:43:41 [ERROR]: Redis error: {"code":"ECONNREFUSED"}
AggregateError [ECONNREFUSED]: 
    at internalConnectMultiple (node:net:1139:18)
    at afterConnectMultiple (node:net:1712:7)
2026-05-07 00:43:41 [ERROR]: Redis error: {"code":"ECONNREFUSED"}
AggregateError [ECONNREFUSED]: 
    at internalConnectMultiple (node:net:1139:18)
    at afterConnectMultiple (node:net:1712:7)
2026-05-07 00:43:42 [ERROR]: Redis error: {"code":"ECONNREFUSED"}
AggregateError [ECONNREFUSED]: 
    at internalConnectMultiple (node:net:1139:18)
    at afterConnectMultiple (node:net:1712:7)
2026-05-07 00:43:42 [ERROR]: Redis error: {"code":"ECONNREFUSED"}
AggregateError [ECONNREFUSED]: 
    at internalConnectMultiple (node:net:1139:18)
    at afterConnectMultiple (node:net:1712:7)
2026-05-07 00:43:43 [ERROR]: Redis error: {"code":"ECONNREFUSED"}
AggregateError [ECONNREFUSED]: 
    at internalConnectMultiple (node:net:1139:18)
    at afterConnectMultiple (node:net:1712:7)
2026-05-07 00:43:43 [ERROR]: Redis error: {"code":"ECONNREFUSED"}
AggregateError [ECONNREFUSED]: 
    at internalConnectMultiple (node:net:1139:18)
    at afterConnectMultiple (node:net:1712:7)
2026-05-07 00:43:44 [ERROR]: Redis error: {"code":"ECONNREFUSED"}
AggregateError [ECONNREFUSED]: 
    at internalConnectMultiple (node:net:1139:18)
    at afterConnectMultiple (node:net:1712:7)
2026-05-07 00:43:44 [ERROR]: Redis error: {"code":"ECONNREFUSED"}
AggregateError [ECONNREFUSED]: 
    at internalConnectMultiple (node:net:1139:18)
    at afterConnectMultiple (node:net:1712:7)
2026-05-07 00:43:45 [ERROR]: Redis error: {"code":"ECONNREFUSED"}
AggregateError [ECONNREFUSED]: 
    at internalConnectMultiple (node:net:1139:18)
    at afterConnectMultiple (node:net:1712:7)
2026-05-07 00:43:45 [ERROR]: Redis error: {"code":"ECONNREFUSED"}
AggregateError [ECONNREFUSED]: 
    at internalConnectMultiple (node:net:1139:18)
    at afterConnectMultiple (node:net:1712:7)
2026-05-07 00:43:46 [ERROR]: Redis error: {"code":"ECONNREFUSED"}
AggregateError [ECONNREFUSED]: 
    at internalConnectMultiple (node:net:1139:18)
    at afterConnectMultiple (node:net:1712:7)
2026-05-07 00:43:46 [ERROR]: Redis error: {"code":"ECONNREFUSED"}
AggregateError [ECONNREFUSED]: 
    at internalConnectMultiple (node:net:1139:18)
    at afterConnectMultiple (node:net:1712:7)
2026-05-07 00:43:47 [ERROR]: Redis error: {"code":"ECONNREFUSED"}
AggregateError [ECONNREFUSED]: 
    at internalConnectMultiple (node:net:1139:18)
    at afterConnectMultiple (node:net:1712:7)
2026-05-07 00:43:48 [ERROR]: Redis error: {"code":"ECONNREFUSED"}
AggregateError [ECONNREFUSED]: 
    at internalConnectMultiple (node:net:1139:18)
    at afterConnectMultiple (node:net:1712:7)
2026-05-07 00:43:48 [ERROR]: Redis error: {"code":"ECONNREFUSED"}
AggregateError [ECONNREFUSED]: 
    at internalConnectMultiple (node:net:1139:18)
    at afterConnectMultiple (node:net:1712:7)
2026-05-07 00:43:49 [ERROR]: Redis error: {"code":"ECONNREFUSED"}
AggregateError [ECONNREFUSED]: 
    at internalConnectMultiple (node:net:1139:18)
    at afterConnectMultiple (node:net:1712:7)
2026-05-07 00:43:49 [ERROR]: Redis error: {"code":"ECONNREFUSED"}
AggregateError [ECONNREFUSED]: 
    at internalConnectMultiple (node:net:1139:18)
    at afterConnectMultiple (node:net:1712:7)
2026-05-07 00:43:50 [ERROR]: Redis error: {"code":"ECONNREFUSED"}
AggregateError [ECONNREFUSED]: 
    at internalConnectMultiple (node:net:1139:18)
    at afterConnectMultiple (node:net:1712:7)
2026-05-07 00:43:50 [ERROR]: Redis error: {"code":"ECONNREFUSED"}
AggregateError [ECONNREFUSED]: 
    at internalConnectMultiple (node:net:1139:18)
    at afterConnectMultiple (node:net:1712:7)
2026-05-07 00:43:51 [ERROR]: Redis error: {"code":"ECONNREFUSED"}
AggregateError [ECONNREFUSED]: 
    at internalConnectMultiple (node:net:1139:18)
    at afterConnectMultiple (node:net:1712:7)
2026-05-07 00:43:51 [ERROR]: Redis error: {"code":"ECONNREFUSED"}
AggregateError [ECONNREFUSED]: 
    at internalConnectMultiple (node:net:1139:18)
    at afterConnectMultiple (node:net:1712:7)
2026-05-07 00:43:52 [ERROR]: Redis error: {"code":"ECONNREFUSED"}
AggregateError [ECONNREFUSED]: 
    at internalConnectMultiple (node:net:1139:18)
    at afterConnectMultiple (node:net:1712:7)
2026-05-07 00:43:52 [ERROR]: Redis error: {"code":"ECONNREFUSED"}
AggregateError [ECONNREFUSED]: 
    at internalConnectMultiple (node:net:1139:18)
    at afterConnectMultiple (node:net:1712:7)
2026-05-07 00:43:53 [ERROR]: Redis error: {"code":"ECONNREFUSED"}
AggregateError [ECONNREFUSED]: 
    at internalConnectMultiple (node:net:1139:18)
    at afterConnectMultiple (node:net:1712:7)
2026-05-07 00:43:53 [ERROR]: Redis error: {"code":"ECONNREFUSED"}
AggregateError [ECONNREFUSED]: 
    at internalConnectMultiple (node:net:1139:18)
    at afterConnectMultiple (node:net:1712:7)
2026-05-07 00:43:54 [ERROR]: Redis error: {"code":"ECONNREFUSED"}
AggregateError [ECONNREFUSED]: 
    at internalConnectMultiple (node:net:1139:18)
    at afterConnectMultiple (node:net:1712:7)
2026-05-07 00:43:54 [ERROR]: Redis error: {"code":"ECONNREFUSED"}
AggregateError [ECONNREFUSED]: 
    at internalConnectMultiple (node:net:1139:18)
    at afterConnectMultiple (node:net:1712:7)
2026-05-07 00:43:55 [ERROR]: Redis error: {"code":"ECONNREFUSED"}
AggregateError [ECONNREFUSED]: 
    at internalConnectMultiple (node:net:1139:18)
    at afterConnectMultiple (node:net:1712:7)
2026-05-07 00:43:55 [ERROR]: Redis error: {"code":"ECONNREFUSED"}
AggregateError [ECONNREFUSED]: 
    at internalConnectMultiple (node:net:1139:18)
    at afterConnectMultiple (node:net:1712:7)
2026-05-07 00:43:56 [ERROR]: Redis error: {"code":"ECONNREFUSED"}
AggregateError [ECONNREFUSED]: 
    at internalConnectMultiple (node:net:1139:18)
    at afterConnectMultiple (node:net:1712:7)
2026-05-07 00:43:56 [ERROR]: Redis error: {"code":"ECONNREFUSED"}
AggregateError [ECONNREFUSED]: 
    at internalConnectMultiple (node:net:1139:18)
    at afterConnectMultiple (node:net:1712:7)
2026-05-07 00:43:57 [ERROR]: Redis error: {"code":"ECONNREFUSED"}
AggregateError [ECONNREFUSED]: 
    at internalConnectMultiple (node:net:1139:18)
    at afterConnectMultiple (node:net:1712:7)
2026-05-07 00:43:57 [ERROR]: Redis error: {"code":"ECONNREFUSED"}
AggregateError [ECONNREFUSED]: 
    at internalConnectMultiple (node:net:1139:18)
    at afterConnectMultiple (node:net:1712:7)
2026-05-07 00:43:58 [ERROR]: Redis error: {"code":"ECONNREFUSED"}
AggregateError [ECONNREFUSED]: 
    at internalConnectMultiple (node:net:1139:18)
    at afterConnectMultiple (node:net:1712:7)
2026-05-07 00:43:58 [ERROR]: Redis error: {"code":"ECONNREFUSED"}
AggregateError [ECONNREFUSED]: 
    at internalConnectMultiple (node:net:1139:18)
    at afterConnectMultiple (node:net:1712:7)
2026-05-07 00:43:59 [ERROR]: Redis error: {"code":"ECONNREFUSED"}
AggregateError [ECONNREFUSED]: 
    at internalConnectMultiple (node:net:1139:18)
    at afterConnectMultiple (node:net:1712:7)
2026-05-07 00:43:59 [ERROR]: Redis error: {"code":"ECONNREFUSED"}
AggregateError [ECONNREFUSED]: 
    at internalConnectMultiple (node:net:1139:18)
    at afterConnectMultiple (node:net:1712:7)
2026-05-07 00:44:00 [ERROR]: Redis error: {"code":"ECONNREFUSED"}
AggregateError [ECONNREFUSED]: 
    at internalConnectMultiple (node:net:1139:18)
    at afterConnectMultiple (node:net:1712:7)
2026-05-07 00:44:00 [ERROR]: Redis error: {"code":"ECONNREFUSED"}
AggregateError [ECONNREFUSED]: 
    at internalConnectMultiple (node:net:1139:18)
    at afterConnectMultiple (node:net:1712:7)
2026-05-07 00:44:01 [ERROR]: Redis error: {"code":"ECONNREFUSED"}
AggregateError [ECONNREFUSED]: 
    at internalConnectMultiple (node:net:1139:18)
    at afterConnectMultiple (node:net:1712:7)
2026-05-07 00:44:01 [ERROR]: Redis error: {"code":"ECONNREFUSED"}
AggregateError [ECONNREFUSED]: 
    at internalConnectMultiple (node:net:1139:18)
    at afterConnectMultiple (node:net:1712:7)
2026-05-07 00:44:02 [ERROR]: Redis error: {"code":"ECONNREFUSED"}
AggregateError [ECONNREFUSED]: 
    at internalConnectMultiple (node:net:1139:18)
    at afterConnectMultiple (node:net:1712:7)
2026-05-07 00:44:02 [ERROR]: Redis error: {"code":"ECONNREFUSED"}
AggregateError [ECONNREFUSED]: 
    at internalConnectMultiple (node:net:1139:18)
    at afterConnectMultiple (node:net:1712:7)
2026-05-07 00:44:03 [ERROR]: Redis error: {"code":"ECONNREFUSED"}
AggregateError [ECONNREFUSED]: 
    at internalConnectMultiple (node:net:1139:18)
    at afterConnectMultiple (node:net:1712:7)
2026-05-07 00:44:03 [ERROR]: Redis error: {"code":"ECONNREFUSED"}
AggregateError [ECONNREFUSED]: 
    at internalConnectMultiple (node:net:1139:18)
    at afterConnectMultiple (node:net:1712:7)
2026-05-07 00:44:04 [ERROR]: Redis error: {"code":"ECONNREFUSED"}
AggregateError [ECONNREFUSED]: 
    at internalConnectMultiple (node:net:1139:18)
    at afterConnectMultiple (node:net:1712:7)
2026-05-07 00:44:04 [ERROR]: Redis error: {"code":"ECONNREFUSED"}
AggregateError [ECONNREFUSED]: 
    at internalConnectMultiple (node:net:1139:18)
    at afterConnectMultiple (node:net:1712:7)
2026-05-07 00:44:05 [ERROR]: Redis error: {"code":"ECONNREFUSED"}
AggregateError [ECONNREFUSED]: 
    at internalConnectMultiple (node:net:1139:18)
    at afterConnectMultiple (node:net:1712:7)
2026-05-07 00:44:05 [ERROR]: Redis error: {"code":"ECONNREFUSED"}
AggregateError [ECONNREFUSED]: 
    at internalConnectMultiple (node:net:1139:18)
    at afterConnectMultiple (node:net:1712:7)
2026-05-07 00:44:06 [ERROR]: Redis error: {"code":"ECONNREFUSED"}
AggregateError [ECONNREFUSED]: 
    at internalConnectMultiple (node:net:1139:18)
    at afterConnectMultiple (node:net:1712:7)
2026-05-07 00:44:06 [ERROR]: Redis error: {"code":"ECONNREFUSED"}
AggregateError [ECONNREFUSED]: 
    at internalConnectMultiple (node:net:1139:18)
    at afterConnectMultiple (node:net:1712:7)
2026-05-07 00:44:07 [ERROR]: Redis error: {"code":"ECONNREFUSED"}
AggregateError [ECONNREFUSED]: 
    at internalConnectMultiple (node:net:1139:18)
    at afterConnectMultiple (node:net:1712:7)
2026-05-07 00:44:07 [ERROR]: Redis error: {"code":"ECONNREFUSED"}
AggregateError [ECONNREFUSED]: 
    at internalConnectMultiple (node:net:1139:18)
    at afterConnectMultiple (node:net:1712:7)
2026-05-07 00:44:08 [ERROR]: Redis error: {"code":"ECONNREFUSED"}
AggregateError [ECONNREFUSED]: 
    at internalConnectMultiple (node:net:1139:18)
    at afterConnectMultiple (node:net:1712:7)
2026-05-07 00:44:09 [ERROR]: Redis error: {"code":"ECONNREFUSED"}
AggregateError [ECONNREFUSED]: 
    at internalConnectMultiple (node:net:1139:18)
    at afterConnectMultiple (node:net:1712:7)
2026-05-07 00:44:09 [ERROR]: Redis error: {"code":"ECONNREFUSED"}
AggregateError [ECONNREFUSED]: 
    at internalConnectMultiple (node:net:1139:18)
    at afterConnectMultiple (node:net:1712:7)
2026-05-07 00:44:10 [ERROR]: Redis error: {"code":"ECONNREFUSED"}
AggregateError [ECONNREFUSED]: 
    at internalConnectMultiple (node:net:1139:18)
    at afterConnectMultiple (node:net:1712:7)
2026-05-07 00:44:10 [ERROR]: Redis error: {"code":"ECONNREFUSED"}
AggregateError [ECONNREFUSED]: 
    at internalConnectMultiple (node:net:1139:18)
    at afterConnectMultiple (node:net:1712:7)
2026-05-07 00:44:11 [ERROR]: Redis error: {"code":"ECONNREFUSED"}
AggregateError [ECONNREFUSED]: 
    at internalConnectMultiple (node:net:1139:18)
    at afterConnectMultiple (node:net:1712:7)
2026-05-07 00:44:11 [ERROR]: Redis error: {"code":"ECONNREFUSED"}
AggregateError [ECONNREFUSED]: 
    at internalConnectMultiple (node:net:1139:18)
    at afterConnectMultiple (node:net:1712:7)
2026-05-07 00:44:12 [ERROR]: Redis error: {"code":"ECONNREFUSED"}
AggregateError [ECONNREFUSED]: 
    at internalConnectMultiple (node:net:1139:18)
    at afterConnectMultiple (node:net:1712:7)
2026-05-07 00:44:12 [ERROR]: Redis error: {"code":"ECONNREFUSED"}
AggregateError [ECONNREFUSED]: 
    at internalConnectMultiple (node:net:1139:18)
    at afterConnectMultiple (node:net:1712:7)
2026-05-07 00:44:13 [ERROR]: Redis error: {"code":"ECONNREFUSED"}
AggregateError [ECONNREFUSED]: 
    at internalConnectMultiple (node:net:1139:18)
    at afterConnectMultiple (node:net:1712:7)
2026-05-07 00:44:13 [ERROR]: Redis error: {"code":"ECONNREFUSED"}
AggregateError [ECONNREFUSED]: 
    at internalConnectMultiple (node:net:1139:18)
    at afterConnectMultiple (node:net:1712:7)
2026-05-07 00:44:14 [ERROR]: Redis error: {"code":"ECONNREFUSED"}
AggregateError [ECONNREFUSED]: 
    at internalConnectMultiple (node:net:1139:18)
    at afterConnectMultiple (node:net:1712:7)
2026-05-07 00:44:14 [ERROR]: Redis error: {"code":"ECONNREFUSED"}
AggregateError [ECONNREFUSED]: 
    at internalConnectMultiple (node:net:1139:18)
    at afterConnectMultiple (node:net:1712:7)
2026-05-07 00:44:15 [ERROR]: Redis error: {"code":"ECONNREFUSED"}
AggregateError [ECONNREFUSED]: 
    at internalConnectMultiple (node:net:1139:18)
    at afterConnectMultiple (node:net:1712:7)
2026-05-07 00:44:15 [ERROR]: Redis error: {"code":"ECONNREFUSED"}
AggregateError [ECONNREFUSED]: 
    at internalConnectMultiple (node:net:1139:18)
    at afterConnectMultiple (node:net:1712:7)
2026-05-07 00:44:16 [ERROR]: Redis error: {"code":"ECONNREFUSED"}
AggregateError [ECONNREFUSED]: 
    at internalConnectMultiple (node:net:1139:18)
    at afterConnectMultiple (node:net:1712:7)
2026-05-07 00:44:16 [ERROR]: Redis error: {"code":"ECONNREFUSED"}
AggregateError [ECONNREFUSED]: 
    at internalConnectMultiple (node:net:1139:18)
    at afterConnectMultiple (node:net:1712:7)
2026-05-07 00:44:17 [ERROR]: Redis error: {"code":"ECONNREFUSED"}
AggregateError [ECONNREFUSED]: 
    at internalConnectMultiple (node:net:1139:18)
    at afterConnectMultiple (node:net:1712:7)
2026-05-07 00:44:17 [ERROR]: Redis error: {"code":"ECONNREFUSED"}
AggregateError [ECONNREFUSED]: 
    at internalConnectMultiple (node:net:1139:18)
    at afterConnectMultiple (node:net:1712:7)
2026-05-07 00:44:18 [ERROR]: Redis error: {"code":"ECONNREFUSED"}
AggregateError [ECONNREFUSED]: 
    at internalConnectMultiple (node:net:1139:18)
    at afterConnectMultiple (node:net:1712:7)
2026-05-07 00:44:18 [ERROR]: Redis error: {"code":"ECONNREFUSED"}
AggregateError [ECONNREFUSED]: 
    at internalConnectMultiple (node:net:1139:18)
    at afterConnectMultiple (node:net:1712:7)
2026-05-07 00:44:19 [ERROR]: Redis error: {"code":"ECONNREFUSED"}
AggregateError [ECONNREFUSED]: 
    at internalConnectMultiple (node:net:1139:18)
    at afterConnectMultiple (node:net:1712:7)
2026-05-07 00:44:19 [ERROR]: Redis error: {"code":"ECONNREFUSED"}
AggregateError [ECONNREFUSED]: 
    at internalConnectMultiple (node:net:1139:18)
    at afterConnectMultiple (node:net:1712:7)
2026-05-07 00:44:20 [ERROR]: Redis error: {"code":"ECONNREFUSED"}
AggregateError [ECONNREFUSED]: 
    at internalConnectMultiple (node:net:1139:18)
    at afterConnectMultiple (node:net:1712:7)
2026-05-07 00:44:20 [ERROR]: Redis error: {"code":"ECONNREFUSED"}
AggregateError [ECONNREFUSED]: 
    at internalConnectMultiple (node:net:1139:18)
    at afterConnectMultiple (node:net:1712:7)
2026-05-07 00:44:21 [ERROR]: Redis error: {"code":"ECONNREFUSED"}
AggregateError [ECONNREFUSED]: 
    at internalConnectMultiple (node:net:1139:18)
    at afterConnectMultiple (node:net:1712:7)
2026-05-07 00:44:21 [ERROR]: Redis error: {"code":"ECONNREFUSED"}
AggregateError [ECONNREFUSED]: 
    at internalConnectMultiple (node:net:1139:18)
    at afterConnectMultiple (node:net:1712:7)
2026-05-07 00:44:22 [ERROR]: Redis error: {"code":"ECONNREFUSED"}
AggregateError [ECONNREFUSED]: 
    at internalConnectMultiple (node:net:1139:18)
    at afterConnectMultiple (node:net:1712:7)
2026-05-07 00:44:22 [ERROR]: Redis error: {"code":"ECONNREFUSED"}
AggregateError [ECONNREFUSED]: 
    at internalConnectMultiple (node:net:1139:18)
    at afterConnectMultiple (node:net:1712:7)
2026-05-07 00:44:23 [ERROR]: Redis error: {"code":"ECONNREFUSED"}
AggregateError [ECONNREFUSED]: 
    at internalConnectMultiple (node:net:1139:18)
    at afterConnectMultiple (node:net:1712:7)
2026-05-07 00:44:23 [ERROR]: Redis error: {"code":"ECONNREFUSED"}
AggregateError [ECONNREFUSED]: 
    at internalConnectMultiple (node:net:1139:18)
    at afterConnectMultiple (node:net:1712:7)
2026-05-07 00:44:24 [ERROR]: Redis error: {"code":"ECONNREFUSED"}
AggregateError [ECONNREFUSED]: 
    at internalConnectMultiple (node:net:1139:18)
    at afterConnectMultiple (node:net:1712:7)
2026-05-07 00:44:24 [ERROR]: Redis error: {"code":"ECONNREFUSED"}
AggregateError [ECONNREFUSED]: 
    at internalConnectMultiple (node:net:1139:18)
    at afterConnectMultiple (node:net:1712:7)
2026-05-07 00:44:25 [ERROR]: Redis error: {"code":"ECONNREFUSED"}
AggregateError [ECONNREFUSED]: 
    at internalConnectMultiple (node:net:1139:18)
    at afterConnectMultiple (node:net:1712:7)
2026-05-07 00:44:25 [ERROR]: Redis error: {"code":"ECONNREFUSED"}
AggregateError [ECONNREFUSED]: 
    at internalConnectMultiple (node:net:1139:18)
    at afterConnectMultiple (node:net:1712:7)
2026-05-07 00:44:26 [ERROR]: Redis error: {"code":"ECONNREFUSED"}
AggregateError [ECONNREFUSED]: 
    at internalConnectMultiple (node:net:1139:18)
    at afterConnectMultiple (node:net:1712:7)
2026-05-07 00:44:26 [ERROR]: Redis error: {"code":"ECONNREFUSED"}
AggregateError [ECONNREFUSED]: 
    at internalConnectMultiple (node:net:1139:18)
    at afterConnectMultiple (node:net:1712:7)
2026-05-07 00:44:27 [ERROR]: Redis error: {"code":"ECONNREFUSED"}
AggregateError [ECONNREFUSED]: 
    at internalConnectMultiple (node:net:1139:18)
    at afterConnectMultiple (node:net:1712:7)
2026-05-07 00:44:28 [ERROR]: Redis error: {"code":"ECONNREFUSED"}
AggregateError [ECONNREFUSED]: 
    at internalConnectMultiple (node:net:1139:18)
    at afterConnectMultiple (node:net:1712:7)
2026-05-07 00:44:28 [ERROR]: Redis error: {"code":"ECONNREFUSED"}
AggregateError [ECONNREFUSED]: 
    at internalConnectMultiple (node:net:1139:18)
    at afterConnectMultiple (node:net:1712:7)
2026-05-07 00:44:29 [ERROR]: Redis error: {"code":"ECONNREFUSED"}
AggregateError [ECONNREFUSED]: 
    at internalConnectMultiple (node:net:1139:18)
    at afterConnectMultiple (node:net:1712:7)
2026-05-07 00:44:29 [ERROR]: Redis error: {"code":"ECONNREFUSED"}
AggregateError [ECONNREFUSED]: 
    at internalConnectMultiple (node:net:1139:18)
    at afterConnectMultiple (node:net:1712:7)
2026-05-07 00:44:30 [ERROR]: Redis error: {"code":"ECONNREFUSED"}
AggregateError [ECONNREFUSED]: 
    at internalConnectMultiple (node:net:1139:18)
    at afterConnectMultiple (node:net:1712:7)
2026-05-07 00:44:30 [ERROR]: Redis error: {"code":"ECONNREFUSED"}
AggregateError [ECONNREFUSED]: 
    at internalConnectMultiple (node:net:1139:18)
    at afterConnectMultiple (node:net:1712:7)
2026-05-07 00:44:31 [ERROR]: Redis error: {"code":"ECONNREFUSED"}
AggregateError [ECONNREFUSED]: 
    at internalConnectMultiple (node:net:1139:18)
    at afterConnectMultiple (node:net:1712:7)
2026-05-07 00:44:31 [ERROR]: Redis error: {"code":"ECONNREFUSED"}
AggregateError [ECONNREFUSED]: 
    at internalConnectMultiple (node:net:1139:18)
    at afterConnectMultiple (node:net:1712:7)
2026-05-07 00:44:32 [ERROR]: Redis error: {"code":"ECONNREFUSED"}
AggregateError [ECONNREFUSED]: 
    at internalConnectMultiple (node:net:1139:18)
    at afterConnectMultiple (node:net:1712:7)
2026-05-07 00:44:32 [ERROR]: Redis error: {"code":"ECONNREFUSED"}
AggregateError [ECONNREFUSED]: 
    at internalConnectMultiple (node:net:1139:18)
    at afterConnectMultiple (node:net:1712:7)
2026-05-07 00:44:33 [ERROR]: Redis error: {"code":"ECONNREFUSED"}
AggregateError [ECONNREFUSED]: 
    at internalConnectMultiple (node:net:1139:18)
    at afterConnectMultiple (node:net:1712:7)
2026-05-07 00:44:33 [ERROR]: Redis error: {"code":"ECONNREFUSED"}
AggregateError [ECONNREFUSED]: 
    at internalConnectMultiple (node:net:1139:18)
    at afterConnectMultiple (node:net:1712:7)
2026-05-07 00:44:34 [ERROR]: Redis error: {"code":"ECONNREFUSED"}
AggregateError [ECONNREFUSED]: 
    at internalConnectMultiple (node:net:1139:18)
    at afterConnectMultiple (node:net:1712:7)
2026-05-07 00:44:34 [ERROR]: Redis error: {"code":"ECONNREFUSED"}
AggregateError [ECONNREFUSED]: 
    at internalConnectMultiple (node:net:1139:18)
    at afterConnectMultiple (node:net:1712:7)
2026-05-07 00:44:35 [ERROR]: Redis error: {"code":"ECONNREFUSED"}
AggregateError [ECONNREFUSED]: 
    at internalConnectMultiple (node:net:1139:18)
    at afterConnectMultiple (node:net:1712:7)
2026-05-07 00:44:35 [ERROR]: Redis error: {"code":"ECONNREFUSED"}
AggregateError [ECONNREFUSED]: 
    at internalConnectMultiple (node:net:1139:18)
    at afterConnectMultiple (node:net:1712:7)
2026-05-07 00:44:36 [ERROR]: Redis error: {"code":"ECONNREFUSED"}
AggregateError [ECONNREFUSED]: 
    at internalConnectMultiple (node:net:1139:18)
    at afterConnectMultiple (node:net:1712:7)
2026-05-07 00:44:36 [ERROR]: Redis error: {"code":"ECONNREFUSED"}
AggregateError [ECONNREFUSED]: 
    at internalConnectMultiple (node:net:1139:18)
    at afterConnectMultiple (node:net:1712:7)
2026-05-07 00:44:37 [ERROR]: Redis error: {"code":"ECONNREFUSED"}
AggregateError [ECONNREFUSED]: 
    at internalConnectMultiple (node:net:1139:18)
    at afterConnectMultiple (node:net:1712:7)
2026-05-07 00:44:37 [ERROR]: Redis error: {"code":"ECONNREFUSED"}
AggregateError [ECONNREFUSED]: 
    at internalConnectMultiple (node:net:1139:18)
    at afterConnectMultiple (node:net:1712:7)
2026-05-07 00:44:38 [ERROR]: Redis error: {"code":"ECONNREFUSED"}
AggregateError [ECONNREFUSED]: 
    at internalConnectMultiple (node:net:1139:18)
    at afterConnectMultiple (node:net:1712:7)
2026-05-07 00:44:38 [ERROR]: Redis error: {"code":"ECONNREFUSED"}
AggregateError [ECONNREFUSED]: 
    at internalConnectMultiple (node:net:1139:18)
    at afterConnectMultiple (node:net:1712:7)
2026-05-07 00:44:39 [ERROR]: Redis error: {"code":"ECONNREFUSED"}
AggregateError [ECONNREFUSED]: 
    at internalConnectMultiple (node:net:1139:18)
    at afterConnectMultiple (node:net:1712:7)
2026-05-07 00:44:39 [ERROR]: Redis error: {"code":"ECONNREFUSED"}
AggregateError [ECONNREFUSED]: 
    at internalConnectMultiple (node:net:1139:18)
    at afterConnectMultiple (node:net:1712:7)
2026-05-07 00:44:40 [ERROR]: Redis error: {"code":"ECONNREFUSED"}
AggregateError [ECONNREFUSED]: 
    at internalConnectMultiple (node:net:1139:18)
    at afterConnectMultiple (node:net:1712:7)
2026-05-07 00:44:40 [ERROR]: Redis error: {"code":"ECONNREFUSED"}
AggregateError [ECONNREFUSED]: 
    at internalConnectMultiple (node:net:1139:18)
    at afterConnectMultiple (node:net:1712:7)
2026-05-07 00:44:41 [ERROR]: Redis error: {"code":"ECONNREFUSED"}
AggregateError [ECONNREFUSED]: 
    at internalConnectMultiple (node:net:1139:18)
    at afterConnectMultiple (node:net:1712:7)
2026-05-07 00:44:41 [ERROR]: Redis error: {"code":"ECONNREFUSED"}
AggregateError [ECONNREFUSED]: 
    at internalConnectMultiple (node:net:1139:18)
    at afterConnectMultiple (node:net:1712:7)
2026-05-07 00:44:42 [ERROR]: Redis error: {"code":"ECONNREFUSED"}
AggregateError [ECONNREFUSED]: 
    at internalConnectMultiple (node:net:1139:18)
    at afterConnectMultiple (node:net:1712:7)
2026-05-07 00:44:42 [ERROR]: Redis error: {"code":"ECONNREFUSED"}
AggregateError [ECONNREFUSED]: 
    at internalConnectMultiple (node:net:1139:18)
    at afterConnectMultiple (node:net:1712:7)
2026-05-07 00:44:43 [ERROR]: Redis error: {"code":"ECONNREFUSED"}
AggregateError [ECONNREFUSED]: 
    at internalConnectMultiple (node:net:1139:18)
    at afterConnectMultiple (node:net:1712:7)
2026-05-07 00:44:43 [ERROR]: Redis error: {"code":"ECONNREFUSED"}
AggregateError [ECONNREFUSED]: 
    at internalConnectMultiple (node:net:1139:18)
    at afterConnectMultiple (node:net:1712:7)
2026-05-07 00:44:44 [ERROR]: Redis error: {"code":"ECONNREFUSED"}
AggregateError [ECONNREFUSED]: 
    at internalConnectMultiple (node:net:1139:18)
    at afterConnectMultiple (node:net:1712:7)
2026-05-07 00:44:44 [ERROR]: Redis error: {"code":"ECONNREFUSED"}
AggregateError [ECONNREFUSED]: 
    at internalConnectMultiple (node:net:1139:18)
    at afterConnectMultiple (node:net:1712:7)
2026-05-07 00:44:45 [ERROR]: Redis error: {"code":"ECONNREFUSED"}
AggregateError [ECONNREFUSED]: 
    at internalConnectMultiple (node:net:1139:18)
    at afterConnectMultiple (node:net:1712:7)
2026-05-07 00:44:45 [ERROR]: Redis error: {"code":"ECONNREFUSED"}
AggregateError [ECONNREFUSED]: 
    at internalConnectMultiple (node:net:1139:18)
    at afterConnectMultiple (node:net:1712:7)
2026-05-07 00:44:46 [ERROR]: Redis error: {"code":"ECONNREFUSED"}
AggregateError [ECONNREFUSED]: 
    at internalConnectMultiple (node:net:1139:18)
    at afterConnectMultiple (node:net:1712:7)
2026-05-07 00:44:47 [ERROR]: Redis error: {"code":"ECONNREFUSED"}
AggregateError [ECONNREFUSED]: 
    at internalConnectMultiple (node:net:1139:18)
    at afterConnectMultiple (node:net:1712:7)
2026-05-07 00:44:47 [ERROR]: Redis error: {"code":"ECONNREFUSED"}
AggregateError [ECONNREFUSED]: 
    at internalConnectMultiple (node:net:1139:18)
    at afterConnectMultiple (node:net:1712:7)
2026-05-07 00:44:48 [ERROR]: Redis error: {"code":"ECONNREFUSED"}
AggregateError [ECONNREFUSED]: 
    at internalConnectMultiple (node:net:1139:18)
    at afterConnectMultiple (node:net:1712:7)
2026-05-07 00:44:48 [ERROR]: Redis error: {"code":"ECONNREFUSED"}
AggregateError [ECONNREFUSED]: 
    at internalConnectMultiple (node:net:1139:18)
    at afterConnectMultiple (node:net:1712:7)
2026-05-07 00:44:49 [ERROR]: Redis error: {"code":"ECONNREFUSED"}
AggregateError [ECONNREFUSED]: 
    at internalConnectMultiple (node:net:1139:18)
    at afterConnectMultiple (node:net:1712:7)
2026-05-07 00:44:49 [ERROR]: Redis error: {"code":"ECONNREFUSED"}
AggregateError [ECONNREFUSED]: 
    at internalConnectMultiple (node:net:1139:18)
    at afterConnectMultiple (node:net:1712:7)
2026-05-07 00:44:50 [ERROR]: Redis error: {"code":"ECONNREFUSED"}
AggregateError [ECONNREFUSED]: 
    at internalConnectMultiple (node:net:1139:18)
    at afterConnectMultiple (node:net:1712:7)
2026-05-07 00:44:50 [ERROR]: Redis error: {"code":"ECONNREFUSED"}
AggregateError [ECONNREFUSED]: 
    at internalConnectMultiple (node:net:1139:18)
    at afterConnectMultiple (node:net:1712:7)
2026-05-07 00:44:51 [ERROR]: Redis error: {"code":"ECONNREFUSED"}
AggregateError [ECONNREFUSED]: 
    at internalConnectMultiple (node:net:1139:18)
    at afterConnectMultiple (node:net:1712:7)
2026-05-07 00:44:51 [ERROR]: Redis error: {"code":"ECONNREFUSED"}
AggregateError [ECONNREFUSED]: 
    at internalConnectMultiple (node:net:1139:18)
    at afterConnectMultiple (node:net:1712:7)
2026-05-07 00:44:52 [ERROR]: Redis error: {"code":"ECONNREFUSED"}
AggregateError [ECONNREFUSED]: 
    at internalConnectMultiple (node:net:1139:18)
    at afterConnectMultiple (node:net:1712:7)
2026-05-07 00:44:52 [ERROR]: Redis error: {"code":"ECONNREFUSED"}
AggregateError [ECONNREFUSED]: 
    at internalConnectMultiple (node:net:1139:18)
    at afterConnectMultiple (node:net:1712:7)
2026-05-07 00:44:53 [ERROR]: Redis error: {"code":"ECONNREFUSED"}
AggregateError [ECONNREFUSED]: 
    at internalConnectMultiple (node:net:1139:18)
    at afterConnectMultiple (node:net:1712:7)
2026-05-07 00:44:53 [ERROR]: Redis error: {"code":"ECONNREFUSED"}
AggregateError [ECONNREFUSED]: 
    at internalConnectMultiple (node:net:1139:18)
    at afterConnectMultiple (node:net:1712:7)
2026-05-07 00:44:54 [ERROR]: Redis error: {"code":"ECONNREFUSED"}
AggregateError [ECONNREFUSED]: 
    at internalConnectMultiple (node:net:1139:18)
    at afterConnectMultiple (node:net:1712:7)
2026-05-07 00:44:54 [ERROR]: Redis error: {"code":"ECONNREFUSED"}
AggregateError [ECONNREFUSED]: 
    at internalConnectMultiple (node:net:1139:18)
    at afterConnectMultiple (node:net:1712:7)
2026-05-07 00:44:55 [ERROR]: Redis error: {"code":"ECONNREFUSED"}
AggregateError [ECONNREFUSED]: 
    at internalConnectMultiple (node:net:1139:18)
    at afterConnectMultiple (node:net:1712:7)
2026-05-07 00:44:55 [ERROR]: Redis error: {"code":"ECONNREFUSED"}
AggregateError [ECONNREFUSED]: 
    at internalConnectMultiple (node:net:1139:18)
    at afterConnectMultiple (node:net:1712:7)
2026-05-07 00:44:56 [ERROR]: Redis error: {"code":"ECONNREFUSED"}
AggregateError [ECONNREFUSED]: 
    at internalConnectMultiple (node:net:1139:18)
    at afterConnectMultiple (node:net:1712:7)
2026-05-07 00:44:56 [ERROR]: Redis error: {"code":"ECONNREFUSED"}
AggregateError [ECONNREFUSED]: 
    at internalConnectMultiple (node:net:1139:18)
    at afterConnectMultiple (node:net:1712:7)
2026-05-07 00:44:57 [ERROR]: Redis error: {"code":"ECONNREFUSED"}
AggregateError [ECONNREFUSED]: 
    at internalConnectMultiple (node:net:1139:18)
    at afterConnectMultiple (node:net:1712:7)
2026-05-07 00:44:57 [ERROR]: Redis error: {"code":"ECONNREFUSED"}
AggregateError [ECONNREFUSED]: 
    at internalConnectMultiple (node:net:1139:18)
    at afterConnectMultiple (node:net:1712:7)
2026-05-07 00:44:58 [ERROR]: Redis error: {"code":"ECONNREFUSED"}
AggregateError [ECONNREFUSED]: 
    at internalConnectMultiple (node:net:1139:18)
    at afterConnectMultiple (node:net:1712:7)
2026-05-07 00:44:58 [ERROR]: Redis error: {"code":"ECONNREFUSED"}
AggregateError [ECONNREFUSED]: 
    at internalConnectMultiple (node:net:1139:18)
    at afterConnectMultiple (node:net:1712:7)
2026-05-07 00:44:59 [ERROR]: Redis error: {"code":"ECONNREFUSED"}
AggregateError [ECONNREFUSED]: 
    at internalConnectMultiple (node:net:1139:18)
    at afterConnectMultiple (node:net:1712:7)
2026-05-07 00:44:59 [ERROR]: Redis error: {"code":"ECONNREFUSED"}
AggregateError [ECONNREFUSED]: 
    at internalConnectMultiple (node:net:1139:18)
    at afterConnectMultiple (node:net:1712:7)
2026-05-07 00:45:00 [ERROR]: Redis error: {"code":"ECONNREFUSED"}
AggregateError [ECONNREFUSED]: 
    at internalConnectMultiple (node:net:1139:18)
    at afterConnectMultiple (node:net:1712:7)
2026-05-07 00:45:00 [ERROR]: Redis error: {"code":"ECONNREFUSED"}
AggregateError [ECONNREFUSED]: 
    at internalConnectMultiple (node:net:1139:18)
    at afterConnectMultiple (node:net:1712:7)
2026-05-07 00:45:01 [ERROR]: Redis error: {"code":"ECONNREFUSED"}
AggregateError [ECONNREFUSED]: 
    at internalConnectMultiple (node:net:1139:18)
    at afterConnectMultiple (node:net:1712:7)
2026-05-07 00:45:01 [ERROR]: Redis error: {"code":"ECONNREFUSED"}
AggregateError [ECONNREFUSED]: 
    at internalConnectMultiple (node:net:1139:18)
    at afterConnectMultiple (node:net:1712:7)
2026-05-07 00:45:02 [ERROR]: Redis error: {"code":"ECONNREFUSED"}
AggregateError [ECONNREFUSED]: 
    at internalConnectMultiple (node:net:1139:18)
    at afterConnectMultiple (node:net:1712:7)
2026-05-07 00:45:02 [ERROR]: Redis error: {"code":"ECONNREFUSED"}
AggregateError [ECONNREFUSED]: 
    at internalConnectMultiple (node:net:1139:18)
    at afterConnectMultiple (node:net:1712:7)
2026-05-07 00:45:03 [ERROR]: Redis error: {"code":"ECONNREFUSED"}
AggregateError [ECONNREFUSED]: 
    at internalConnectMultiple (node:net:1139:18)
    at afterConnectMultiple (node:net:1712:7)
2026-05-07 00:45:03 [ERROR]: Redis error: {"code":"ECONNREFUSED"}
AggregateError [ECONNREFUSED]: 
    at internalConnectMultiple (node:net:1139:18)
    at afterConnectMultiple (node:net:1712:7)
2026-05-07 00:45:04 [ERROR]: Redis error: {"code":"ECONNREFUSED"}
AggregateError [ECONNREFUSED]: 
    at internalConnectMultiple (node:net:1139:18)
    at afterConnectMultiple (node:net:1712:7)
2026-05-07 00:45:04 [ERROR]: Redis error: {"code":"ECONNREFUSED"}
AggregateError [ECONNREFUSED]: 
    at internalConnectMultiple (node:net:1139:18)
    at afterConnectMultiple (node:net:1712:7)
2026-05-07 00:45:05 [ERROR]: Redis error: {"code":"ECONNREFUSED"}
AggregateError [ECONNREFUSED]: 
    at internalConnectMultiple (node:net:1139:18)
    at afterConnectMultiple (node:net:1712:7)
2026-05-07 00:45:06 [ERROR]: Redis error: {"code":"ECONNREFUSED"}
AggregateError [ECONNREFUSED]: 
    at internalConnectMultiple (node:net:1139:18)
    at afterConnectMultiple (node:net:1712:7)
2026-05-07 00:45:06 [ERROR]: Redis error: {"code":"ECONNREFUSED"}
AggregateError [ECONNREFUSED]: 
    at internalConnectMultiple (node:net:1139:18)
    at afterConnectMultiple (node:net:1712:7)
2026-05-07 00:45:07 [ERROR]: Redis error: {"code":"ECONNREFUSED"}
AggregateError [ECONNREFUSED]: 
    at internalConnectMultiple (node:net:1139:18)
    at afterConnectMultiple (node:net:1712:7)
2026-05-07 00:45:07 [ERROR]: Redis error: {"code":"ECONNREFUSED"}
AggregateError [ECONNREFUSED]: 
    at internalConnectMultiple (node:net:1139:18)
    at afterConnectMultiple (node:net:1712:7)
2026-05-07 00:45:08 [ERROR]: Redis error: {"code":"ECONNREFUSED"}
AggregateError [ECONNREFUSED]: 
    at internalConnectMultiple (node:net:1139:18)
    at afterConnectMultiple (node:net:1712:7)
2026-05-07 00:45:08 [ERROR]: Redis error: {"code":"ECONNREFUSED"}
AggregateError [ECONNREFUSED]: 
    at internalConnectMultiple (node:net:1139:18)
    at afterConnectMultiple (node:net:1712:7)
2026-05-07 00:45:09 [ERROR]: Redis error: {"code":"ECONNREFUSED"}
AggregateError [ECONNREFUSED]: 
    at internalConnectMultiple (node:net:1139:18)
    at afterConnectMultiple (node:net:1712:7)
2026-05-07 00:45:09 [ERROR]: Redis error: {"code":"ECONNREFUSED"}
AggregateError [ECONNREFUSED]: 
    at internalConnectMultiple (node:net:1139:18)
    at afterConnectMultiple (node:net:1712:7)
2026-05-07 00:45:10 [ERROR]: Redis error: {"code":"ECONNREFUSED"}
AggregateError [ECONNREFUSED]: 
    at internalConnectMultiple (node:net:1139:18)
    at afterConnectMultiple (node:net:1712:7)
2026-05-07 00:45:10 [ERROR]: Redis error: {"code":"ECONNREFUSED"}
AggregateError [ECONNREFUSED]: 
    at internalConnectMultiple (node:net:1139:18)
    at afterConnectMultiple (node:net:1712:7)
2026-05-07 00:45:11 [ERROR]: Redis error: {"code":"ECONNREFUSED"}
AggregateError [ECONNREFUSED]: 
    at internalConnectMultiple (node:net:1139:18)
    at afterConnectMultiple (node:net:1712:7)
2026-05-07 00:45:11 [ERROR]: Redis error: {"code":"ECONNREFUSED"}
AggregateError [ECONNREFUSED]: 
    at internalConnectMultiple (node:net:1139:18)
    at afterConnectMultiple (node:net:1712:7)
2026-05-07 00:45:12 [ERROR]: Redis error: {"code":"ECONNREFUSED"}
AggregateError [ECONNREFUSED]: 
    at internalConnectMultiple (node:net:1139:18)
    at afterConnectMultiple (node:net:1712:7)
2026-05-07 00:45:12 [ERROR]: Redis error: {"code":"ECONNREFUSED"}
AggregateError [ECONNREFUSED]: 
    at internalConnectMultiple (node:net:1139:18)
    at afterConnectMultiple (node:net:1712:7)
2026-05-07 00:45:13 [ERROR]: Redis error: {"code":"ECONNREFUSED"}
AggregateError [ECONNREFUSED]: 
    at internalConnectMultiple (node:net:1139:18)
    at afterConnectMultiple (node:net:1712:7)
2026-05-07 00:45:13 [ERROR]: Redis error: {"code":"ECONNREFUSED"}
AggregateError [ECONNREFUSED]: 
    at internalConnectMultiple (node:net:1139:18)
    at afterConnectMultiple (node:net:1712:7)
2026-05-07 00:45:14 [ERROR]: Redis error: {"code":"ECONNREFUSED"}
AggregateError [ECONNREFUSED]: 
    at internalConnectMultiple (node:net:1139:18)
    at afterConnectMultiple (node:net:1712:7)
2026-05-07 00:45:14 [ERROR]: Redis error: {"code":"ECONNREFUSED"}
AggregateError [ECONNREFUSED]: 
    at internalConnectMultiple (node:net:1139:18)
    at afterConnectMultiple (node:net:1712:7)
2026-05-07 00:45:15 [ERROR]: Redis error: {"code":"ECONNREFUSED"}
AggregateError [ECONNREFUSED]: 
    at internalConnectMultiple (node:net:1139:18)
    at afterConnectMultiple (node:net:1712:7)
2026-05-07 00:45:15 [ERROR]: Redis error: {"code":"ECONNREFUSED"}
AggregateError [ECONNREFUSED]: 
    at internalConnectMultiple (node:net:1139:18)
    at afterConnectMultiple (node:net:1712:7)
2026-05-07 00:45:16 [ERROR]: Redis error: {"code":"ECONNREFUSED"}
AggregateError [ECONNREFUSED]: 
    at internalConnectMultiple (node:net:1139:18)
    at afterConnectMultiple (node:net:1712:7)
2026-05-07 00:45:16 [ERROR]: Redis error: {"code":"ECONNREFUSED"}
AggregateError [ECONNREFUSED]: 
    at internalConnectMultiple (node:net:1139:18)
    at afterConnectMultiple (node:net:1712:7)
2026-05-07 00:45:17 [ERROR]: Redis error: {"code":"ECONNREFUSED"}
AggregateError [ECONNREFUSED]: 
    at internalConnectMultiple (node:net:1139:18)
    at afterConnectMultiple (node:net:1712:7)
2026-05-07 00:45:17 [ERROR]: Redis error: {"code":"ECONNREFUSED"}
AggregateError [ECONNREFUSED]: 
    at internalConnectMultiple (node:net:1139:18)
    at afterConnectMultiple (node:net:1712:7)
2026-05-07 00:45:18 [ERROR]: Redis error: {"code":"ECONNREFUSED"}
AggregateError [ECONNREFUSED]: 
    at internalConnectMultiple (node:net:1139:18)
    at afterConnectMultiple (node:net:1712:7)
2026-05-07 00:45:18 [ERROR]: Redis error: {"code":"ECONNREFUSED"}
AggregateError [ECONNREFUSED]: 
    at internalConnectMultiple (node:net:1139:18)
    at afterConnectMultiple (node:net:1712:7)
2026-05-07 00:45:19 [ERROR]: Redis error: {"code":"ECONNREFUSED"}
AggregateError [ECONNREFUSED]: 
    at internalConnectMultiple (node:net:1139:18)
    at afterConnectMultiple (node:net:1712:7)
2026-05-07 00:45:19 [ERROR]: Redis error: {"code":"ECONNREFUSED"}
AggregateError [ECONNREFUSED]: 
    at internalConnectMultiple (node:net:1139:18)
    at afterConnectMultiple (node:net:1712:7)
2026-05-07 00:45:20 [ERROR]: Redis error: {"code":"ECONNREFUSED"}
AggregateError [ECONNREFUSED]: 
    at internalConnectMultiple (node:net:1139:18)
    at afterConnectMultiple (node:net:1712:7)
2026-05-07 00:45:20 [ERROR]: Redis error: {"code":"ECONNREFUSED"}
AggregateError [ECONNREFUSED]: 
    at internalConnectMultiple (node:net:1139:18)
    at afterConnectMultiple (node:net:1712:7)
2026-05-07 00:45:21 [ERROR]: Redis error: {"code":"ECONNREFUSED"}
AggregateError [ECONNREFUSED]: 
    at internalConnectMultiple (node:net:1139:18)
    at afterConnectMultiple (node:net:1712:7)
2026-05-07 00:45:21 [ERROR]: Redis error: {"code":"ECONNREFUSED"}
AggregateError [ECONNREFUSED]: 
    at internalConnectMultiple (node:net:1139:18)
    at afterConnectMultiple (node:net:1712:7)
2026-05-07 00:45:22 [ERROR]: Redis error: {"code":"ECONNREFUSED"}
AggregateError [ECONNREFUSED]: 
    at internalConnectMultiple (node:net:1139:18)
    at afterConnectMultiple (node:net:1712:7)
2026-05-07 00:45:22 [ERROR]: Redis error: {"code":"ECONNREFUSED"}
AggregateError [ECONNREFUSED]: 
    at internalConnectMultiple (node:net:1139:18)
    at afterConnectMultiple (node:net:1712:7)
2026-05-07 00:45:23 [ERROR]: Redis error: {"code":"ECONNREFUSED"}
AggregateError [ECONNREFUSED]: 
    at internalConnectMultiple (node:net:1139:18)
    at afterConnectMultiple (node:net:1712:7)
2026-05-07 00:45:23 [ERROR]: Redis error: {"code":"ECONNREFUSED"}
AggregateError [ECONNREFUSED]: 
    at internalConnectMultiple (node:net:1139:18)
    at afterConnectMultiple (node:net:1712:7)
2026-05-07 00:45:24 [ERROR]: Redis error: {"code":"ECONNREFUSED"}
AggregateError [ECONNREFUSED]: 
    at internalConnectMultiple (node:net:1139:18)
    at afterConnectMultiple (node:net:1712:7)
2026-05-07 00:45:24 [ERROR]: Redis error: {"code":"ECONNREFUSED"}
AggregateError [ECONNREFUSED]: 
    at internalConnectMultiple (node:net:1139:18)
    at afterConnectMultiple (node:net:1712:7)
2026-05-07 00:45:25 [ERROR]: Redis error: {"code":"ECONNREFUSED"}
AggregateError [ECONNREFUSED]: 
    at internalConnectMultiple (node:net:1139:18)
    at afterConnectMultiple (node:net:1712:7)
2026-05-07 00:45:25 [ERROR]: Redis error: {"code":"ECONNREFUSED"}
AggregateError [ECONNREFUSED]: 
    at internalConnectMultiple (node:net:1139:18)
    at afterConnectMultiple (node:net:1712:7)
2026-05-07 00:45:26 [ERROR]: Redis error: {"code":"ECONNREFUSED"}
AggregateError [ECONNREFUSED]: 
    at internalConnectMultiple (node:net:1139:18)
    at afterConnectMultiple (node:net:1712:7)
2026-05-07 00:45:26 [ERROR]: Redis error: {"code":"ECONNREFUSED"}
AggregateError [ECONNREFUSED]: 
    at internalConnectMultiple (node:net:1139:18)
    at afterConnectMultiple (node:net:1712:7)
2026-05-07 00:45:27 [ERROR]: Redis error: {"code":"ECONNREFUSED"}
AggregateError [ECONNREFUSED]: 
    at internalConnectMultiple (node:net:1139:18)
    at afterConnectMultiple (node:net:1712:7)
2026-05-07 00:45:28 [ERROR]: Redis error: {"code":"ECONNREFUSED"}
AggregateError [ECONNREFUSED]: 
    at internalConnectMultiple (node:net:1139:18)
    at afterConnectMultiple (node:net:1712:7)
2026-05-07 00:45:28 [ERROR]: Redis error: {"code":"ECONNREFUSED"}
AggregateError [ECONNREFUSED]: 
    at internalConnectMultiple (node:net:1139:18)
    at afterConnectMultiple (node:net:1712:7)
2026-05-07 00:45:29 [ERROR]: Redis error: {"code":"ECONNREFUSED"}
AggregateError [ECONNREFUSED]: 
    at internalConnectMultiple (node:net:1139:18)
    at afterConnectMultiple (node:net:1712:7)
2026-05-07 00:45:29 [ERROR]: Redis error: {"code":"ECONNREFUSED"}
AggregateError [ECONNREFUSED]: 
    at internalConnectMultiple (node:net:1139:18)
    at afterConnectMultiple (node:net:1712:7)
2026-05-07 00:45:30 [ERROR]: Redis error: {"code":"ECONNREFUSED"}
AggregateError [ECONNREFUSED]: 
    at internalConnectMultiple (node:net:1139:18)
    at afterConnectMultiple (node:net:1712:7)
2026-05-07 00:45:30 [ERROR]: Redis error: {"code":"ECONNREFUSED"}
AggregateError [ECONNREFUSED]: 
    at internalConnectMultiple (node:net:1139:18)
    at afterConnectMultiple (node:net:1712:7)
2026-05-07 00:45:31 [ERROR]: Redis error: {"code":"ECONNREFUSED"}
AggregateError [ECONNREFUSED]: 
    at internalConnectMultiple (node:net:1139:18)
    at afterConnectMultiple (node:net:1712:7)
2026-05-07 00:45:31 [ERROR]: Redis error: {"code":"ECONNREFUSED"}
AggregateError [ECONNREFUSED]: 
    at internalConnectMultiple (node:net:1139:18)
    at afterConnectMultiple (node:net:1712:7)
2026-05-07 00:45:32 [ERROR]: Redis error: {"code":"ECONNREFUSED"}
AggregateError [ECONNREFUSED]: 
    at internalConnectMultiple (node:net:1139:18)
    at afterConnectMultiple (node:net:1712:7)
2026-05-07 00:45:32 [ERROR]: Redis error: {"code":"ECONNREFUSED"}
AggregateError [ECONNREFUSED]: 
    at internalConnectMultiple (node:net:1139:18)
    at afterConnectMultiple (node:net:1712:7)
2026-05-07 00:45:33 [ERROR]: Redis error: {"code":"ECONNREFUSED"}
AggregateError [ECONNREFUSED]: 
    at internalConnectMultiple (node:net:1139:18)
    at afterConnectMultiple (node:net:1712:7)
2026-05-07 00:45:33 [ERROR]: Redis error: {"code":"ECONNREFUSED"}
AggregateError [ECONNREFUSED]: 
    at internalConnectMultiple (node:net:1139:18)
    at afterConnectMultiple (node:net:1712:7)
2026-05-07 00:45:34 [ERROR]: Redis error: {"code":"ECONNREFUSED"}
AggregateError [ECONNREFUSED]: 
    at internalConnectMultiple (node:net:1139:18)
    at afterConnectMultiple (node:net:1712:7)
2026-05-07 00:45:34 [ERROR]: Redis error: {"code":"ECONNREFUSED"}
AggregateError [ECONNREFUSED]: 
    at internalConnectMultiple (node:net:1139:18)
    at afterConnectMultiple (node:net:1712:7)
2026-05-07 00:45:35 [ERROR]: Redis error: {"code":"ECONNREFUSED"}
AggregateError [ECONNREFUSED]: 
    at internalConnectMultiple (node:net:1139:18)
    at afterConnectMultiple (node:net:1712:7)
2026-05-07 00:45:35 [ERROR]: Redis error: {"code":"ECONNREFUSED"}
AggregateError [ECONNREFUSED]: 
    at internalConnectMultiple (node:net:1139:18)
    at afterConnectMultiple (node:net:1712:7)
2026-05-07 00:45:36 [ERROR]: Redis error: {"code":"ECONNREFUSED"}
AggregateError [ECONNREFUSED]: 
    at internalConnectMultiple (node:net:1139:18)
    at afterConnectMultiple (node:net:1712:7)
2026-05-07 00:45:36 [ERROR]: Redis error: {"code":"ECONNREFUSED"}
AggregateError [ECONNREFUSED]: 
    at internalConnectMultiple (node:net:1139:18)
    at afterConnectMultiple (node:net:1712:7)
2026-05-07 00:45:37 [ERROR]: Redis error: {"code":"ECONNREFUSED"}
AggregateError [ECONNREFUSED]: 
    at internalConnectMultiple (node:net:1139:18)
    at afterConnectMultiple (node:net:1712:7)
2026-05-07 00:45:37 [ERROR]: Redis error: {"code":"ECONNREFUSED"}
AggregateError [ECONNREFUSED]: 
    at internalConnectMultiple (node:net:1139:18)
    at afterConnectMultiple (node:net:1712:7)
2026-05-07 00:45:38 [ERROR]: Redis error: {"code":"ECONNREFUSED"}
AggregateError [ECONNREFUSED]: 
    at internalConnectMultiple (node:net:1139:18)
    at afterConnectMultiple (node:net:1712:7)
2026-05-07 00:45:38 [ERROR]: Redis error: {"code":"ECONNREFUSED"}
AggregateError [ECONNREFUSED]: 
    at internalConnectMultiple (node:net:1139:18)
    at afterConnectMultiple (node:net:1712:7)
2026-05-07 00:45:39 [ERROR]: Redis error: {"code":"ECONNREFUSED"}
AggregateError [ECONNREFUSED]: 
    at internalConnectMultiple (node:net:1139:18)
    at afterConnectMultiple (node:net:1712:7)
2026-05-07 00:45:39 [ERROR]: Redis error: {"code":"ECONNREFUSED"}
AggregateError [ECONNREFUSED]: 
    at internalConnectMultiple (node:net:1139:18)
    at afterConnectMultiple (node:net:1712:7)
2026-05-07 00:45:40 [ERROR]: Redis error: {"code":"ECONNREFUSED"}
AggregateError [ECONNREFUSED]: 
    at internalConnectMultiple (node:net:1139:18)
    at afterConnectMultiple (node:net:1712:7)
2026-05-07 00:45:40 [ERROR]: Redis error: {"code":"ECONNREFUSED"}
AggregateError [ECONNREFUSED]: 
    at internalConnectMultiple (node:net:1139:18)
    at afterConnectMultiple (node:net:1712:7)
2026-05-07 00:45:41 [ERROR]: Redis error: {"code":"ECONNREFUSED"}
AggregateError [ECONNREFUSED]: 
    at internalConnectMultiple (node:net:1139:18)
    at afterConnectMultiple (node:net:1712:7)
2026-05-07 00:45:41 [ERROR]: Redis error: {"code":"ECONNREFUSED"}
AggregateError [ECONNREFUSED]: 
    at internalConnectMultiple (node:net:1139:18)
    at afterConnectMultiple (node:net:1712:7)
2026-05-07 00:45:42 [ERROR]: Redis error: {"code":"ECONNREFUSED"}
AggregateError [ECONNREFUSED]: 
    at internalConnectMultiple (node:net:1139:18)
    at afterConnectMultiple (node:net:1712:7)
2026-05-07 00:45:42 [ERROR]: Redis error: {"code":"ECONNREFUSED"}
AggregateError [ECONNREFUSED]: 
    at internalConnectMultiple (node:net:1139:18)
    at afterConnectMultiple (node:net:1712:7)
2026-05-07 00:45:43 [ERROR]: Redis error: {"code":"ECONNREFUSED"}
AggregateError [ECONNREFUSED]: 
    at internalConnectMultiple (node:net:1139:18)
    at afterConnectMultiple (node:net:1712:7)
2026-05-07 00:45:43 [ERROR]: Redis error: {"code":"ECONNREFUSED"}
AggregateError [ECONNREFUSED]: 
    at internalConnectMultiple (node:net:1139:18)
    at afterConnectMultiple (node:net:1712:7)
2026-05-07 00:45:44 [ERROR]: Redis error: {"code":"ECONNREFUSED"}
AggregateError [ECONNREFUSED]: 
    at internalConnectMultiple (node:net:1139:18)
    at afterConnectMultiple (node:net:1712:7)
2026-05-07 00:45:44 [ERROR]: Redis error: {"code":"ECONNREFUSED"}
AggregateError [ECONNREFUSED]: 
    at internalConnectMultiple (node:net:1139:18)
    at afterConnectMultiple (node:net:1712:7)
2026-05-07 00:45:45 [ERROR]: Redis error: {"code":"ECONNREFUSED"}
AggregateError [ECONNREFUSED]: 
    at internalConnectMultiple (node:net:1139:18)
    at afterConnectMultiple (node:net:1712:7)
2026-05-07 00:45:45 [ERROR]: Redis error: {"code":"ECONNREFUSED"}
AggregateError [ECONNREFUSED]: 
    at internalConnectMultiple (node:net:1139:18)
    at afterConnectMultiple (node:net:1712:7)
2026-05-07 00:45:46 [ERROR]: Redis error: {"code":"ECONNREFUSED"}
AggregateError [ECONNREFUSED]: 
    at internalConnectMultiple (node:net:1139:18)
    at afterConnectMultiple (node:net:1712:7)
2026-05-07 00:45:46 [ERROR]: Redis error: {"code":"ECONNREFUSED"}
AggregateError [ECONNREFUSED]: 
    at internalConnectMultiple (node:net:1139:18)
    at afterConnectMultiple (node:net:1712:7)
2026-05-07 00:45:47 [ERROR]: Redis error: {"code":"ECONNREFUSED"}
AggregateError [ECONNREFUSED]: 
    at internalConnectMultiple (node:net:1139:18)
    at afterConnectMultiple (node:net:1712:7)
2026-05-07 00:45:47 [ERROR]: Redis error: {"code":"ECONNREFUSED"}
AggregateError [ECONNREFUSED]: 
    at internalConnectMultiple (node:net:1139:18)
    at afterConnectMultiple (node:net:1712:7)
2026-05-07 00:45:48 [ERROR]: Redis error: {"code":"ECONNREFUSED"}
AggregateError [ECONNREFUSED]: 
    at internalConnectMultiple (node:net:1139:18)
    at afterConnectMultiple (node:net:1712:7)
2026-05-07 00:45:49 [ERROR]: Redis error: {"code":"ECONNREFUSED"}
AggregateError [ECONNREFUSED]: 
    at internalConnectMultiple (node:net:1139:18)
    at afterConnectMultiple (node:net:1712:7)
2026-05-07 00:45:49 [ERROR]: Redis error: {"code":"ECONNREFUSED"}
AggregateError [ECONNREFUSED]: 
    at internalConnectMultiple (node:net:1139:18)
    at afterConnectMultiple (node:net:1712:7)
2026-05-07 00:45:50 [ERROR]: Redis error: {"code":"ECONNREFUSED"}
AggregateError [ECONNREFUSED]: 
    at internalConnectMultiple (node:net:1139:18)
    at afterConnectMultiple (node:net:1712:7)
2026-05-07 00:45:50 [ERROR]: Redis error: {"code":"ECONNREFUSED"}
AggregateError [ECONNREFUSED]: 
    at internalConnectMultiple (node:net:1139:18)
    at afterConnectMultiple (node:net:1712:7)
2026-05-07 00:45:51 [ERROR]: Redis error: {"code":"ECONNREFUSED"}
AggregateError [ECONNREFUSED]: 
    at internalConnectMultiple (node:net:1139:18)
    at afterConnectMultiple (node:net:1712:7)
2026-05-07 00:45:51 [ERROR]: Redis error: {"code":"ECONNREFUSED"}
AggregateError [ECONNREFUSED]: 
    at internalConnectMultiple (node:net:1139:18)
    at afterConnectMultiple (node:net:1712:7)
2026-05-07 00:45:52 [ERROR]: Redis error: {"code":"ECONNREFUSED"}
AggregateError [ECONNREFUSED]: 
    at internalConnectMultiple (node:net:1139:18)
    at afterConnectMultiple (node:net:1712:7)
2026-05-07 00:45:52 [ERROR]: Redis error: {"code":"ECONNREFUSED"}
AggregateError [ECONNREFUSED]: 
    at internalConnectMultiple (node:net:1139:18)
    at afterConnectMultiple (node:net:1712:7)
2026-05-07 00:45:53 [ERROR]: Redis error: {"code":"ECONNREFUSED"}
AggregateError [ECONNREFUSED]: 
    at internalConnectMultiple (node:net:1139:18)
    at afterConnectMultiple (node:net:1712:7)
2026-05-07 00:45:53 [ERROR]: Redis error: {"code":"ECONNREFUSED"}
AggregateError [ECONNREFUSED]: 
    at internalConnectMultiple (node:net:1139:18)
    at afterConnectMultiple (node:net:1712:7)
2026-05-07 00:45:54 [ERROR]: Redis error: {"code":"ECONNREFUSED"}
AggregateError [ECONNREFUSED]: 
    at internalConnectMultiple (node:net:1139:18)
    at afterConnectMultiple (node:net:1712:7)
2026-05-07 00:45:54 [ERROR]: Redis error: {"code":"ECONNREFUSED"}
AggregateError [ECONNREFUSED]: 
    at internalConnectMultiple (node:net:1139:18)
    at afterConnectMultiple (node:net:1712:7)
2026-05-07 00:45:55 [ERROR]: Redis error: {"code":"ECONNREFUSED"}
AggregateError [ECONNREFUSED]: 
    at internalConnectMultiple (node:net:1139:18)
    at afterConnectMultiple (node:net:1712:7)
2026-05-07 00:45:55 [ERROR]: Redis error: {"code":"ECONNREFUSED"}
AggregateError [ECONNREFUSED]: 
    at internalConnectMultiple (node:net:1139:18)
    at afterConnectMultiple (node:net:1712:7)
2026-05-07 00:45:56 [ERROR]: Redis error: {"code":"ECONNREFUSED"}
AggregateError [ECONNREFUSED]: 
    at internalConnectMultiple (node:net:1139:18)
    at afterConnectMultiple (node:net:1712:7)
2026-05-07 00:45:56 [ERROR]: Redis error: {"code":"ECONNREFUSED"}
AggregateError [ECONNREFUSED]: 
    at internalConnectMultiple (node:net:1139:18)
    at afterConnectMultiple (node:net:1712:7)
2026-05-07 00:45:57 [ERROR]: Redis error: {"code":"ECONNREFUSED"}
AggregateError [ECONNREFUSED]: 
    at internalConnectMultiple (node:net:1139:18)
    at afterConnectMultiple (node:net:1712:7)
2026-05-07 00:45:57 [ERROR]: Redis error: {"code":"ECONNREFUSED"}
AggregateError [ECONNREFUSED]: 
    at internalConnectMultiple (node:net:1139:18)
    at afterConnectMultiple (node:net:1712:7)
2026-05-07 00:45:58 [ERROR]: Redis error: {"code":"ECONNREFUSED"}
AggregateError [ECONNREFUSED]: 
    at internalConnectMultiple (node:net:1139:18)
    at afterConnectMultiple (node:net:1712:7)
2026-05-07 00:45:58 [ERROR]: Redis error: {"code":"ECONNREFUSED"}
AggregateError [ECONNREFUSED]: 
    at internalConnectMultiple (node:net:1139:18)
    at afterConnectMultiple (node:net:1712:7)
2026-05-07 00:45:59 [ERROR]: Redis error: {"code":"ECONNREFUSED"}
AggregateError [ECONNREFUSED]: 
    at internalConnectMultiple (node:net:1139:18)
    at afterConnectMultiple (node:net:1712:7)
2026-05-07 00:45:59 [ERROR]: Redis error: {"code":"ECONNREFUSED"}
AggregateError [ECONNREFUSED]: 
    at internalConnectMultiple (node:net:1139:18)
    at afterConnectMultiple (node:net:1712:7)
2026-05-07 00:46:00 [ERROR]: Redis error: {"code":"ECONNREFUSED"}
AggregateError [ECONNREFUSED]: 
    at internalConnectMultiple (node:net:1139:18)
    at afterConnectMultiple (node:net:1712:7)
2026-05-07 00:46:00 [ERROR]: Redis error: {"code":"ECONNREFUSED"}
AggregateError [ECONNREFUSED]: 
    at internalConnectMultiple (node:net:1139:18)
    at afterConnectMultiple (node:net:1712:7)
2026-05-07 00:46:01 [ERROR]: Redis error: {"code":"ECONNREFUSED"}
AggregateError [ECONNREFUSED]: 
    at internalConnectMultiple (node:net:1139:18)
    at afterConnectMultiple (node:net:1712:7)
2026-05-07 00:46:01 [ERROR]: Redis error: {"code":"ECONNREFUSED"}
AggregateError [ECONNREFUSED]: 
    at internalConnectMultiple (node:net:1139:18)
    at afterConnectMultiple (node:net:1712:7)
2026-05-07 00:46:02 [ERROR]: Redis error: {"code":"ECONNREFUSED"}
AggregateError [ECONNREFUSED]: 
    at internalConnectMultiple (node:net:1139:18)
    at afterConnectMultiple (node:net:1712:7)
2026-05-07 00:46:02 [ERROR]: Redis error: {"code":"ECONNREFUSED"}
AggregateError [ECONNREFUSED]: 
    at internalConnectMultiple (node:net:1139:18)
    at afterConnectMultiple (node:net:1712:7)
2026-05-07 00:46:03 [ERROR]: Redis error: {"code":"ECONNREFUSED"}
AggregateError [ECONNREFUSED]: 
    at internalConnectMultiple (node:net:1139:18)
    at afterConnectMultiple (node:net:1712:7)
2026-05-07 00:46:03 [ERROR]: Redis error: {"code":"ECONNREFUSED"}
AggregateError [ECONNREFUSED]: 
    at internalConnectMultiple (node:net:1139:18)
    at afterConnectMultiple (node:net:1712:7)
2026-05-07 00:46:04 [ERROR]: Redis error: {"code":"ECONNREFUSED"}
AggregateError [ECONNREFUSED]: 
    at internalConnectMultiple (node:net:1139:18)
    at afterConnectMultiple (node:net:1712:7)
2026-05-07 00:46:04 [ERROR]: Redis error: {"code":"ECONNREFUSED"}
AggregateError [ECONNREFUSED]: 
    at internalConnectMultiple (node:net:1139:18)
    at afterConnectMultiple (node:net:1712:7)
2026-05-07 00:46:05 [ERROR]: Redis error: {"code":"ECONNREFUSED"}
AggregateError [ECONNREFUSED]: 
    at internalConnectMultiple (node:net:1139:18)
    at afterConnectMultiple (node:net:1712:7)
2026-05-07 00:46:05 [ERROR]: Redis error: {"code":"ECONNREFUSED"}
AggregateError [ECONNREFUSED]: 
    at internalConnectMultiple (node:net:1139:18)
    at afterConnectMultiple (node:net:1712:7)
2026-05-07 00:46:06 [ERROR]: Redis error: {"code":"ECONNREFUSED"}
AggregateError [ECONNREFUSED]: 
    at internalConnectMultiple (node:net:1139:18)
    at afterConnectMultiple (node:net:1712:7)
2026-05-07 00:46:06 [ERROR]: Redis error: {"code":"ECONNREFUSED"}
AggregateError [ECONNREFUSED]: 
    at internalConnectMultiple (node:net:1139:18)
    at afterConnectMultiple (node:net:1712:7)
2026-05-07 00:46:07 [ERROR]: Redis error: {"code":"ECONNREFUSED"}
AggregateError [ECONNREFUSED]: 
    at internalConnectMultiple (node:net:1139:18)
    at afterConnectMultiple (node:net:1712:7)
2026-05-07 00:46:07 [ERROR]: Redis error: {"code":"ECONNREFUSED"}
AggregateError [ECONNREFUSED]: 
    at internalConnectMultiple (node:net:1139:18)
    at afterConnectMultiple (node:net:1712:7)
2026-05-07 00:46:08 [ERROR]: Redis error: {"code":"ECONNREFUSED"}
AggregateError [ECONNREFUSED]: 
    at internalConnectMultiple (node:net:1139:18)
    at afterConnectMultiple (node:net:1712:7)
2026-05-07 00:46:09 [ERROR]: Redis error: {"code":"ECONNREFUSED"}
AggregateError [ECONNREFUSED]: 
    at internalConnectMultiple (node:net:1139:18)
    at afterConnectMultiple (node:net:1712:7)
2026-05-07 00:46:09 [ERROR]: Redis error: {"code":"ECONNREFUSED"}
AggregateError [ECONNREFUSED]: 
    at internalConnectMultiple (node:net:1139:18)
    at afterConnectMultiple (node:net:1712:7)
2026-05-07 00:46:10 [ERROR]: Redis error: {"code":"ECONNREFUSED"}
AggregateError [ECONNREFUSED]: 
    at internalConnectMultiple (node:net:1139:18)
    at afterConnectMultiple (node:net:1712:7)
2026-05-07 00:46:10 [ERROR]: Redis error: {"code":"ECONNREFUSED"}
AggregateError [ECONNREFUSED]: 
    at internalConnectMultiple (node:net:1139:18)
    at afterConnectMultiple (node:net:1712:7)
2026-05-07 00:46:11 [ERROR]: Redis error: {"code":"ECONNREFUSED"}
AggregateError [ECONNREFUSED]: 
    at internalConnectMultiple (node:net:1139:18)
    at afterConnectMultiple (node:net:1712:7)
2026-05-07 00:46:11 [ERROR]: Redis error: {"code":"ECONNREFUSED"}
AggregateError [ECONNREFUSED]: 
    at internalConnectMultiple (node:net:1139:18)
    at afterConnectMultiple (node:net:1712:7)
2026-05-07 00:46:12 [ERROR]: Redis error: {"code":"ECONNREFUSED"}
AggregateError [ECONNREFUSED]: 
    at internalConnectMultiple (node:net:1139:18)
    at afterConnectMultiple (node:net:1712:7)
2026-05-07 00:46:12 [ERROR]: Redis error: {"code":"ECONNREFUSED"}
AggregateError [ECONNREFUSED]: 
    at internalConnectMultiple (node:net:1139:18)
    at afterConnectMultiple (node:net:1712:7)
2026-05-07 00:46:13 [ERROR]: Redis error: {"code":"ECONNREFUSED"}
AggregateError [ECONNREFUSED]: 
    at internalConnectMultiple (node:net:1139:18)
    at afterConnectMultiple (node:net:1712:7)
2026-05-07 00:46:13 [ERROR]: Redis error: {"code":"ECONNREFUSED"}
AggregateError [ECONNREFUSED]: 
    at internalConnectMultiple (node:net:1139:18)
    at afterConnectMultiple (node:net:1712:7)
2026-05-07 00:46:14 [ERROR]: Redis error: {"code":"ECONNREFUSED"}
AggregateError [ECONNREFUSED]: 
    at internalConnectMultiple (node:net:1139:18)
    at afterConnectMultiple (node:net:1712:7)
2026-05-07 00:46:14 [ERROR]: Redis error: {"code":"ECONNREFUSED"}
AggregateError [ECONNREFUSED]: 
    at internalConnectMultiple (node:net:1139:18)
    at afterConnectMultiple (node:net:1712:7)
2026-05-07 00:46:15 [ERROR]: Redis error: {"code":"ECONNREFUSED"}
AggregateError [ECONNREFUSED]: 
    at internalConnectMultiple (node:net:1139:18)
    at afterConnectMultiple (node:net:1712:7)
2026-05-07 00:46:15 [ERROR]: Redis error: {"code":"ECONNREFUSED"}
AggregateError [ECONNREFUSED]: 
    at internalConnectMultiple (node:net:1139:18)
    at afterConnectMultiple (node:net:1712:7)
2026-05-07 00:46:16 [ERROR]: Redis error: {"code":"ECONNREFUSED"}
AggregateError [ECONNREFUSED]: 
    at internalConnectMultiple (node:net:1139:18)
    at afterConnectMultiple (node:net:1712:7)
2026-05-07 00:46:16 [ERROR]: Redis error: {"code":"ECONNREFUSED"}
AggregateError [ECONNREFUSED]: 
    at internalConnectMultiple (node:net:1139:18)
    at afterConnectMultiple (node:net:1712:7)
2026-05-07 00:46:17 [ERROR]: Redis error: {"code":"ECONNREFUSED"}
AggregateError [ECONNREFUSED]: 
    at internalConnectMultiple (node:net:1139:18)
    at afterConnectMultiple (node:net:1712:7)
2026-05-07 00:46:17 [ERROR]: Redis error: {"code":"ECONNREFUSED"}
AggregateError [ECONNREFUSED]: 
    at internalConnectMultiple (node:net:1139:18)
    at afterConnectMultiple (node:net:1712:7)
2026-05-07 00:46:18 [ERROR]: Redis error: {"code":"ECONNREFUSED"}
AggregateError [ECONNREFUSED]: 
    at internalConnectMultiple (node:net:1139:18)
    at afterConnectMultiple (node:net:1712:7)
2026-05-07 00:46:18 [ERROR]: Redis error: {"code":"ECONNREFUSED"}
AggregateError [ECONNREFUSED]: 
    at internalConnectMultiple (node:net:1139:18)
    at afterConnectMultiple (node:net:1712:7)
2026-05-07 00:46:19 [ERROR]: Redis error: {"code":"ECONNREFUSED"}
AggregateError [ECONNREFUSED]: 
    at internalConnectMultiple (node:net:1139:18)
    at afterConnectMultiple (node:net:1712:7)
2026-05-07 00:46:19 [ERROR]: Redis error: {"code":"ECONNREFUSED"}
AggregateError [ECONNREFUSED]: 
    at internalConnectMultiple (node:net:1139:18)
    at afterConnectMultiple (node:net:1712:7)
2026-05-07 00:46:20 [ERROR]: Redis error: {"code":"ECONNREFUSED"}
AggregateError [ECONNREFUSED]: 
    at internalConnectMultiple (node:net:1139:18)
    at afterConnectMultiple (node:net:1712:7)
2026-05-07 00:46:20 [ERROR]: Redis error: {"code":"ECONNREFUSED"}
AggregateError [ECONNREFUSED]: 
    at internalConnectMultiple (node:net:1139:18)
    at afterConnectMultiple (node:net:1712:7)
2026-05-07 00:46:21 [ERROR]: Redis error: {"code":"ECONNREFUSED"}
AggregateError [ECONNREFUSED]: 
    at internalConnectMultiple (node:net:1139:18)
    at afterConnectMultiple (node:net:1712:7)
2026-05-07 00:46:21 [ERROR]: Redis error: {"code":"ECONNREFUSED"}
AggregateError [ECONNREFUSED]: 
    at internalConnectMultiple (node:net:1139:18)
    at afterConnectMultiple (node:net:1712:7)
2026-05-07 00:46:22 [ERROR]: Redis error: {"code":"ECONNREFUSED"}
AggregateError [ECONNREFUSED]: 
    at internalConnectMultiple (node:net:1139:18)
    at afterConnectMultiple (node:net:1712:7)
2026-05-07 00:46:22 [ERROR]: Redis error: {"code":"ECONNREFUSED"}
AggregateError [ECONNREFUSED]: 
    at internalConnectMultiple (node:net:1139:18)
    at afterConnectMultiple (node:net:1712:7)
2026-05-07 00:46:23 [ERROR]: Redis error: {"code":"ECONNREFUSED"}
AggregateError [ECONNREFUSED]: 
    at internalConnectMultiple (node:net:1139:18)
    at afterConnectMultiple (node:net:1712:7)
2026-05-07 00:46:23 [ERROR]: Redis error: {"code":"ECONNREFUSED"}
AggregateError [ECONNREFUSED]: 
    at internalConnectMultiple (node:net:1139:18)
    at afterConnectMultiple (node:net:1712:7)
2026-05-07 00:46:24 [ERROR]: Redis error: {"code":"ECONNREFUSED"}
AggregateError [ECONNREFUSED]: 
    at internalConnectMultiple (node:net:1139:18)
    at afterConnectMultiple (node:net:1712:7)
2026-05-07 00:46:24 [ERROR]: Redis error: {"code":"ECONNREFUSED"}
AggregateError [ECONNREFUSED]: 
    at internalConnectMultiple (node:net:1139:18)
    at afterConnectMultiple (node:net:1712:7)
2026-05-07 00:46:25 [ERROR]: Redis error: {"code":"ECONNREFUSED"}
AggregateError [ECONNREFUSED]: 
    at internalConnectMultiple (node:net:1139:18)
    at afterConnectMultiple (node:net:1712:7)
2026-05-07 00:46:25 [ERROR]: Redis error: {"code":"ECONNREFUSED"}
AggregateError [ECONNREFUSED]: 
    at internalConnectMultiple (node:net:1139:18)
    at afterConnectMultiple (node:net:1712:7)
2026-05-07 00:46:26 [ERROR]: Redis error: {"code":"ECONNREFUSED"}
AggregateError [ECONNREFUSED]: 
    at internalConnectMultiple (node:net:1139:18)
    at afterConnectMultiple (node:net:1712:7)
2026-05-07 00:46:26 [ERROR]: Redis error: {"code":"ECONNREFUSED"}
AggregateError [ECONNREFUSED]: 
    at internalConnectMultiple (node:net:1139:18)
    at afterConnectMultiple (node:net:1712:7)
2026-05-07 00:46:27 [ERROR]: Redis error: {"code":"ECONNREFUSED"}
AggregateError [ECONNREFUSED]: 
    at internalConnectMultiple (node:net:1139:18)
    at afterConnectMultiple (node:net:1712:7)
2026-05-07 00:46:27 [ERROR]: Redis error: {"code":"ECONNREFUSED"}
AggregateError [ECONNREFUSED]: 
    at internalConnectMultiple (node:net:1139:18)
    at afterConnectMultiple (node:net:1712:7)
2026-05-07 00:46:28 [ERROR]: Redis error: {"code":"ECONNREFUSED"}
AggregateError [ECONNREFUSED]: 
    at internalConnectMultiple (node:net:1139:18)
    at afterConnectMultiple (node:net:1712:7)
2026-05-07 00:46:28 [ERROR]: Redis error: {"code":"ECONNREFUSED"}
AggregateError [ECONNREFUSED]: 
    at internalConnectMultiple (node:net:1139:18)
    at afterConnectMultiple (node:net:1712:7)
2026-05-07 00:46:29 [ERROR]: Redis error: {"code":"ECONNREFUSED"}
AggregateError [ECONNREFUSED]: 
    at internalConnectMultiple (node:net:1139:18)
    at afterConnectMultiple (node:net:1712:7)
2026-05-07 00:46:29 [ERROR]: Redis error: {"code":"ECONNREFUSED"}
AggregateError [ECONNREFUSED]: 
    at internalConnectMultiple (node:net:1139:18)
    at afterConnectMultiple (node:net:1712:7)
2026-05-07 00:46:30 [ERROR]: Redis error: {"code":"ECONNREFUSED"}
AggregateError [ECONNREFUSED]: 
    at internalConnectMultiple (node:net:1139:18)
    at afterConnectMultiple (node:net:1712:7)
2026-05-07 00:46:30 [ERROR]: Redis error: {"code":"ECONNREFUSED"}
AggregateError [ECONNREFUSED]: 
    at internalConnectMultiple (node:net:1139:18)
    at afterConnectMultiple (node:net:1712:7)
2026-05-07 00:46:31 [ERROR]: Redis error: {"code":"ECONNREFUSED"}
AggregateError [ECONNREFUSED]: 
    at internalConnectMultiple (node:net:1139:18)
    at afterConnectMultiple (node:net:1712:7)
2026-05-07 00:46:31 [ERROR]: Redis error: {"code":"ECONNREFUSED"}
AggregateError [ECONNREFUSED]: 
    at internalConnectMultiple (node:net:1139:18)
    at afterConnectMultiple (node:net:1712:7)
2026-05-07 00:46:32 [ERROR]: Redis error: {"code":"ECONNREFUSED"}
AggregateError [ECONNREFUSED]: 
    at internalConnectMultiple (node:net:1139:18)
    at afterConnectMultiple (node:net:1712:7)
2026-05-07 00:46:32 [ERROR]: Redis error: {"code":"ECONNREFUSED"}
AggregateError [ECONNREFUSED]: 
    at internalConnectMultiple (node:net:1139:18)
    at afterConnectMultiple (node:net:1712:7)
2026-05-07 00:46:33 [ERROR]: Redis error: {"code":"ECONNREFUSED"}
AggregateError [ECONNREFUSED]: 
    at internalConnectMultiple (node:net:1139:18)
    at afterConnectMultiple (node:net:1712:7)
2026-05-07 00:46:33 [ERROR]: Redis error: {"code":"ECONNREFUSED"}
AggregateError [ECONNREFUSED]: 
    at internalConnectMultiple (node:net:1139:18)
    at afterConnectMultiple (node:net:1712:7)
2026-05-07 00:46:34 [ERROR]: Redis error: {"code":"ECONNREFUSED"}
AggregateError [ECONNREFUSED]: 
    at internalConnectMultiple (node:net:1139:18)
    at afterConnectMultiple (node:net:1712:7)
2026-05-07 00:46:35 [ERROR]: Redis error: {"code":"ECONNREFUSED"}
AggregateError [ECONNREFUSED]: 
    at internalConnectMultiple (node:net:1139:18)
    at afterConnectMultiple (node:net:1712:7)
2026-05-07 00:46:35 [ERROR]: Redis error: {"code":"ECONNREFUSED"}
AggregateError [ECONNREFUSED]: 
    at internalConnectMultiple (node:net:1139:18)
    at afterConnectMultiple (node:net:1712:7)
2026-05-07 00:46:36 [ERROR]: Redis error: {"code":"ECONNREFUSED"}
AggregateError [ECONNREFUSED]: 
    at internalConnectMultiple (node:net:1139:18)
    at afterConnectMultiple (node:net:1712:7)
2026-05-07 00:46:36 [ERROR]: Redis error: {"code":"ECONNREFUSED"}
AggregateError [ECONNREFUSED]: 
    at internalConnectMultiple (node:net:1139:18)
    at afterConnectMultiple (node:net:1712:7)
2026-05-07 00:46:37 [ERROR]: Redis error: {"code":"ECONNREFUSED"}
AggregateError [ECONNREFUSED]: 
    at internalConnectMultiple (node:net:1139:18)
    at afterConnectMultiple (node:net:1712:7)
2026-05-07 00:46:37 [ERROR]: Redis error: {"code":"ECONNREFUSED"}
AggregateError [ECONNREFUSED]: 
    at internalConnectMultiple (node:net:1139:18)
    at afterConnectMultiple (node:net:1712:7)
2026-05-07 00:46:38 [ERROR]: Redis error: {"code":"ECONNREFUSED"}
AggregateError [ECONNREFUSED]: 
    at internalConnectMultiple (node:net:1139:18)
    at afterConnectMultiple (node:net:1712:7)
2026-05-07 00:46:38 [ERROR]: Redis error: {"code":"ECONNREFUSED"}
AggregateError [ECONNREFUSED]: 
    at internalConnectMultiple (node:net:1139:18)
    at afterConnectMultiple (node:net:1712:7)
2026-05-07 00:46:39 [ERROR]: Redis error: {"code":"ECONNREFUSED"}
AggregateError [ECONNREFUSED]: 
    at internalConnectMultiple (node:net:1139:18)
    at afterConnectMultiple (node:net:1712:7)
2026-05-07 00:46:39 [ERROR]: Redis error: {"code":"ECONNREFUSED"}
AggregateError [ECONNREFUSED]: 
    at internalConnectMultiple (node:net:1139:18)
    at afterConnectMultiple (node:net:1712:7)
2026-05-07 00:46:40 [ERROR]: Redis error: {"code":"ECONNREFUSED"}
AggregateError [ECONNREFUSED]: 
    at internalConnectMultiple (node:net:1139:18)
    at afterConnectMultiple (node:net:1712:7)
2026-05-07 00:46:40 [ERROR]: Redis error: {"code":"ECONNREFUSED"}
AggregateError [ECONNREFUSED]: 
    at internalConnectMultiple (node:net:1139:18)
    at afterConnectMultiple (node:net:1712:7)
2026-05-07 00:46:41 [ERROR]: Redis error: {"code":"ECONNREFUSED"}
AggregateError [ECONNREFUSED]: 
    at internalConnectMultiple (node:net:1139:18)
    at afterConnectMultiple (node:net:1712:7)
2026-05-07 00:46:41 [ERROR]: Redis error: {"code":"ECONNREFUSED"}
AggregateError [ECONNREFUSED]: 
    at internalConnectMultiple (node:net:1139:18)
    at afterConnectMultiple (node:net:1712:7)
2026-05-07 00:46:42 [ERROR]: Redis error: {"code":"ECONNREFUSED"}
AggregateError [ECONNREFUSED]: 
    at internalConnectMultiple (node:net:1139:18)
    at afterConnectMultiple (node:net:1712:7)
2026-05-07 00:46:42 [ERROR]: Redis error: {"code":"ECONNREFUSED"}
AggregateError [ECONNREFUSED]: 
    at internalConnectMultiple (node:net:1139:18)
    at afterConnectMultiple (node:net:1712:7)
2026-05-07 00:46:43 [ERROR]: Redis error: {"code":"ECONNREFUSED"}
AggregateError [ECONNREFUSED]: 
    at internalConnectMultiple (node:net:1139:18)
    at afterConnectMultiple (node:net:1712:7)
2026-05-07 00:46:43 [ERROR]: Redis error: {"code":"ECONNREFUSED"}
AggregateError [ECONNREFUSED]: 
    at internalConnectMultiple (node:net:1139:18)
    at afterConnectMultiple (node:net:1712:7)
2026-05-07 00:46:44 [ERROR]: Redis error: {"code":"ECONNREFUSED"}
AggregateError [ECONNREFUSED]: 
    at internalConnectMultiple (node:net:1139:18)
    at afterConnectMultiple (node:net:1712:7)
2026-05-07 00:46:44 [ERROR]: Redis error: {"code":"ECONNREFUSED"}
AggregateError [ECONNREFUSED]: 
    at internalConnectMultiple (node:net:1139:18)
    at afterConnectMultiple (node:net:1712:7)
2026-05-07 00:46:45 [ERROR]: Redis error: {"code":"ECONNREFUSED"}
AggregateError [ECONNREFUSED]: 
    at internalConnectMultiple (node:net:1139:18)
    at afterConnectMultiple (node:net:1712:7)
2026-05-07 00:46:45 [ERROR]: Redis error: {"code":"ECONNREFUSED"}
AggregateError [ECONNREFUSED]: 
    at internalConnectMultiple (node:net:1139:18)
    at afterConnectMultiple (node:net:1712:7)
2026-05-07 00:46:46 [ERROR]: Redis error: {"code":"ECONNREFUSED"}
AggregateError [ECONNREFUSED]: 
    at internalConnectMultiple (node:net:1139:18)
    at afterConnectMultiple (node:net:1712:7)
2026-05-07 00:46:46 [ERROR]: Redis error: {"code":"ECONNREFUSED"}
AggregateError [ECONNREFUSED]: 
    at internalConnectMultiple (node:net:1139:18)
    at afterConnectMultiple (node:net:1712:7)
2026-05-07 00:46:47 [ERROR]: Redis error: {"code":"ECONNREFUSED"}
AggregateError [ECONNREFUSED]: 
    at internalConnectMultiple (node:net:1139:18)
    at afterConnectMultiple (node:net:1712:7)
2026-05-07 00:46:47 [ERROR]: Redis error: {"code":"ECONNREFUSED"}
AggregateError [ECONNREFUSED]: 
    at internalConnectMultiple (node:net:1139:18)
    at afterConnectMultiple (node:net:1712:7)
2026-05-07 00:46:48 [ERROR]: Redis error: {"code":"ECONNREFUSED"}
AggregateError [ECONNREFUSED]: 
    at internalConnectMultiple (node:net:1139:18)
    at afterConnectMultiple (node:net:1712:7)
2026-05-07 00:46:48 [ERROR]: Redis error: {"code":"ECONNREFUSED"}
AggregateError [ECONNREFUSED]: 
    at internalConnectMultiple (node:net:1139:18)
    at afterConnectMultiple (node:net:1712:7)
2026-05-07 00:46:49 [ERROR]: Redis error: {"code":"ECONNREFUSED"}
AggregateError [ECONNREFUSED]: 
    at internalConnectMultiple (node:net:1139:18)
    at afterConnectMultiple (node:net:1712:7)
2026-05-07 00:46:49 [ERROR]: Redis error: {"code":"ECONNREFUSED"}
AggregateError [ECONNREFUSED]: 
    at internalConnectMultiple (node:net:1139:18)
    at afterConnectMultiple (node:net:1712:7)
2026-05-07 00:46:50 [ERROR]: Redis error: {"code":"ECONNREFUSED"}
AggregateError [ECONNREFUSED]: 
    at internalConnectMultiple (node:net:1139:18)
    at afterConnectMultiple (node:net:1712:7)
2026-05-07 00:46:50 [ERROR]: Redis error: {"code":"ECONNREFUSED"}
AggregateError [ECONNREFUSED]: 
    at internalConnectMultiple (node:net:1139:18)
    at afterConnectMultiple (node:net:1712:7)
2026-05-07 00:46:51 [ERROR]: Redis error: {"code":"ECONNREFUSED"}
AggregateError [ECONNREFUSED]: 
    at internalConnectMultiple (node:net:1139:18)
    at afterConnectMultiple (node:net:1712:7)
2026-05-07 00:46:51 [ERROR]: Redis error: {"code":"ECONNREFUSED"}
AggregateError [ECONNREFUSED]: 
    at internalConnectMultiple (node:net:1139:18)
    at afterConnectMultiple (node:net:1712:7)
2026-05-07 00:46:52 [ERROR]: Redis error: {"code":"ECONNREFUSED"}
AggregateError [ECONNREFUSED]: 
    at internalConnectMultiple (node:net:1139:18)
    at afterConnectMultiple (node:net:1712:7)
2026-05-07 00:46:52 [ERROR]: Redis error: {"code":"ECONNREFUSED"}
AggregateError [ECONNREFUSED]: 
    at internalConnectMultiple (node:net:1139:18)
    at afterConnectMultiple (node:net:1712:7)
2026-05-07 00:46:53 [ERROR]: Redis error: {"code":"ECONNREFUSED"}
AggregateError [ECONNREFUSED]: 
    at internalConnectMultiple (node:net:1139:18)
    at afterConnectMultiple (node:net:1712:7)
2026-05-07 00:46:53 [ERROR]: Redis error: {"code":"ECONNREFUSED"}
AggregateError [ECONNREFUSED]: 
    at internalConnectMultiple (node:net:1139:18)
    at afterConnectMultiple (node:net:1712:7)
2026-05-07 00:46:54 [ERROR]: Redis error: {"code":"ECONNREFUSED"}
AggregateError [ECONNREFUSED]: 
    at internalConnectMultiple (node:net:1139:18)
    at afterConnectMultiple (node:net:1712:7)
2026-05-07 00:46:54 [ERROR]: Redis error: {"code":"ECONNREFUSED"}
AggregateError [ECONNREFUSED]: 
    at internalConnectMultiple (node:net:1139:18)
    at afterConnectMultiple (node:net:1712:7)
2026-05-07 00:46:55 [ERROR]: Redis error: {"code":"ECONNREFUSED"}
AggregateError [ECONNREFUSED]: 
    at internalConnectMultiple (node:net:1139:18)
    at afterConnectMultiple (node:net:1712:7)
2026-05-07 00:46:55 [ERROR]: Redis error: {"code":"ECONNREFUSED"}
AggregateError [ECONNREFUSED]: 
    at internalConnectMultiple (node:net:1139:18)
    at afterConnectMultiple (node:net:1712:7)
2026-05-07 00:46:56 [ERROR]: Redis error: {"code":"ECONNREFUSED"}
AggregateError [ECONNREFUSED]: 
    at internalConnectMultiple (node:net:1139:18)
    at afterConnectMultiple (node:net:1712:7)
2026-05-07 00:46:56 [ERROR]: Redis error: {"code":"ECONNREFUSED"}
AggregateError [ECONNREFUSED]: 
    at internalConnectMultiple (node:net:1139:18)
    at afterConnectMultiple (node:net:1712:7)
2026-05-07 00:46:57 [ERROR]: Redis error: {"code":"ECONNREFUSED"}
AggregateError [ECONNREFUSED]: 
    at internalConnectMultiple (node:net:1139:18)
    at afterConnectMultiple (node:net:1712:7)
2026-05-07 00:46:57 [ERROR]: Redis error: {"code":"ECONNREFUSED"}
AggregateError [ECONNREFUSED]: 
    at internalConnectMultiple (node:net:1139:18)
    at afterConnectMultiple (node:net:1712:7)
2026-05-07 00:46:58 [ERROR]: Redis error: {"code":"ECONNREFUSED"}
AggregateError [ECONNREFUSED]: 
    at internalConnectMultiple (node:net:1139:18)
    at afterConnectMultiple (node:net:1712:7)
2026-05-07 00:46:58 [ERROR]: Redis error: {"code":"ECONNREFUSED"}
AggregateError [ECONNREFUSED]: 
    at internalConnectMultiple (node:net:1139:18)
    at afterConnectMultiple (node:net:1712:7)
2026-05-07 00:46:59 [ERROR]: Redis error: {"code":"ECONNREFUSED"}
AggregateError [ECONNREFUSED]: 
    at internalConnectMultiple (node:net:1139:18)
    at afterConnectMultiple (node:net:1712:7)
2026-05-07 00:46:59 [ERROR]: Redis error: {"code":"ECONNREFUSED"}
AggregateError [ECONNREFUSED]: 
    at internalConnectMultiple (node:net:1139:18)
    at afterConnectMultiple (node:net:1712:7)
2026-05-07 00:47:00 [ERROR]: Redis error: {"code":"ECONNREFUSED"}
AggregateError [ECONNREFUSED]: 
    at internalConnectMultiple (node:net:1139:18)
    at afterConnectMultiple (node:net:1712:7)
2026-05-07 00:47:00 [ERROR]: Redis error: {"code":"ECONNREFUSED"}
AggregateError [ECONNREFUSED]: 
    at internalConnectMultiple (node:net:1139:18)
    at afterConnectMultiple (node:net:1712:7)
2026-05-07 00:47:01 [ERROR]: Redis error: {"code":"ECONNREFUSED"}
AggregateError [ECONNREFUSED]: 
    at internalConnectMultiple (node:net:1139:18)
    at afterConnectMultiple (node:net:1712:7)
2026-05-07 00:47:01 [ERROR]: Redis error: {"code":"ECONNREFUSED"}
AggregateError [ECONNREFUSED]: 
    at internalConnectMultiple (node:net:1139:18)
    at afterConnectMultiple (node:net:1712:7)
2026-05-07 00:47:02 [ERROR]: Redis error: {"code":"ECONNREFUSED"}
AggregateError [ECONNREFUSED]: 
    at internalConnectMultiple (node:net:1139:18)
    at afterConnectMultiple (node:net:1712:7)
2026-05-07 00:47:03 [ERROR]: Redis error: {"code":"ECONNREFUSED"}
AggregateError [ECONNREFUSED]: 
    at internalConnectMultiple (node:net:1139:18)
    at afterConnectMultiple (node:net:1712:7)
2026-05-07 00:47:03 [ERROR]: Redis error: {"code":"ECONNREFUSED"}
AggregateError [ECONNREFUSED]: 
    at internalConnectMultiple (node:net:1139:18)
    at afterConnectMultiple (node:net:1712:7)
2026-05-07 00:47:04 [ERROR]: Redis error: {"code":"ECONNREFUSED"}
AggregateError [ECONNREFUSED]: 
    at internalConnectMultiple (node:net:1139:18)
    at afterConnectMultiple (node:net:1712:7)
2026-05-07 00:47:04 [ERROR]: Redis error: {"code":"ECONNREFUSED"}
AggregateError [ECONNREFUSED]: 
    at internalConnectMultiple (node:net:1139:18)
    at afterConnectMultiple (node:net:1712:7)
2026-05-07 00:47:05 [ERROR]: Redis error: {"code":"ECONNREFUSED"}
AggregateError [ECONNREFUSED]: 
    at internalConnectMultiple (node:net:1139:18)
    at afterConnectMultiple (node:net:1712:7)
2026-05-07 00:47:05 [ERROR]: Redis error: {"code":"ECONNREFUSED"}
AggregateError [ECONNREFUSED]: 
    at internalConnectMultiple (node:net:1139:18)
    at afterConnectMultiple (node:net:1712:7)
2026-05-07 00:47:06 [ERROR]: Redis error: {"code":"ECONNREFUSED"}
AggregateError [ECONNREFUSED]: 
    at internalConnectMultiple (node:net:1139:18)
    at afterConnectMultiple (node:net:1712:7)
2026-05-07 00:47:06 [ERROR]: Redis error: {"code":"ECONNREFUSED"}
AggregateError [ECONNREFUSED]: 
    at internalConnectMultiple (node:net:1139:18)
    at afterConnectMultiple (node:net:1712:7)
2026-05-07 00:47:07 [ERROR]: Redis error: {"code":"ECONNREFUSED"}
AggregateError [ECONNREFUSED]: 
    at internalConnectMultiple (node:net:1139:18)
    at afterConnectMultiple (node:net:1712:7)
2026-05-07 00:47:07 [ERROR]: Redis error: {"code":"ECONNREFUSED"}
AggregateError [ECONNREFUSED]: 
    at internalConnectMultiple (node:net:1139:18)
    at afterConnectMultiple (node:net:1712:7)
2026-05-07 00:47:08 [ERROR]: Redis error: {"code":"ECONNREFUSED"}
AggregateError [ECONNREFUSED]: 
    at internalConnectMultiple (node:net:1139:18)
    at afterConnectMultiple (node:net:1712:7)
2026-05-07 00:47:08 [ERROR]: Redis error: {"code":"ECONNREFUSED"}
AggregateError [ECONNREFUSED]: 
    at internalConnectMultiple (node:net:1139:18)
    at afterConnectMultiple (node:net:1712:7)
2026-05-07 00:47:09 [ERROR]: Redis error: {"code":"ECONNREFUSED"}
AggregateError [ECONNREFUSED]: 
    at internalConnectMultiple (node:net:1139:18)
    at afterConnectMultiple (node:net:1712:7)
2026-05-07 00:47:09 [ERROR]: Redis error: {"code":"ECONNREFUSED"}
AggregateError [ECONNREFUSED]: 
    at internalConnectMultiple (node:net:1139:18)
    at afterConnectMultiple (node:net:1712:7)
2026-05-07 00:47:10 [ERROR]: Redis error: {"code":"ECONNREFUSED"}
AggregateError [ECONNREFUSED]: 
    at internalConnectMultiple (node:net:1139:18)
    at afterConnectMultiple (node:net:1712:7)
2026-05-07 00:47:10 [ERROR]: Redis error: {"code":"ECONNREFUSED"}
AggregateError [ECONNREFUSED]: 
    at internalConnectMultiple (node:net:1139:18)
    at afterConnectMultiple (node:net:1712:7)
2026-05-07 00:47:11 [ERROR]: Redis error: {"code":"ECONNREFUSED"}
AggregateError [ECONNREFUSED]: 
    at internalConnectMultiple (node:net:1139:18)
    at afterConnectMultiple (node:net:1712:7)
2026-05-07 00:47:11 [ERROR]: Redis error: {"code":"ECONNREFUSED"}
AggregateError [ECONNREFUSED]: 
    at internalConnectMultiple (node:net:1139:18)
    at afterConnectMultiple (node:net:1712:7)
2026-05-07 00:47:12 [ERROR]: Redis error: {"code":"ECONNREFUSED"}
AggregateError [ECONNREFUSED]: 
    at internalConnectMultiple (node:net:1139:18)
    at afterConnectMultiple (node:net:1712:7)
2026-05-07 00:47:12 [ERROR]: Redis error: {"code":"ECONNREFUSED"}
AggregateError [ECONNREFUSED]: 
    at internalConnectMultiple (node:net:1139:18)
    at afterConnectMultiple (node:net:1712:7)
2026-05-07 00:47:13 [ERROR]: Redis error: {"code":"ECONNREFUSED"}
AggregateError [ECONNREFUSED]: 
    at internalConnectMultiple (node:net:1139:18)
    at afterConnectMultiple (node:net:1712:7)
2026-05-07 00:47:13 [ERROR]: Redis error: {"code":"ECONNREFUSED"}
AggregateError [ECONNREFUSED]: 
    at internalConnectMultiple (node:net:1139:18)
    at afterConnectMultiple (node:net:1712:7)
2026-05-07 00:47:14 [ERROR]: Redis error: {"code":"ECONNREFUSED"}
AggregateError [ECONNREFUSED]: 
    at internalConnectMultiple (node:net:1139:18)
    at afterConnectMultiple (node:net:1712:7)
2026-05-07 00:47:14 [ERROR]: Redis error: {"code":"ECONNREFUSED"}
AggregateError [ECONNREFUSED]: 
    at internalConnectMultiple (node:net:1139:18)
    at afterConnectMultiple (node:net:1712:7)
2026-05-07 00:47:15 [ERROR]: Redis error: {"code":"ECONNREFUSED"}
AggregateError [ECONNREFUSED]: 
    at internalConnectMultiple (node:net:1139:18)
    at afterConnectMultiple (node:net:1712:7)
2026-05-07 00:47:15 [ERROR]: Redis error: {"code":"ECONNREFUSED"}
AggregateError [ECONNREFUSED]: 
    at internalConnectMultiple (node:net:1139:18)
    at afterConnectMultiple (node:net:1712:7)
2026-05-07 00:47:16 [ERROR]: Redis error: {"code":"ECONNREFUSED"}
AggregateError [ECONNREFUSED]: 
    at internalConnectMultiple (node:net:1139:18)
    at afterConnectMultiple (node:net:1712:7)
2026-05-07 00:47:16 [ERROR]: Redis error: {"code":"ECONNREFUSED"}
AggregateError [ECONNREFUSED]: 
    at internalConnectMultiple (node:net:1139:18)
    at afterConnectMultiple (node:net:1712:7)
2026-05-07 00:47:17 [ERROR]: Redis error: {"code":"ECONNREFUSED"}
AggregateError [ECONNREFUSED]: 
    at internalConnectMultiple (node:net:1139:18)
    at afterConnectMultiple (node:net:1712:7)
2026-05-07 00:47:17 [ERROR]: Redis error: {"code":"ECONNREFUSED"}
AggregateError [ECONNREFUSED]: 
    at internalConnectMultiple (node:net:1139:18)
    at afterConnectMultiple (node:net:1712:7)
2026-05-07 00:47:18 [ERROR]: Redis error: {"code":"ECONNREFUSED"}
AggregateError [ECONNREFUSED]: 
    at internalConnectMultiple (node:net:1139:18)
    at afterConnectMultiple (node:net:1712:7)
2026-05-07 00:47:18 [ERROR]: Redis error: {"code":"ECONNREFUSED"}
AggregateError [ECONNREFUSED]: 
    at internalConnectMultiple (node:net:1139:18)
    at afterConnectMultiple (node:net:1712:7)
2026-05-07 00:47:19 [ERROR]: Redis error: {"code":"ECONNREFUSED"}
AggregateError [ECONNREFUSED]: 
    at internalConnectMultiple (node:net:1139:18)
    at afterConnectMultiple (node:net:1712:7)
2026-05-07 00:47:19 [ERROR]: Redis error: {"code":"ECONNREFUSED"}
AggregateError [ECONNREFUSED]: 
    at internalConnectMultiple (node:net:1139:18)
    at afterConnectMultiple (node:net:1712:7)
2026-05-07 00:47:20 [ERROR]: Redis error: {"code":"ECONNREFUSED"}
AggregateError [ECONNREFUSED]: 
    at internalConnectMultiple (node:net:1139:18)
    at afterConnectMultiple (node:net:1712:7)
2026-05-07 00:47:20 [ERROR]: Redis error: {"code":"ECONNREFUSED"}
AggregateError [ECONNREFUSED]: 
    at internalConnectMultiple (node:net:1139:18)
    at afterConnectMultiple (node:net:1712:7)
2026-05-07 00:47:21 [ERROR]: Redis error: {"code":"ECONNREFUSED"}
AggregateError [ECONNREFUSED]: 
    at internalConnectMultiple (node:net:1139:18)
    at afterConnectMultiple (node:net:1712:7)
2026-05-07 00:47:21 [ERROR]: Redis error: {"code":"ECONNREFUSED"}
AggregateError [ECONNREFUSED]: 
    at internalConnectMultiple (node:net:1139:18)
    at afterConnectMultiple (node:net:1712:7)
2026-05-07 00:47:22 [ERROR]: Redis error: {"code":"ECONNREFUSED"}
AggregateError [ECONNREFUSED]: 
    at internalConnectMultiple (node:net:1139:18)
    at afterConnectMultiple (node:net:1712:7)
2026-05-07 00:47:22 [ERROR]: Redis error: {"code":"ECONNREFUSED"}
AggregateError [ECONNREFUSED]: 
    at internalConnectMultiple (node:net:1139:18)
    at afterConnectMultiple (node:net:1712:7)
2026-05-07 00:47:23 [ERROR]: Redis error: {"code":"ECONNREFUSED"}
AggregateError [ECONNREFUSED]: 
    at internalConnectMultiple (node:net:1139:18)
    at afterConnectMultiple (node:net:1712:7)
2026-05-07 00:47:23 [ERROR]: Redis error: {"code":"ECONNREFUSED"}
AggregateError [ECONNREFUSED]: 
    at internalConnectMultiple (node:net:1139:18)
    at afterConnectMultiple (node:net:1712:7)
2026-05-07 00:47:24 [ERROR]: Redis error: {"code":"ECONNREFUSED"}
AggregateError [ECONNREFUSED]: 
    at internalConnectMultiple (node:net:1139:18)
    at afterConnectMultiple (node:net:1712:7)
2026-05-07 00:47:24 [ERROR]: Redis error: {"code":"ECONNREFUSED"}
AggregateError [ECONNREFUSED]: 
    at internalConnectMultiple (node:net:1139:18)
    at afterConnectMultiple (node:net:1712:7)
2026-05-07 00:47:25 [ERROR]: Redis error: {"code":"ECONNREFUSED"}
AggregateError [ECONNREFUSED]: 
    at internalConnectMultiple (node:net:1139:18)
    at afterConnectMultiple (node:net:1712:7)
2026-05-07 00:47:25 [ERROR]: Redis error: {"code":"ECONNREFUSED"}
AggregateError [ECONNREFUSED]: 
    at internalConnectMultiple (node:net:1139:18)
    at afterConnectMultiple (node:net:1712:7)
2026-05-07 00:47:26 [ERROR]: Redis error: {"code":"ECONNREFUSED"}
AggregateError [ECONNREFUSED]: 
    at internalConnectMultiple (node:net:1139:18)
    at afterConnectMultiple (node:net:1712:7)
2026-05-07 00:47:26 [ERROR]: Redis error: {"code":"ECONNREFUSED"}
AggregateError [ECONNREFUSED]: 
    at internalConnectMultiple (node:net:1139:18)
    at afterConnectMultiple (node:net:1712:7)
2026-05-07 00:47:27 [ERROR]: Redis error: {"code":"ECONNREFUSED"}
AggregateError [ECONNREFUSED]: 
    at internalConnectMultiple (node:net:1139:18)
    at afterConnectMultiple (node:net:1712:7)
2026-05-07 00:47:28 [ERROR]: Redis error: {"code":"ECONNREFUSED"}
AggregateError [ECONNREFUSED]: 
    at internalConnectMultiple (node:net:1139:18)
    at afterConnectMultiple (node:net:1712:7)
2026-05-07 00:47:28 [ERROR]: Redis error: {"code":"ECONNREFUSED"}
AggregateError [ECONNREFUSED]: 
    at internalConnectMultiple (node:net:1139:18)
    at afterConnectMultiple (node:net:1712:7)
2026-05-07 00:47:29 [ERROR]: Redis error: {"code":"ECONNREFUSED"}
AggregateError [ECONNREFUSED]: 
    at internalConnectMultiple (node:net:1139:18)
    at afterConnectMultiple (node:net:1712:7)
2026-05-07 00:47:29 [ERROR]: Redis error: {"code":"ECONNREFUSED"}
AggregateError [ECONNREFUSED]: 
    at internalConnectMultiple (node:net:1139:18)
    at afterConnectMultiple (node:net:1712:7)
2026-05-07 00:47:30 [ERROR]: Redis error: {"code":"ECONNREFUSED"}
AggregateError [ECONNREFUSED]: 
    at internalConnectMultiple (node:net:1139:18)
    at afterConnectMultiple (node:net:1712:7)
2026-05-07 00:47:30 [ERROR]: Redis error: {"code":"ECONNREFUSED"}
AggregateError [ECONNREFUSED]: 
    at internalConnectMultiple (node:net:1139:18)
    at afterConnectMultiple (node:net:1712:7)
2026-05-07 00:47:31 [ERROR]: Redis error: {"code":"ECONNREFUSED"}
AggregateError [ECONNREFUSED]: 
    at internalConnectMultiple (node:net:1139:18)
    at afterConnectMultiple (node:net:1712:7)
2026-05-07 00:47:31 [ERROR]: Redis error: {"code":"ECONNREFUSED"}
AggregateError [ECONNREFUSED]: 
    at internalConnectMultiple (node:net:1139:18)
    at afterConnectMultiple (node:net:1712:7)
2026-05-07 00:47:32 [ERROR]: Redis error: {"code":"ECONNREFUSED"}
AggregateError [ECONNREFUSED]: 
    at internalConnectMultiple (node:net:1139:18)
    at afterConnectMultiple (node:net:1712:7)
2026-05-07 00:47:32 [ERROR]: Redis error: {"code":"ECONNREFUSED"}
AggregateError [ECONNREFUSED]: 
    at internalConnectMultiple (node:net:1139:18)
    at afterConnectMultiple (node:net:1712:7)
2026-05-07 00:47:33 [ERROR]: Redis error: {"code":"ECONNREFUSED"}
AggregateError [ECONNREFUSED]: 
    at internalConnectMultiple (node:net:1139:18)
    at afterConnectMultiple (node:net:1712:7)
2026-05-07 00:47:33 [ERROR]: Redis error: {"code":"ECONNREFUSED"}
AggregateError [ECONNREFUSED]: 
    at internalConnectMultiple (node:net:1139:18)
    at afterConnectMultiple (node:net:1712:7)
2026-05-07 00:47:34 [ERROR]: Redis error: {"code":"ECONNREFUSED"}
AggregateError [ECONNREFUSED]: 
    at internalConnectMultiple (node:net:1139:18)
    at afterConnectMultiple (node:net:1712:7)
2026-05-07 00:47:34 [ERROR]: Redis error: {"code":"ECONNREFUSED"}
AggregateError [ECONNREFUSED]: 
    at internalConnectMultiple (node:net:1139:18)
    at afterConnectMultiple (node:net:1712:7)
2026-05-07 00:47:35 [ERROR]: Redis error: {"code":"ECONNREFUSED"}
AggregateError [ECONNREFUSED]: 
    at internalConnectMultiple (node:net:1139:18)
    at afterConnectMultiple (node:net:1712:7)
2026-05-07 00:47:35 [ERROR]: Redis error: {"code":"ECONNREFUSED"}
AggregateError [ECONNREFUSED]: 
    at internalConnectMultiple (node:net:1139:18)
    at afterConnectMultiple (node:net:1712:7)
2026-05-07 00:47:36 [ERROR]: Redis error: {"code":"ECONNREFUSED"}
AggregateError [ECONNREFUSED]: 
    at internalConnectMultiple (node:net:1139:18)
    at afterConnectMultiple (node:net:1712:7)
2026-05-07 00:47:36 [ERROR]: Redis error: {"code":"ECONNREFUSED"}
AggregateError [ECONNREFUSED]: 
    at internalConnectMultiple (node:net:1139:18)
    at afterConnectMultiple (node:net:1712:7)
2026-05-07 00:47:37 [ERROR]: Redis error: {"code":"ECONNREFUSED"}
AggregateError [ECONNREFUSED]: 
    at internalConnectMultiple (node:net:1139:18)
    at afterConnectMultiple (node:net:1712:7)
2026-05-07 00:47:37 [ERROR]: Redis error: {"code":"ECONNREFUSED"}
AggregateError [ECONNREFUSED]: 
    at internalConnectMultiple (node:net:1139:18)
    at afterConnectMultiple (node:net:1712:7)
2026-05-07 00:47:38 [ERROR]: Redis error: {"code":"ECONNREFUSED"}
AggregateError [ECONNREFUSED]: 
    at internalConnectMultiple (node:net:1139:18)
    at afterConnectMultiple (node:net:1712:7)
2026-05-07 00:47:38 [ERROR]: Redis error: {"code":"ECONNREFUSED"}
AggregateError [ECONNREFUSED]: 
    at internalConnectMultiple (node:net:1139:18)
    at afterConnectMultiple (node:net:1712:7)
2026-05-07 00:47:39 [ERROR]: Redis error: {"code":"ECONNREFUSED"}
AggregateError [ECONNREFUSED]: 
    at internalConnectMultiple (node:net:1139:18)
    at afterConnectMultiple (node:net:1712:7)
2026-05-07 00:47:39 [ERROR]: Redis error: {"code":"ECONNREFUSED"}
AggregateError [ECONNREFUSED]: 
    at internalConnectMultiple (node:net:1139:18)
    at afterConnectMultiple (node:net:1712:7)
2026-05-07 00:47:40 [ERROR]: Redis error: {"code":"ECONNREFUSED"}
AggregateError [ECONNREFUSED]: 
    at internalConnectMultiple (node:net:1139:18)
    at afterConnectMultiple (node:net:1712:7)
2026-05-07 00:47:40 [ERROR]: Redis error: {"code":"ECONNREFUSED"}
AggregateError [ECONNREFUSED]: 
    at internalConnectMultiple (node:net:1139:18)
    at afterConnectMultiple (node:net:1712:7)
2026-05-07 00:47:41 [ERROR]: Redis error: {"code":"ECONNREFUSED"}
AggregateError [ECONNREFUSED]: 
    at internalConnectMultiple (node:net:1139:18)
    at afterConnectMultiple (node:net:1712:7)
2026-05-07 00:47:41 [ERROR]: Redis error: {"code":"ECONNREFUSED"}
AggregateError [ECONNREFUSED]: 
    at internalConnectMultiple (node:net:1139:18)
    at afterConnectMultiple (node:net:1712:7)
2026-05-07 00:47:42 [ERROR]: Redis error: {"code":"ECONNREFUSED"}
AggregateError [ECONNREFUSED]: 
    at internalConnectMultiple (node:net:1139:18)
    at afterConnectMultiple (node:net:1712:7)
2026-05-07 00:47:42 [ERROR]: Redis error: {"code":"ECONNREFUSED"}
AggregateError [ECONNREFUSED]: 
    at internalConnectMultiple (node:net:1139:18)
    at afterConnectMultiple (node:net:1712:7)
2026-05-07 00:47:43 [ERROR]: Redis error: {"code":"ECONNREFUSED"}
AggregateError [ECONNREFUSED]: 
    at internalConnectMultiple (node:net:1139:18)
    at afterConnectMultiple (node:net:1712:7)
2026-05-07 00:47:43 [ERROR]: Redis error: {"code":"ECONNREFUSED"}
AggregateError [ECONNREFUSED]: 
    at internalConnectMultiple (node:net:1139:18)
    at afterConnectMultiple (node:net:1712:7)
2026-05-07 00:47:44 [ERROR]: Redis error: {"code":"ECONNREFUSED"}
AggregateError [ECONNREFUSED]: 
    at internalConnectMultiple (node:net:1139:18)
    at afterConnectMultiple (node:net:1712:7)
2026-05-07 00:47:44 [ERROR]: Redis error: {"code":"ECONNREFUSED"}
AggregateError [ECONNREFUSED]: 
    at internalConnectMultiple (node:net:1139:18)
    at afterConnectMultiple (node:net:1712:7)
2026-05-07 00:47:45 [ERROR]: Redis error: {"code":"ECONNREFUSED"}
AggregateError [ECONNREFUSED]: 
    at internalConnectMultiple (node:net:1139:18)
    at afterConnectMultiple (node:net:1712:7)
2026-05-07 00:47:45 [ERROR]: Redis error: {"code":"ECONNREFUSED"}
AggregateError [ECONNREFUSED]: 
    at internalConnectMultiple (node:net:1139:18)
    at afterConnectMultiple (node:net:1712:7)
2026-05-07 00:47:46 [ERROR]: Redis error: {"code":"ECONNREFUSED"}
AggregateError [ECONNREFUSED]: 
    at internalConnectMultiple (node:net:1139:18)
    at afterConnectMultiple (node:net:1712:7)
2026-05-07 00:47:46 [ERROR]: Redis error: {"code":"ECONNREFUSED"}
AggregateError [ECONNREFUSED]: 
    at internalConnectMultiple (node:net:1139:18)
    at afterConnectMultiple (node:net:1712:7)
2026-05-07 00:47:47 [ERROR]: Redis error: {"code":"ECONNREFUSED"}
AggregateError [ECONNREFUSED]: 
    at internalConnectMultiple (node:net:1139:18)
    at afterConnectMultiple (node:net:1712:7)
2026-05-07 00:47:47 [ERROR]: Redis error: {"code":"ECONNREFUSED"}
AggregateError [ECONNREFUSED]: 
    at internalConnectMultiple (node:net:1139:18)
    at afterConnectMultiple (node:net:1712:7)
2026-05-07 00:47:48 [ERROR]: Redis error: {"code":"ECONNREFUSED"}
AggregateError [ECONNREFUSED]: 
    at internalConnectMultiple (node:net:1139:18)
    at afterConnectMultiple (node:net:1712:7)
2026-05-07 00:47:48 [ERROR]: Redis error: {"code":"ECONNREFUSED"}
AggregateError [ECONNREFUSED]: 
    at internalConnectMultiple (node:net:1139:18)
    at afterConnectMultiple (node:net:1712:7)
2026-05-07 00:47:49 [ERROR]: Redis error: {"code":"ECONNREFUSED"}
AggregateError [ECONNREFUSED]: 
    at internalConnectMultiple (node:net:1139:18)
    at afterConnectMultiple (node:net:1712:7)
2026-05-07 00:47:49 [ERROR]: Redis error: {"code":"ECONNREFUSED"}
AggregateError [ECONNREFUSED]: 
    at internalConnectMultiple (node:net:1139:18)
    at afterConnectMultiple (node:net:1712:7)
2026-05-07 00:47:50 [ERROR]: Redis error: {"code":"ECONNREFUSED"}
AggregateError [ECONNREFUSED]: 
    at internalConnectMultiple (node:net:1139:18)
    at afterConnectMultiple (node:net:1712:7)
2026-05-07 00:47:51 [ERROR]: Redis error: {"code":"ECONNREFUSED"}
AggregateError [ECONNREFUSED]: 
    at internalConnectMultiple (node:net:1139:18)
    at afterConnectMultiple (node:net:1712:7)
2026-05-07 00:47:51 [ERROR]: Redis error: {"code":"ECONNREFUSED"}
AggregateError [ECONNREFUSED]: 
    at internalConnectMultiple (node:net:1139:18)
    at afterConnectMultiple (node:net:1712:7)
2026-05-07 00:47:52 [ERROR]: Redis error: {"code":"ECONNREFUSED"}
AggregateError [ECONNREFUSED]: 
    at internalConnectMultiple (node:net:1139:18)
    at afterConnectMultiple (node:net:1712:7)
2026-05-07 00:47:52 [ERROR]: Redis error: {"code":"ECONNREFUSED"}
AggregateError [ECONNREFUSED]: 
    at internalConnectMultiple (node:net:1139:18)
    at afterConnectMultiple (node:net:1712:7)
2026-05-07 00:47:53 [ERROR]: Redis error: {"code":"ECONNREFUSED"}
AggregateError [ECONNREFUSED]: 
    at internalConnectMultiple (node:net:1139:18)
    at afterConnectMultiple (node:net:1712:7)
2026-05-07 00:47:53 [ERROR]: Redis error: {"code":"ECONNREFUSED"}
AggregateError [ECONNREFUSED]: 
    at internalConnectMultiple (node:net:1139:18)
    at afterConnectMultiple (node:net:1712:7)
2026-05-07 00:47:54 [ERROR]: Redis error: {"code":"ECONNREFUSED"}
AggregateError [ECONNREFUSED]: 
    at internalConnectMultiple (node:net:1139:18)
    at afterConnectMultiple (node:net:1712:7)
2026-05-07 00:47:54 [ERROR]: Redis error: {"code":"ECONNREFUSED"}
AggregateError [ECONNREFUSED]: 
    at internalConnectMultiple (node:net:1139:18)
    at afterConnectMultiple (node:net:1712:7)
2026-05-07 00:47:55 [ERROR]: Redis error: {"code":"ECONNREFUSED"}
AggregateError [ECONNREFUSED]: 
    at internalConnectMultiple (node:net:1139:18)
    at afterConnectMultiple (node:net:1712:7)
2026-05-07 00:47:55 [ERROR]: Redis error: {"code":"ECONNREFUSED"}
AggregateError [ECONNREFUSED]: 
    at internalConnectMultiple (node:net:1139:18)
    at afterConnectMultiple (node:net:1712:7)
2026-05-07 00:47:56 [ERROR]: Redis error: {"code":"ECONNREFUSED"}
AggregateError [ECONNREFUSED]: 
    at internalConnectMultiple (node:net:1139:18)
    at afterConnectMultiple (node:net:1712:7)
2026-05-07 00:47:56 [ERROR]: Redis error: {"code":"ECONNREFUSED"}
AggregateError [ECONNREFUSED]: 
    at internalConnectMultiple (node:net:1139:18)
    at afterConnectMultiple (node:net:1712:7)
2026-05-07 00:47:57 [ERROR]: Redis error: {"code":"ECONNREFUSED"}
AggregateError [ECONNREFUSED]: 
    at internalConnectMultiple (node:net:1139:18)
    at afterConnectMultiple (node:net:1712:7)
2026-05-07 00:47:57 [ERROR]: Redis error: {"code":"ECONNREFUSED"}
AggregateError [ECONNREFUSED]: 
    at internalConnectMultiple (node:net:1139:18)
    at afterConnectMultiple (node:net:1712:7)
2026-05-07 00:47:58 [ERROR]: Redis error: {"code":"ECONNREFUSED"}
AggregateError [ECONNREFUSED]: 
    at internalConnectMultiple (node:net:1139:18)
    at afterConnectMultiple (node:net:1712:7)
2026-05-07 00:47:58 [ERROR]: Redis error: {"code":"ECONNREFUSED"}
AggregateError [ECONNREFUSED]: 
    at internalConnectMultiple (node:net:1139:18)
    at afterConnectMultiple (node:net:1712:7)
2026-05-07 00:47:59 [ERROR]: Redis error: {"code":"ECONNREFUSED"}
AggregateError [ECONNREFUSED]: 
    at internalConnectMultiple (node:net:1139:18)
    at afterConnectMultiple (node:net:1712:7)
2026-05-07 00:47:59 [ERROR]: Redis error: {"code":"ECONNREFUSED"}
AggregateError [ECONNREFUSED]: 
    at internalConnectMultiple (node:net:1139:18)
    at afterConnectMultiple (node:net:1712:7)
2026-05-07 00:48:00 [ERROR]: Redis error: {"code":"ECONNREFUSED"}
AggregateError [ECONNREFUSED]: 
    at internalConnectMultiple (node:net:1139:18)
    at afterConnectMultiple (node:net:1712:7)
2026-05-07 00:48:00 [ERROR]: Redis error: {"code":"ECONNREFUSED"}
AggregateError [ECONNREFUSED]: 
    at internalConnectMultiple (node:net:1139:18)
    at afterConnectMultiple (node:net:1712:7)
2026-05-07 00:48:01 [ERROR]: Redis error: {"code":"ECONNREFUSED"}
AggregateError [ECONNREFUSED]: 
    at internalConnectMultiple (node:net:1139:18)
    at afterConnectMultiple (node:net:1712:7)
2026-05-07 00:48:01 [ERROR]: Redis error: {"code":"ECONNREFUSED"}
AggregateError [ECONNREFUSED]: 
    at internalConnectMultiple (node:net:1139:18)
    at afterConnectMultiple (node:net:1712:7)
2026-05-07 00:48:02 [ERROR]: Redis error: {"code":"ECONNREFUSED"}
AggregateError [ECONNREFUSED]: 
    at internalConnectMultiple (node:net:1139:18)
    at afterConnectMultiple (node:net:1712:7)
2026-05-07 00:48:02 [ERROR]: Redis error: {"code":"ECONNREFUSED"}
AggregateError [ECONNREFUSED]: 
    at internalConnectMultiple (node:net:1139:18)
    at afterConnectMultiple (node:net:1712:7)
2026-05-07 00:48:03 [ERROR]: Redis error: {"code":"ECONNREFUSED"}
AggregateError [ECONNREFUSED]: 
    at internalConnectMultiple (node:net:1139:18)
    at afterConnectMultiple (node:net:1712:7)
2026-05-07 00:48:03 [ERROR]: Redis error: {"code":"ECONNREFUSED"}
AggregateError [ECONNREFUSED]: 
    at internalConnectMultiple (node:net:1139:18)
    at afterConnectMultiple (node:net:1712:7)
2026-05-07 00:48:04 [ERROR]: Redis error: {"code":"ECONNREFUSED"}
AggregateError [ECONNREFUSED]: 
    at internalConnectMultiple (node:net:1139:18)
    at afterConnectMultiple (node:net:1712:7)
2026-05-07 00:48:04 [ERROR]: Redis error: {"code":"ECONNREFUSED"}
AggregateError [ECONNREFUSED]: 
    at internalConnectMultiple (node:net:1139:18)
    at afterConnectMultiple (node:net:1712:7)
2026-05-07 00:48:05 [ERROR]: Redis error: {"code":"ECONNREFUSED"}
AggregateError [ECONNREFUSED]: 
    at internalConnectMultiple (node:net:1139:18)
    at afterConnectMultiple (node:net:1712:7)
2026-05-07 00:48:05 [ERROR]: Redis error: {"code":"ECONNREFUSED"}
AggregateError [ECONNREFUSED]: 
    at internalConnectMultiple (node:net:1139:18)
    at afterConnectMultiple (node:net:1712:7)
2026-05-07 00:48:06 [ERROR]: Redis error: {"code":"ECONNREFUSED"}
AggregateError [ECONNREFUSED]: 
    at internalConnectMultiple (node:net:1139:18)
    at afterConnectMultiple (node:net:1712:7)
2026-05-07 00:48:06 [ERROR]: Redis error: {"code":"ECONNREFUSED"}
AggregateError [ECONNREFUSED]: 
    at internalConnectMultiple (node:net:1139:18)
    at afterConnectMultiple (node:net:1712:7)
2026-05-07 00:48:07 [ERROR]: Redis error: {"code":"ECONNREFUSED"}
AggregateError [ECONNREFUSED]: 
    at internalConnectMultiple (node:net:1139:18)
    at afterConnectMultiple (node:net:1712:7)
2026-05-07 00:48:07 [ERROR]: Redis error: {"code":"ECONNREFUSED"}
AggregateError [ECONNREFUSED]: 
    at internalConnectMultiple (node:net:1139:18)
    at afterConnectMultiple (node:net:1712:7)
2026-05-07 00:48:08 [ERROR]: Redis error: {"code":"ECONNREFUSED"}
AggregateError [ECONNREFUSED]: 
    at internalConnectMultiple (node:net:1139:18)
    at afterConnectMultiple (node:net:1712:7)
2026-05-07 00:48:08 [ERROR]: Redis error: {"code":"ECONNREFUSED"}
AggregateError [ECONNREFUSED]: 
    at internalConnectMultiple (node:net:1139:18)
    at afterConnectMultiple (node:net:1712:7)
2026-05-07 00:48:09 [ERROR]: Redis error: {"code":"ECONNREFUSED"}
AggregateError [ECONNREFUSED]: 
    at internalConnectMultiple (node:net:1139:18)
    at afterConnectMultiple (node:net:1712:7)
2026-05-07 00:48:09 [ERROR]: Redis error: {"code":"ECONNREFUSED"}
AggregateError [ECONNREFUSED]: 
    at internalConnectMultiple (node:net:1139:18)
    at afterConnectMultiple (node:net:1712:7)
2026-05-07 00:48:10 [ERROR]: Redis error: {"code":"ECONNREFUSED"}
AggregateError [ECONNREFUSED]: 
    at internalConnectMultiple (node:net:1139:18)
    at afterConnectMultiple (node:net:1712:7)
2026-05-07 00:48:10 [ERROR]: Redis error: {"code":"ECONNREFUSED"}
AggregateError [ECONNREFUSED]: 
    at internalConnectMultiple (node:net:1139:18)
    at afterConnectMultiple (node:net:1712:7)
2026-05-07 00:48:11 [ERROR]: Redis error: {"code":"ECONNREFUSED"}
AggregateError [ECONNREFUSED]: 
    at internalConnectMultiple (node:net:1139:18)
    at afterConnectMultiple (node:net:1712:7)
2026-05-07 00:48:11 [ERROR]: Redis error: {"code":"ECONNREFUSED"}
AggregateError [ECONNREFUSED]: 
    at internalConnectMultiple (node:net:1139:18)
    at afterConnectMultiple (node:net:1712:7)
2026-05-07 00:48:12 [ERROR]: Redis error: {"code":"ECONNREFUSED"}
AggregateError [ECONNREFUSED]: 
    at internalConnectMultiple (node:net:1139:18)
    at afterConnectMultiple (node:net:1712:7)
2026-05-07 00:48:12 [ERROR]: Redis error: {"code":"ECONNREFUSED"}
AggregateError [ECONNREFUSED]: 
    at internalConnectMultiple (node:net:1139:18)
    at afterConnectMultiple (node:net:1712:7)
2026-05-07 00:48:13 [ERROR]: Redis error: {"code":"ECONNREFUSED"}
AggregateError [ECONNREFUSED]: 
    at internalConnectMultiple (node:net:1139:18)
    at afterConnectMultiple (node:net:1712:7)
2026-05-07 00:48:13 [ERROR]: Redis error: {"code":"ECONNREFUSED"}
AggregateError [ECONNREFUSED]: 
    at internalConnectMultiple (node:net:1139:18)
    at afterConnectMultiple (node:net:1712:7)
2026-05-07 00:48:14 [ERROR]: Redis error: {"code":"ECONNREFUSED"}
AggregateError [ECONNREFUSED]: 
    at internalConnectMultiple (node:net:1139:18)
    at afterConnectMultiple (node:net:1712:7)
2026-05-07 00:48:14 [ERROR]: Redis error: {"code":"ECONNREFUSED"}
AggregateError [ECONNREFUSED]: 
    at internalConnectMultiple (node:net:1139:18)
    at afterConnectMultiple (node:net:1712:7)
2026-05-07 00:48:15 [ERROR]: Redis error: {"code":"ECONNREFUSED"}
AggregateError [ECONNREFUSED]: 
    at internalConnectMultiple (node:net:1139:18)
    at afterConnectMultiple (node:net:1712:7)
2026-05-07 00:48:16 [ERROR]: Redis error: {"code":"ECONNREFUSED"}
AggregateError [ECONNREFUSED]: 
    at internalConnectMultiple (node:net:1139:18)
    at afterConnectMultiple (node:net:1712:7)
2026-05-07 00:48:16 [ERROR]: Redis error: {"code":"ECONNREFUSED"}
AggregateError [ECONNREFUSED]: 
    at internalConnectMultiple (node:net:1139:18)
    at afterConnectMultiple (node:net:1712:7)
2026-05-07 00:48:17 [ERROR]: Redis error: {"code":"ECONNREFUSED"}
AggregateError [ECONNREFUSED]: 
    at internalConnectMultiple (node:net:1139:18)
    at afterConnectMultiple (node:net:1712:7)
2026-05-07 00:48:17 [ERROR]: Redis error: {"code":"ECONNREFUSED"}
AggregateError [ECONNREFUSED]: 
    at internalConnectMultiple (node:net:1139:18)
    at afterConnectMultiple (node:net:1712:7)
2026-05-07 00:48:18 [ERROR]: Redis error: {"code":"ECONNREFUSED"}
AggregateError [ECONNREFUSED]: 
    at internalConnectMultiple (node:net:1139:18)
    at afterConnectMultiple (node:net:1712:7)
2026-05-07 00:48:18 [ERROR]: Redis error: {"code":"ECONNREFUSED"}
AggregateError [ECONNREFUSED]: 
    at internalConnectMultiple (node:net:1139:18)
    at afterConnectMultiple (node:net:1712:7)
2026-05-07 00:48:19 [ERROR]: Redis error: {"code":"ECONNREFUSED"}
AggregateError [ECONNREFUSED]: 
    at internalConnectMultiple (node:net:1139:18)
    at afterConnectMultiple (node:net:1712:7)
2026-05-07 00:48:19 [ERROR]: Redis error: {"code":"ECONNREFUSED"}
AggregateError [ECONNREFUSED]: 
    at internalConnectMultiple (node:net:1139:18)
    at afterConnectMultiple (node:net:1712:7)
2026-05-07 00:48:20 [ERROR]: Redis error: {"code":"ECONNREFUSED"}
AggregateError [ECONNREFUSED]: 
    at internalConnectMultiple (node:net:1139:18)
    at afterConnectMultiple (node:net:1712:7)
2026-05-07 00:48:20 [ERROR]: Redis error: {"code":"ECONNREFUSED"}
AggregateError [ECONNREFUSED]: 
    at internalConnectMultiple (node:net:1139:18)
    at afterConnectMultiple (node:net:1712:7)
2026-05-07 00:48:21 [ERROR]: Redis error: {"code":"ECONNREFUSED"}
AggregateError [ECONNREFUSED]: 
    at internalConnectMultiple (node:net:1139:18)
    at afterConnectMultiple (node:net:1712:7)
2026-05-07 00:48:21 [ERROR]: Redis error: {"code":"ECONNREFUSED"}
AggregateError [ECONNREFUSED]: 
    at internalConnectMultiple (node:net:1139:18)
    at afterConnectMultiple (node:net:1712:7)
2026-05-07 00:48:22 [ERROR]: Redis error: {"code":"ECONNREFUSED"}
AggregateError [ECONNREFUSED]: 
    at internalConnectMultiple (node:net:1139:18)
    at afterConnectMultiple (node:net:1712:7)
2026-05-07 00:48:22 [ERROR]: Redis error: {"code":"ECONNREFUSED"}
AggregateError [ECONNREFUSED]: 
    at internalConnectMultiple (node:net:1139:18)
    at afterConnectMultiple (node:net:1712:7)
2026-05-07 00:48:23 [ERROR]: Redis error: {"code":"ECONNREFUSED"}
AggregateError [ECONNREFUSED]: 
    at internalConnectMultiple (node:net:1139:18)
    at afterConnectMultiple (node:net:1712:7)
2026-05-07 00:48:23 [ERROR]: Redis error: {"code":"ECONNREFUSED"}
AggregateError [ECONNREFUSED]: 
    at internalConnectMultiple (node:net:1139:18)
    at afterConnectMultiple (node:net:1712:7)
2026-05-07 00:48:24 [ERROR]: Redis error: {"code":"ECONNREFUSED"}
AggregateError [ECONNREFUSED]: 
    at internalConnectMultiple (node:net:1139:18)
    at afterConnectMultiple (node:net:1712:7)
2026-05-07 00:48:24 [ERROR]: Redis error: {"code":"ECONNREFUSED"}
AggregateError [ECONNREFUSED]: 
    at internalConnectMultiple (node:net:1139:18)
    at afterConnectMultiple (node:net:1712:7)
2026-05-07 00:48:25 [ERROR]: Redis error: {"code":"ECONNREFUSED"}
AggregateError [ECONNREFUSED]: 
    at internalConnectMultiple (node:net:1139:18)
    at afterConnectMultiple (node:net:1712:7)
2026-05-07 00:48:25 [ERROR]: Redis error: {"code":"ECONNREFUSED"}
AggregateError [ECONNREFUSED]: 
    at internalConnectMultiple (node:net:1139:18)
    at afterConnectMultiple (node:net:1712:7)
2026-05-07 00:48:26 [ERROR]: Redis error: {"code":"ECONNREFUSED"}
AggregateError [ECONNREFUSED]: 
    at internalConnectMultiple (node:net:1139:18)
    at afterConnectMultiple (node:net:1712:7)
2026-05-07 00:48:26 [ERROR]: Redis error: {"code":"ECONNREFUSED"}
AggregateError [ECONNREFUSED]: 
    at internalConnectMultiple (node:net:1139:18)
    at afterConnectMultiple (node:net:1712:7)
2026-05-07 00:48:27 [ERROR]: Redis error: {"code":"ECONNREFUSED"}
AggregateError [ECONNREFUSED]: 
    at internalConnectMultiple (node:net:1139:18)
    at afterConnectMultiple (node:net:1712:7)
2026-05-07 00:48:27 [ERROR]: Redis error: {"code":"ECONNREFUSED"}
AggregateError [ECONNREFUSED]: 
    at internalConnectMultiple (node:net:1139:18)
    at afterConnectMultiple (node:net:1712:7)
2026-05-07 00:48:28 [ERROR]: Redis error: {"code":"ECONNREFUSED"}
AggregateError [ECONNREFUSED]: 
    at internalConnectMultiple (node:net:1139:18)
    at afterConnectMultiple (node:net:1712:7)
2026-05-07 00:48:28 [ERROR]: Redis error: {"code":"ECONNREFUSED"}
AggregateError [ECONNREFUSED]: 
    at internalConnectMultiple (node:net:1139:18)
    at afterConnectMultiple (node:net:1712:7)
2026-05-07 00:48:29 [ERROR]: Redis error: {"code":"ECONNREFUSED"}
AggregateError [ECONNREFUSED]: 
    at internalConnectMultiple (node:net:1139:18)
    at afterConnectMultiple (node:net:1712:7)
2026-05-07 00:48:29 [ERROR]: Redis error: {"code":"ECONNREFUSED"}
AggregateError [ECONNREFUSED]: 
    at internalConnectMultiple (node:net:1139:18)
    at afterConnectMultiple (node:net:1712:7)
2026-05-07 00:48:30 [ERROR]: Redis error: {"code":"ECONNREFUSED"}
AggregateError [ECONNREFUSED]: 
    at internalConnectMultiple (node:net:1139:18)
    at afterConnectMultiple (node:net:1712:7)
2026-05-07 00:48:30 [ERROR]: Redis error: {"code":"ECONNREFUSED"}
AggregateError [ECONNREFUSED]: 
    at internalConnectMultiple (node:net:1139:18)
    at afterConnectMultiple (node:net:1712:7)
2026-05-07 00:48:31 [ERROR]: Redis error: {"code":"ECONNREFUSED"}
AggregateError [ECONNREFUSED]: 
    at internalConnectMultiple (node:net:1139:18)
    at afterConnectMultiple (node:net:1712:7)
2026-05-07 00:48:31 [ERROR]: Redis error: {"code":"ECONNREFUSED"}
AggregateError [ECONNREFUSED]: 
    at internalConnectMultiple (node:net:1139:18)
    at afterConnectMultiple (node:net:1712:7)
2026-05-07 00:48:32 [ERROR]: Redis error: {"code":"ECONNREFUSED"}
AggregateError [ECONNREFUSED]: 
    at internalConnectMultiple (node:net:1139:18)
    at afterConnectMultiple (node:net:1712:7)
2026-05-07 00:48:32 [ERROR]: Redis error: {"code":"ECONNREFUSED"}
AggregateError [ECONNREFUSED]: 
    at internalConnectMultiple (node:net:1139:18)
    at afterConnectMultiple (node:net:1712:7)
2026-05-07 00:48:33 [ERROR]: Redis error: {"code":"ECONNREFUSED"}
AggregateError [ECONNREFUSED]: 
    at internalConnectMultiple (node:net:1139:18)
    at afterConnectMultiple (node:net:1712:7)
2026-05-07 00:48:33 [ERROR]: Redis error: {"code":"ECONNREFUSED"}
AggregateError [ECONNREFUSED]: 
    at internalConnectMultiple (node:net:1139:18)
    at afterConnectMultiple (node:net:1712:7)
2026-05-07 00:48:34 [ERROR]: Redis error: {"code":"ECONNREFUSED"}
AggregateError [ECONNREFUSED]: 
    at internalConnectMultiple (node:net:1139:18)
    at afterConnectMultiple (node:net:1712:7)
2026-05-07 00:48:35 [ERROR]: Redis error: {"code":"ECONNREFUSED"}
AggregateError [ECONNREFUSED]: 
    at internalConnectMultiple (node:net:1139:18)
    at afterConnectMultiple (node:net:1712:7)
2026-05-07 00:48:35 [ERROR]: Redis error: {"code":"ECONNREFUSED"}
AggregateError [ECONNREFUSED]: 
    at internalConnectMultiple (node:net:1139:18)
    at afterConnectMultiple (node:net:1712:7)
2026-05-07 00:48:36 [ERROR]: Redis error: {"code":"ECONNREFUSED"}
AggregateError [ECONNREFUSED]: 
    at internalConnectMultiple (node:net:1139:18)
    at afterConnectMultiple (node:net:1712:7)
2026-05-07 00:48:36 [ERROR]: Redis error: {"code":"ECONNREFUSED"}
AggregateError [ECONNREFUSED]: 
    at internalConnectMultiple (node:net:1139:18)
    at afterConnectMultiple (node:net:1712:7)
2026-05-07 00:48:37 [ERROR]: Redis error: {"code":"ECONNREFUSED"}
AggregateError [ECONNREFUSED]: 
    at internalConnectMultiple (node:net:1139:18)
    at afterConnectMultiple (node:net:1712:7)
2026-05-07 00:48:37 [ERROR]: Redis error: {"code":"ECONNREFUSED"}
AggregateError [ECONNREFUSED]: 
    at internalConnectMultiple (node:net:1139:18)
    at afterConnectMultiple (node:net:1712:7)
2026-05-07 00:48:38 [ERROR]: Redis error: {"code":"ECONNREFUSED"}
AggregateError [ECONNREFUSED]: 
    at internalConnectMultiple (node:net:1139:18)
    at afterConnectMultiple (node:net:1712:7)
2026-05-07 00:48:38 [ERROR]: Redis error: {"code":"ECONNREFUSED"}
AggregateError [ECONNREFUSED]: 
    at internalConnectMultiple (node:net:1139:18)
    at afterConnectMultiple (node:net:1712:7)
2026-05-07 00:48:39 [ERROR]: Redis error: {"code":"ECONNREFUSED"}
AggregateError [ECONNREFUSED]: 
    at internalConnectMultiple (node:net:1139:18)
    at afterConnectMultiple (node:net:1712:7)
2026-05-07 00:48:39 [ERROR]: Redis error: {"code":"ECONNREFUSED"}
AggregateError [ECONNREFUSED]: 
    at internalConnectMultiple (node:net:1139:18)
    at afterConnectMultiple (node:net:1712:7)
2026-05-07 00:48:40 [ERROR]: Redis error: {"code":"ECONNREFUSED"}
AggregateError [ECONNREFUSED]: 
    at internalConnectMultiple (node:net:1139:18)
    at afterConnectMultiple (node:net:1712:7)
2026-05-07 00:48:40 [ERROR]: Redis error: {"code":"ECONNREFUSED"}
AggregateError [ECONNREFUSED]: 
    at internalConnectMultiple (node:net:1139:18)
    at afterConnectMultiple (node:net:1712:7)
2026-05-07 00:48:41 [ERROR]: Redis error: {"code":"ECONNREFUSED"}
AggregateError [ECONNREFUSED]: 
    at internalConnectMultiple (node:net:1139:18)
    at afterConnectMultiple (node:net:1712:7)
2026-05-07 00:48:41 [ERROR]: Redis error: {"code":"ECONNREFUSED"}
AggregateError [ECONNREFUSED]: 
    at internalConnectMultiple (node:net:1139:18)
    at afterConnectMultiple (node:net:1712:7)
2026-05-07 00:48:42 [ERROR]: Redis error: {"code":"ECONNREFUSED"}
AggregateError [ECONNREFUSED]: 
    at internalConnectMultiple (node:net:1139:18)
    at afterConnectMultiple (node:net:1712:7)
2026-05-07 00:48:42 [ERROR]: Redis error: {"code":"ECONNREFUSED"}
AggregateError [ECONNREFUSED]: 
    at internalConnectMultiple (node:net:1139:18)
    at afterConnectMultiple (node:net:1712:7)
2026-05-07 00:48:43 [ERROR]: Redis error: {"code":"ECONNREFUSED"}
AggregateError [ECONNREFUSED]: 
    at internalConnectMultiple (node:net:1139:18)
    at afterConnectMultiple (node:net:1712:7)
2026-05-07 00:48:43 [ERROR]: Redis error: {"code":"ECONNREFUSED"}
AggregateError [ECONNREFUSED]: 
    at internalConnectMultiple (node:net:1139:18)
    at afterConnectMultiple (node:net:1712:7)
2026-05-07 00:48:44 [ERROR]: Redis error: {"code":"ECONNREFUSED"}
AggregateError [ECONNREFUSED]: 
    at internalConnectMultiple (node:net:1139:18)
    at afterConnectMultiple (node:net:1712:7)
2026-05-07 00:48:44 [ERROR]: Redis error: {"code":"ECONNREFUSED"}
AggregateError [ECONNREFUSED]: 
    at internalConnectMultiple (node:net:1139:18)
    at afterConnectMultiple (node:net:1712:7)
2026-05-07 00:48:45 [ERROR]: Redis error: {"code":"ECONNREFUSED"}
AggregateError [ECONNREFUSED]: 
    at internalConnectMultiple (node:net:1139:18)
    at afterConnectMultiple (node:net:1712:7)
2026-05-07 00:48:45 [ERROR]: Redis error: {"code":"ECONNREFUSED"}
AggregateError [ECONNREFUSED]: 
    at internalConnectMultiple (node:net:1139:18)
    at afterConnectMultiple (node:net:1712:7)
2026-05-07 00:48:46 [ERROR]: Redis error: {"code":"ECONNREFUSED"}
AggregateError [ECONNREFUSED]: 
    at internalConnectMultiple (node:net:1139:18)
    at afterConnectMultiple (node:net:1712:7)
2026-05-07 00:48:46 [ERROR]: Redis error: {"code":"ECONNREFUSED"}
AggregateError [ECONNREFUSED]: 
    at internalConnectMultiple (node:net:1139:18)
    at afterConnectMultiple (node:net:1712:7)
2026-05-07 00:48:47 [ERROR]: Redis error: {"code":"ECONNREFUSED"}
AggregateError [ECONNREFUSED]: 
    at internalConnectMultiple (node:net:1139:18)
    at afterConnectMultiple (node:net:1712:7)
2026-05-07 00:48:47 [ERROR]: Redis error: {"code":"ECONNREFUSED"}
AggregateError [ECONNREFUSED]: 
    at internalConnectMultiple (node:net:1139:18)
    at afterConnectMultiple (node:net:1712:7)
2026-05-07 00:48:48 [ERROR]: Redis error: {"code":"ECONNREFUSED"}
AggregateError [ECONNREFUSED]: 
    at internalConnectMultiple (node:net:1139:18)
    at afterConnectMultiple (node:net:1712:7)
2026-05-07 00:48:48 [ERROR]: Redis error: {"code":"ECONNREFUSED"}
AggregateError [ECONNREFUSED]: 
    at internalConnectMultiple (node:net:1139:18)
    at afterConnectMultiple (node:net:1712:7)
2026-05-07 00:48:49 [ERROR]: Redis error: {"code":"ECONNREFUSED"}
AggregateError [ECONNREFUSED]: 
    at internalConnectMultiple (node:net:1139:18)
    at afterConnectMultiple (node:net:1712:7)
2026-05-07 00:48:49 [ERROR]: Redis error: {"code":"ECONNREFUSED"}
AggregateError [ECONNREFUSED]: 
    at internalConnectMultiple (node:net:1139:18)
    at afterConnectMultiple (node:net:1712:7)
2026-05-07 00:48:50 [ERROR]: Redis error: {"code":"ECONNREFUSED"}
AggregateError [ECONNREFUSED]: 
    at internalConnectMultiple (node:net:1139:18)
    at afterConnectMultiple (node:net:1712:7)
2026-05-07 00:48:50 [ERROR]: Redis error: {"code":"ECONNREFUSED"}
AggregateError [ECONNREFUSED]: 
    at internalConnectMultiple (node:net:1139:18)
    at afterConnectMultiple (node:net:1712:7)
2026-05-07 00:48:51 [ERROR]: Redis error: {"code":"ECONNREFUSED"}
AggregateError [ECONNREFUSED]: 
    at internalConnectMultiple (node:net:1139:18)
    at afterConnectMultiple (node:net:1712:7)
2026-05-07 00:48:51 [ERROR]: Redis error: {"code":"ECONNREFUSED"}
AggregateError [ECONNREFUSED]: 
    at internalConnectMultiple (node:net:1139:18)
    at afterConnectMultiple (node:net:1712:7)
2026-05-07 00:48:52 [ERROR]: Redis error: {"code":"ECONNREFUSED"}
AggregateError [ECONNREFUSED]: 
    at internalConnectMultiple (node:net:1139:18)
    at afterConnectMultiple (node:net:1712:7)
2026-05-07 00:48:52 [ERROR]: Redis error: {"code":"ECONNREFUSED"}
AggregateError [ECONNREFUSED]: 
    at internalConnectMultiple (node:net:1139:18)
    at afterConnectMultiple (node:net:1712:7)
2026-05-07 00:48:53 [ERROR]: Redis error: {"code":"ECONNREFUSED"}
AggregateError [ECONNREFUSED]: 
    at internalConnectMultiple (node:net:1139:18)
    at afterConnectMultiple (node:net:1712:7)
2026-05-07 00:48:53 [ERROR]: Redis error: {"code":"ECONNREFUSED"}
AggregateError [ECONNREFUSED]: 
    at internalConnectMultiple (node:net:1139:18)
    at afterConnectMultiple (node:net:1712:7)
2026-05-07 00:48:54 [ERROR]: Redis error: {"code":"ECONNREFUSED"}
AggregateError [ECONNREFUSED]: 
    at internalConnectMultiple (node:net:1139:18)
    at afterConnectMultiple (node:net:1712:7)
2026-05-07 00:48:55 [ERROR]: Redis error: {"code":"ECONNREFUSED"}
AggregateError [ECONNREFUSED]: 
    at internalConnectMultiple (node:net:1139:18)
    at afterConnectMultiple (node:net:1712:7)
2026-05-07 00:48:55 [ERROR]: Redis error: {"code":"ECONNREFUSED"}
AggregateError [ECONNREFUSED]: 
    at internalConnectMultiple (node:net:1139:18)
    at afterConnectMultiple (node:net:1712:7)
2026-05-07 00:48:56 [ERROR]: Redis error: {"code":"ECONNREFUSED"}
AggregateError [ECONNREFUSED]: 
    at internalConnectMultiple (node:net:1139:18)
    at afterConnectMultiple (node:net:1712:7)
2026-05-07 00:48:56 [ERROR]: Redis error: {"code":"ECONNREFUSED"}
AggregateError [ECONNREFUSED]: 
    at internalConnectMultiple (node:net:1139:18)
    at afterConnectMultiple (node:net:1712:7)
2026-05-07 00:48:57 [ERROR]: Redis error: {"code":"ECONNREFUSED"}
AggregateError [ECONNREFUSED]: 
    at internalConnectMultiple (node:net:1139:18)
    at afterConnectMultiple (node:net:1712:7)
2026-05-07 00:48:57 [ERROR]: Redis error: {"code":"ECONNREFUSED"}
AggregateError [ECONNREFUSED]: 
    at internalConnectMultiple (node:net:1139:18)
    at afterConnectMultiple (node:net:1712:7)
2026-05-07 00:48:58 [ERROR]: Redis error: {"code":"ECONNREFUSED"}
AggregateError [ECONNREFUSED]: 
    at internalConnectMultiple (node:net:1139:18)
    at afterConnectMultiple (node:net:1712:7)
2026-05-07 00:48:58 [ERROR]: Redis error: {"code":"ECONNREFUSED"}
AggregateError [ECONNREFUSED]: 
    at internalConnectMultiple (node:net:1139:18)
    at afterConnectMultiple (node:net:1712:7)
2026-05-07 00:48:59 [ERROR]: Redis error: {"code":"ECONNREFUSED"}
AggregateError [ECONNREFUSED]: 
    at internalConnectMultiple (node:net:1139:18)
    at afterConnectMultiple (node:net:1712:7)
2026-05-07 00:48:59 [ERROR]: Redis error: {"code":"ECONNREFUSED"}
AggregateError [ECONNREFUSED]: 
    at internalConnectMultiple (node:net:1139:18)
    at afterConnectMultiple (node:net:1712:7)
2026-05-07 00:49:00 [ERROR]: Redis error: {"code":"ECONNREFUSED"}
AggregateError [ECONNREFUSED]: 
    at internalConnectMultiple (node:net:1139:18)
    at afterConnectMultiple (node:net:1712:7)
2026-05-07 00:49:00 [ERROR]: Redis error: {"code":"ECONNREFUSED"}
AggregateError [ECONNREFUSED]: 
    at internalConnectMultiple (node:net:1139:18)
    at afterConnectMultiple (node:net:1712:7)
2026-05-07 00:49:01 [ERROR]: Redis error: {"code":"ECONNREFUSED"}
AggregateError [ECONNREFUSED]: 
    at internalConnectMultiple (node:net:1139:18)
    at afterConnectMultiple (node:net:1712:7)
2026-05-07 00:49:01 [ERROR]: Redis error: {"code":"ECONNREFUSED"}
AggregateError [ECONNREFUSED]: 
    at internalConnectMultiple (node:net:1139:18)
    at afterConnectMultiple (node:net:1712:7)
2026-05-07 00:49:02 [ERROR]: Redis error: {"code":"ECONNREFUSED"}
AggregateError [ECONNREFUSED]: 
    at internalConnectMultiple (node:net:1139:18)
    at afterConnectMultiple (node:net:1712:7)
2026-05-07 00:49:02 [ERROR]: Redis error: {"code":"ECONNREFUSED"}
AggregateError [ECONNREFUSED]: 
    at internalConnectMultiple (node:net:1139:18)
    at afterConnectMultiple (node:net:1712:7)
2026-05-07 00:49:03 [ERROR]: Redis error: {"code":"ECONNREFUSED"}
AggregateError [ECONNREFUSED]: 
    at internalConnectMultiple (node:net:1139:18)
    at afterConnectMultiple (node:net:1712:7)
2026-05-07 00:49:03 [ERROR]: Redis error: {"code":"ECONNREFUSED"}
AggregateError [ECONNREFUSED]: 
    at internalConnectMultiple (node:net:1139:18)
    at afterConnectMultiple (node:net:1712:7)
2026-05-07 00:49:04 [ERROR]: Redis error: {"code":"ECONNREFUSED"}
AggregateError [ECONNREFUSED]: 
    at internalConnectMultiple (node:net:1139:18)
    at afterConnectMultiple (node:net:1712:7)
2026-05-07 00:49:04 [ERROR]: Redis error: {"code":"ECONNREFUSED"}
AggregateError [ECONNREFUSED]: 
    at internalConnectMultiple (node:net:1139:18)
    at afterConnectMultiple (node:net:1712:7)
2026-05-07 00:49:05 [ERROR]: Redis error: {"code":"ECONNREFUSED"}
AggregateError [ECONNREFUSED]: 
    at internalConnectMultiple (node:net:1139:18)
    at afterConnectMultiple (node:net:1712:7)
2026-05-07 00:49:05 [ERROR]: Redis error: {"code":"ECONNREFUSED"}
AggregateError [ECONNREFUSED]: 
    at internalConnectMultiple (node:net:1139:18)
    at afterConnectMultiple (node:net:1712:7)
2026-05-07 00:49:06 [ERROR]: Redis error: {"code":"ECONNREFUSED"}
AggregateError [ECONNREFUSED]: 
    at internalConnectMultiple (node:net:1139:18)
    at afterConnectMultiple (node:net:1712:7)
2026-05-07 00:49:06 [ERROR]: Redis error: {"code":"ECONNREFUSED"}
AggregateError [ECONNREFUSED]: 
    at internalConnectMultiple (node:net:1139:18)
    at afterConnectMultiple (node:net:1712:7)
2026-05-07 00:49:07 [ERROR]: Redis error: {"code":"ECONNREFUSED"}
AggregateError [ECONNREFUSED]: 
    at internalConnectMultiple (node:net:1139:18)
    at afterConnectMultiple (node:net:1712:7)
2026-05-07 00:49:07 [ERROR]: Redis error: {"code":"ECONNREFUSED"}
AggregateError [ECONNREFUSED]: 
    at internalConnectMultiple (node:net:1139:18)
    at afterConnectMultiple (node:net:1712:7)
2026-05-07 00:49:08 [ERROR]: Redis error: {"code":"ECONNREFUSED"}
AggregateError [ECONNREFUSED]: 
    at internalConnectMultiple (node:net:1139:18)
    at afterConnectMultiple (node:net:1712:7)
2026-05-07 00:49:08 [ERROR]: Redis error: {"code":"ECONNREFUSED"}
AggregateError [ECONNREFUSED]: 
    at internalConnectMultiple (node:net:1139:18)
    at afterConnectMultiple (node:net:1712:7)
2026-05-07 00:49:09 [ERROR]: Redis error: {"code":"ECONNREFUSED"}
AggregateError [ECONNREFUSED]: 
    at internalConnectMultiple (node:net:1139:18)
    at afterConnectMultiple (node:net:1712:7)
2026-05-07 00:49:09 [ERROR]: Redis error: {"code":"ECONNREFUSED"}
AggregateError [ECONNREFUSED]: 
    at internalConnectMultiple (node:net:1139:18)
    at afterConnectMultiple (node:net:1712:7)
2026-05-07 00:49:10 [ERROR]: Redis error: {"code":"ECONNREFUSED"}
AggregateError [ECONNREFUSED]: 
    at internalConnectMultiple (node:net:1139:18)
    at afterConnectMultiple (node:net:1712:7)
2026-05-07 00:49:11 [ERROR]: Redis error: {"code":"ECONNREFUSED"}
AggregateError [ECONNREFUSED]: 
    at internalConnectMultiple (node:net:1139:18)
    at afterConnectMultiple (node:net:1712:7)
2026-05-07 00:49:11 [ERROR]: Redis error: {"code":"ECONNREFUSED"}
AggregateError [ECONNREFUSED]: 
    at internalConnectMultiple (node:net:1139:18)
    at afterConnectMultiple (node:net:1712:7)
2026-05-07 00:49:12 [ERROR]: Redis error: {"code":"ECONNREFUSED"}
AggregateError [ECONNREFUSED]: 
    at internalConnectMultiple (node:net:1139:18)
    at afterConnectMultiple (node:net:1712:7)
2026-05-07 00:49:12 [ERROR]: Redis error: {"code":"ECONNREFUSED"}
AggregateError [ECONNREFUSED]: 
    at internalConnectMultiple (node:net:1139:18)
    at afterConnectMultiple (node:net:1712:7)
2026-05-07 00:49:13 [ERROR]: Redis error: {"code":"ECONNREFUSED"}
AggregateError [ECONNREFUSED]: 
    at internalConnectMultiple (node:net:1139:18)
    at afterConnectMultiple (node:net:1712:7)
2026-05-07 00:49:13 [ERROR]: Redis error: {"code":"ECONNREFUSED"}
AggregateError [ECONNREFUSED]: 
    at internalConnectMultiple (node:net:1139:18)
    at afterConnectMultiple (node:net:1712:7)
2026-05-07 00:49:14 [ERROR]: Redis error: {"code":"ECONNREFUSED"}
AggregateError [ECONNREFUSED]: 
    at internalConnectMultiple (node:net:1139:18)
    at afterConnectMultiple (node:net:1712:7)
2026-05-07 00:49:14 [ERROR]: Redis error: {"code":"ECONNREFUSED"}
AggregateError [ECONNREFUSED]: 
    at internalConnectMultiple (node:net:1139:18)
    at afterConnectMultiple (node:net:1712:7)
2026-05-07 00:49:15 [ERROR]: Redis error: {"code":"ECONNREFUSED"}
AggregateError [ECONNREFUSED]: 
    at internalConnectMultiple (node:net:1139:18)
    at afterConnectMultiple (node:net:1712:7)
2026-05-07 00:49:15 [ERROR]: Redis error: {"code":"ECONNREFUSED"}
AggregateError [ECONNREFUSED]: 
    at internalConnectMultiple (node:net:1139:18)
    at afterConnectMultiple (node:net:1712:7)
2026-05-07 00:49:16 [ERROR]: Redis error: {"code":"ECONNREFUSED"}
AggregateError [ECONNREFUSED]: 
    at internalConnectMultiple (node:net:1139:18)
    at afterConnectMultiple (node:net:1712:7)
2026-05-07 00:49:16 [ERROR]: Redis error: {"code":"ECONNREFUSED"}
AggregateError [ECONNREFUSED]: 
    at internalConnectMultiple (node:net:1139:18)
    at afterConnectMultiple (node:net:1712:7)
2026-05-07 00:49:17 [ERROR]: Redis error: {"code":"ECONNREFUSED"}
AggregateError [ECONNREFUSED]: 
    at internalConnectMultiple (node:net:1139:18)
    at afterConnectMultiple (node:net:1712:7)
2026-05-07 00:49:17 [ERROR]: Redis error: {"code":"ECONNREFUSED"}
AggregateError [ECONNREFUSED]: 
    at internalConnectMultiple (node:net:1139:18)
    at afterConnectMultiple (node:net:1712:7)
2026-05-07 00:49:18 [ERROR]: Redis error: {"code":"ECONNREFUSED"}
AggregateError [ECONNREFUSED]: 
    at internalConnectMultiple (node:net:1139:18)
    at afterConnectMultiple (node:net:1712:7)
2026-05-07 00:49:18 [ERROR]: Redis error: {"code":"ECONNREFUSED"}
AggregateError [ECONNREFUSED]: 
    at internalConnectMultiple (node:net:1139:18)
    at afterConnectMultiple (node:net:1712:7)
2026-05-07 00:49:19 [ERROR]: Redis error: {"code":"ECONNREFUSED"}
AggregateError [ECONNREFUSED]: 
    at internalConnectMultiple (node:net:1139:18)
    at afterConnectMultiple (node:net:1712:7)
2026-05-07 00:49:20 [ERROR]: Redis error: {"code":"ECONNREFUSED"}
AggregateError [ECONNREFUSED]: 
    at internalConnectMultiple (node:net:1139:18)
    at afterConnectMultiple (node:net:1712:7)
2026-05-07 00:49:20 [ERROR]: Redis error: {"code":"ECONNREFUSED"}
AggregateError [ECONNREFUSED]: 
    at internalConnectMultiple (node:net:1139:18)
    at afterConnectMultiple (node:net:1712:7)
2026-05-07 00:49:21 [ERROR]: Redis error: {"code":"ECONNREFUSED"}
AggregateError [ECONNREFUSED]: 
    at internalConnectMultiple (node:net:1139:18)
    at afterConnectMultiple (node:net:1712:7)
2026-05-07 00:49:21 [ERROR]: Redis error: {"code":"ECONNREFUSED"}
AggregateError [ECONNREFUSED]: 
    at internalConnectMultiple (node:net:1139:18)
    at afterConnectMultiple (node:net:1712:7)
2026-05-07 00:49:22 [ERROR]: Redis error: {"code":"ECONNREFUSED"}
AggregateError [ECONNREFUSED]: 
    at internalConnectMultiple (node:net:1139:18)
    at afterConnectMultiple (node:net:1712:7)
2026-05-07 00:49:22 [ERROR]: Redis error: {"code":"ECONNREFUSED"}
AggregateError [ECONNREFUSED]: 
    at internalConnectMultiple (node:net:1139:18)
    at afterConnectMultiple (node:net:1712:7)
2026-05-07 00:49:23 [ERROR]: Redis error: {"code":"ECONNREFUSED"}
AggregateError [ECONNREFUSED]: 
    at internalConnectMultiple (node:net:1139:18)
    at afterConnectMultiple (node:net:1712:7)
2026-05-07 00:49:23 [ERROR]: Redis error: {"code":"ECONNREFUSED"}
AggregateError [ECONNREFUSED]: 
    at internalConnectMultiple (node:net:1139:18)
    at afterConnectMultiple (node:net:1712:7)
2026-05-07 00:49:24 [ERROR]: Redis error: {"code":"ECONNREFUSED"}
AggregateError [ECONNREFUSED]: 
    at internalConnectMultiple (node:net:1139:18)
    at afterConnectMultiple (node:net:1712:7)
2026-05-07 00:49:24 [ERROR]: Redis error: {"code":"ECONNREFUSED"}
AggregateError [ECONNREFUSED]: 
    at internalConnectMultiple (node:net:1139:18)
    at afterConnectMultiple (node:net:1712:7)
2026-05-07 00:49:25 [ERROR]: Redis error: {"code":"ECONNREFUSED"}
AggregateError [ECONNREFUSED]: 
    at internalConnectMultiple (node:net:1139:18)
    at afterConnectMultiple (node:net:1712:7)
2026-05-07 00:49:25 [ERROR]: Redis error: {"code":"ECONNREFUSED"}
AggregateError [ECONNREFUSED]: 
    at internalConnectMultiple (node:net:1139:18)
    at afterConnectMultiple (node:net:1712:7)
2026-05-07 00:49:26 [ERROR]: Redis error: {"code":"ECONNREFUSED"}
AggregateError [ECONNREFUSED]: 
    at internalConnectMultiple (node:net:1139:18)
    at afterConnectMultiple (node:net:1712:7)
2026-05-07 00:49:26 [ERROR]: Redis error: {"code":"ECONNREFUSED"}
AggregateError [ECONNREFUSED]: 
    at internalConnectMultiple (node:net:1139:18)
    at afterConnectMultiple (node:net:1712:7)
2026-05-07 00:49:27 [ERROR]: Redis error: {"code":"ECONNREFUSED"}
AggregateError [ECONNREFUSED]: 
    at internalConnectMultiple (node:net:1139:18)
    at afterConnectMultiple (node:net:1712:7)
2026-05-07 00:49:27 [ERROR]: Redis error: {"code":"ECONNREFUSED"}
AggregateError [ECONNREFUSED]: 
    at internalConnectMultiple (node:net:1139:18)
    at afterConnectMultiple (node:net:1712:7)
2026-05-07 00:49:28 [ERROR]: Redis error: {"code":"ECONNREFUSED"}
AggregateError [ECONNREFUSED]: 
    at internalConnectMultiple (node:net:1139:18)
    at afterConnectMultiple (node:net:1712:7)
2026-05-07 00:49:28 [ERROR]: Redis error: {"code":"ECONNREFUSED"}
AggregateError [ECONNREFUSED]: 
    at internalConnectMultiple (node:net:1139:18)
    at afterConnectMultiple (node:net:1712:7)
2026-05-07 00:49:29 [ERROR]: Redis error: {"code":"ECONNREFUSED"}
AggregateError [ECONNREFUSED]: 
    at internalConnectMultiple (node:net:1139:18)
    at afterConnectMultiple (node:net:1712:7)
2026-05-07 00:49:29 [ERROR]: Redis error: {"code":"ECONNREFUSED"}
AggregateError [ECONNREFUSED]: 
    at internalConnectMultiple (node:net:1139:18)
    at afterConnectMultiple (node:net:1712:7)
2026-05-07 00:49:30 [ERROR]: Redis error: {"code":"ECONNREFUSED"}
AggregateError [ECONNREFUSED]: 
    at internalConnectMultiple (node:net:1139:18)
    at afterConnectMultiple (node:net:1712:7)
2026-05-07 00:49:30 [ERROR]: Redis error: {"code":"ECONNREFUSED"}
AggregateError [ECONNREFUSED]: 
    at internalConnectMultiple (node:net:1139:18)
    at afterConnectMultiple (node:net:1712:7)
2026-05-07 00:49:31 [ERROR]: Redis error: {"code":"ECONNREFUSED"}
AggregateError [ECONNREFUSED]: 
    at internalConnectMultiple (node:net:1139:18)
    at afterConnectMultiple (node:net:1712:7)
2026-05-07 00:49:31 [ERROR]: Redis error: {"code":"ECONNREFUSED"}
AggregateError [ECONNREFUSED]: 
    at internalConnectMultiple (node:net:1139:18)
    at afterConnectMultiple (node:net:1712:7)
2026-05-07 00:49:32 [ERROR]: Redis error: {"code":"ECONNREFUSED"}
AggregateError [ECONNREFUSED]: 
    at internalConnectMultiple (node:net:1139:18)
    at afterConnectMultiple (node:net:1712:7)
2026-05-07 00:49:32 [ERROR]: Redis error: {"code":"ECONNREFUSED"}
AggregateError [ECONNREFUSED]: 
    at internalConnectMultiple (node:net:1139:18)
    at afterConnectMultiple (node:net:1712:7)
2026-05-07 00:49:33 [ERROR]: Redis error: {"code":"ECONNREFUSED"}
AggregateError [ECONNREFUSED]: 
    at internalConnectMultiple (node:net:1139:18)
    at afterConnectMultiple (node:net:1712:7)
2026-05-07 00:49:33 [ERROR]: Redis error: {"code":"ECONNREFUSED"}
AggregateError [ECONNREFUSED]: 
    at internalConnectMultiple (node:net:1139:18)
    at afterConnectMultiple (node:net:1712:7)
2026-05-07 00:49:34 [ERROR]: Redis error: {"code":"ECONNREFUSED"}
AggregateError [ECONNREFUSED]: 
    at internalConnectMultiple (node:net:1139:18)
    at afterConnectMultiple (node:net:1712:7)
2026-05-07 00:49:34 [ERROR]: Redis error: {"code":"ECONNREFUSED"}
AggregateError [ECONNREFUSED]: 
    at internalConnectMultiple (node:net:1139:18)
    at afterConnectMultiple (node:net:1712:7)
2026-05-07 00:49:35 [ERROR]: Redis error: {"code":"ECONNREFUSED"}
AggregateError [ECONNREFUSED]: 
    at internalConnectMultiple (node:net:1139:18)
    at afterConnectMultiple (node:net:1712:7)
2026-05-07 00:49:35 [ERROR]: Redis error: {"code":"ECONNREFUSED"}
AggregateError [ECONNREFUSED]: 
    at internalConnectMultiple (node:net:1139:18)
    at afterConnectMultiple (node:net:1712:7)
2026-05-07 00:49:36 [ERROR]: Redis error: {"code":"ECONNREFUSED"}
AggregateError [ECONNREFUSED]: 
    at internalConnectMultiple (node:net:1139:18)
    at afterConnectMultiple (node:net:1712:7)
2026-05-07 00:49:37 [ERROR]: Redis error: {"code":"ECONNREFUSED"}
AggregateError [ECONNREFUSED]: 
    at internalConnectMultiple (node:net:1139:18)
    at afterConnectMultiple (node:net:1712:7)
2026-05-07 00:49:37 [ERROR]: Redis error: {"code":"ECONNREFUSED"}
AggregateError [ECONNREFUSED]: 
    at internalConnectMultiple (node:net:1139:18)
    at afterConnectMultiple (node:net:1712:7)
2026-05-07 00:49:38 [ERROR]: Redis error: {"code":"ECONNREFUSED"}
AggregateError [ECONNREFUSED]: 
    at internalConnectMultiple (node:net:1139:18)
    at afterConnectMultiple (node:net:1712:7)
2026-05-07 00:49:38 [ERROR]: Redis error: {"code":"ECONNREFUSED"}
AggregateError [ECONNREFUSED]: 
    at internalConnectMultiple (node:net:1139:18)
    at afterConnectMultiple (node:net:1712:7)
2026-05-07 00:49:39 [ERROR]: Redis error: {"code":"ECONNREFUSED"}
AggregateError [ECONNREFUSED]: 
    at internalConnectMultiple (node:net:1139:18)
    at afterConnectMultiple (node:net:1712:7)
2026-05-07 00:49:39 [ERROR]: Redis error: {"code":"ECONNREFUSED"}
AggregateError [ECONNREFUSED]: 
    at internalConnectMultiple (node:net:1139:18)
    at afterConnectMultiple (node:net:1712:7)
2026-05-07 00:49:40 [ERROR]: Redis error: {"code":"ECONNREFUSED"}
AggregateError [ECONNREFUSED]: 
    at internalConnectMultiple (node:net:1139:18)
    at afterConnectMultiple (node:net:1712:7)
2026-05-07 00:49:40 [ERROR]: Redis error: {"code":"ECONNREFUSED"}
AggregateError [ECONNREFUSED]: 
    at internalConnectMultiple (node:net:1139:18)
    at afterConnectMultiple (node:net:1712:7)
2026-05-07 00:49:41 [ERROR]: Redis error: {"code":"ECONNREFUSED"}
AggregateError [ECONNREFUSED]: 
    at internalConnectMultiple (node:net:1139:18)
    at afterConnectMultiple (node:net:1712:7)
2026-05-07 00:49:41 [ERROR]: Redis error: {"code":"ECONNREFUSED"}
AggregateError [ECONNREFUSED]: 
    at internalConnectMultiple (node:net:1139:18)
    at afterConnectMultiple (node:net:1712:7)
2026-05-07 00:49:42 [ERROR]: Redis error: {"code":"ECONNREFUSED"}
AggregateError [ECONNREFUSED]: 
    at internalConnectMultiple (node:net:1139:18)
    at afterConnectMultiple (node:net:1712:7)
2026-05-07 00:49:42 [ERROR]: Redis error: {"code":"ECONNREFUSED"}
AggregateError [ECONNREFUSED]: 
    at internalConnectMultiple (node:net:1139:18)
    at afterConnectMultiple (node:net:1712:7)
2026-05-07 00:49:43 [ERROR]: Redis error: {"code":"ECONNREFUSED"}
AggregateError [ECONNREFUSED]: 
    at internalConnectMultiple (node:net:1139:18)
    at afterConnectMultiple (node:net:1712:7)
2026-05-07 00:49:43 [ERROR]: Redis error: {"code":"ECONNREFUSED"}
AggregateError [ECONNREFUSED]: 
    at internalConnectMultiple (node:net:1139:18)
    at afterConnectMultiple (node:net:1712:7)
2026-05-07 00:49:44 [ERROR]: Redis error: {"code":"ECONNREFUSED"}
AggregateError [ECONNREFUSED]: 
    at internalConnectMultiple (node:net:1139:18)
    at afterConnectMultiple (node:net:1712:7)
2026-05-07 00:49:44 [ERROR]: Redis error: {"code":"ECONNREFUSED"}
AggregateError [ECONNREFUSED]: 
    at internalConnectMultiple (node:net:1139:18)
    at afterConnectMultiple (node:net:1712:7)
2026-05-07 00:49:45 [ERROR]: Redis error: {"code":"ECONNREFUSED"}
AggregateError [ECONNREFUSED]: 
    at internalConnectMultiple (node:net:1139:18)
    at afterConnectMultiple (node:net:1712:7)
2026-05-07 00:49:45 [ERROR]: Redis error: {"code":"ECONNREFUSED"}
AggregateError [ECONNREFUSED]: 
    at internalConnectMultiple (node:net:1139:18)
    at afterConnectMultiple (node:net:1712:7)
2026-05-07 00:49:46 [ERROR]: Redis error: {"code":"ECONNREFUSED"}
AggregateError [ECONNREFUSED]: 
    at internalConnectMultiple (node:net:1139:18)
    at afterConnectMultiple (node:net:1712:7)
2026-05-07 00:49:46 [ERROR]: Redis error: {"code":"ECONNREFUSED"}
AggregateError [ECONNREFUSED]: 
    at internalConnectMultiple (node:net:1139:18)
    at afterConnectMultiple (node:net:1712:7)
2026-05-07 00:49:47 [ERROR]: Redis error: {"code":"ECONNREFUSED"}
AggregateError [ECONNREFUSED]: 
    at internalConnectMultiple (node:net:1139:18)
    at afterConnectMultiple (node:net:1712:7)
2026-05-07 00:49:47 [ERROR]: Redis error: {"code":"ECONNREFUSED"}
AggregateError [ECONNREFUSED]: 
    at internalConnectMultiple (node:net:1139:18)
    at afterConnectMultiple (node:net:1712:7)
2026-05-07 00:49:48 [ERROR]: Redis error: {"code":"ECONNREFUSED"}
AggregateError [ECONNREFUSED]: 
    at internalConnectMultiple (node:net:1139:18)
    at afterConnectMultiple (node:net:1712:7)
2026-05-07 00:49:48 [ERROR]: Redis error: {"code":"ECONNREFUSED"}
AggregateError [ECONNREFUSED]: 
    at internalConnectMultiple (node:net:1139:18)
    at afterConnectMultiple (node:net:1712:7)
2026-05-07 00:49:49 [ERROR]: Redis error: {"code":"ECONNREFUSED"}
AggregateError [ECONNREFUSED]: 
    at internalConnectMultiple (node:net:1139:18)
    at afterConnectMultiple (node:net:1712:7)
2026-05-07 00:49:49 [ERROR]: Redis error: {"code":"ECONNREFUSED"}
AggregateError [ECONNREFUSED]: 
    at internalConnectMultiple (node:net:1139:18)
    at afterConnectMultiple (node:net:1712:7)
2026-05-07 00:49:50 [ERROR]: Redis error: {"code":"ECONNREFUSED"}
AggregateError [ECONNREFUSED]: 
    at internalConnectMultiple (node:net:1139:18)
    at afterConnectMultiple (node:net:1712:7)
2026-05-07 00:49:50 [ERROR]: Redis error: {"code":"ECONNREFUSED"}
AggregateError [ECONNREFUSED]: 
    at internalConnectMultiple (node:net:1139:18)
    at afterConnectMultiple (node:net:1712:7)
2026-05-07 00:49:51 [ERROR]: Redis error: {"code":"ECONNREFUSED"}
AggregateError [ECONNREFUSED]: 
    at internalConnectMultiple (node:net:1139:18)
    at afterConnectMultiple (node:net:1712:7)
2026-05-07 00:49:51 [ERROR]: Redis error: {"code":"ECONNREFUSED"}
AggregateError [ECONNREFUSED]: 
    at internalConnectMultiple (node:net:1139:18)
    at afterConnectMultiple (node:net:1712:7)
2026-05-07 00:49:52 [ERROR]: Redis error: {"code":"ECONNREFUSED"}
AggregateError [ECONNREFUSED]: 
    at internalConnectMultiple (node:net:1139:18)
    at afterConnectMultiple (node:net:1712:7)
2026-05-07 00:49:52 [ERROR]: Redis error: {"code":"ECONNREFUSED"}
AggregateError [ECONNREFUSED]: 
    at internalConnectMultiple (node:net:1139:18)
    at afterConnectMultiple (node:net:1712:7)
2026-05-07 00:49:53 [ERROR]: Redis error: {"code":"ECONNREFUSED"}
AggregateError [ECONNREFUSED]: 
    at internalConnectMultiple (node:net:1139:18)
    at afterConnectMultiple (node:net:1712:7)
2026-05-07 00:49:53 [ERROR]: Redis error: {"code":"ECONNREFUSED"}
AggregateError [ECONNREFUSED]: 
    at internalConnectMultiple (node:net:1139:18)
    at afterConnectMultiple (node:net:1712:7)
2026-05-07 00:49:54 [ERROR]: Redis error: {"code":"ECONNREFUSED"}
AggregateError [ECONNREFUSED]: 
    at internalConnectMultiple (node:net:1139:18)
    at afterConnectMultiple (node:net:1712:7)
2026-05-07 00:49:55 [ERROR]: Redis error: {"code":"ECONNREFUSED"}
AggregateError [ECONNREFUSED]: 
    at internalConnectMultiple (node:net:1139:18)
    at afterConnectMultiple (node:net:1712:7)
2026-05-07 00:49:55 [ERROR]: Redis error: {"code":"ECONNREFUSED"}
AggregateError [ECONNREFUSED]: 
    at internalConnectMultiple (node:net:1139:18)
    at afterConnectMultiple (node:net:1712:7)
2026-05-07 00:49:56 [ERROR]: Redis error: {"code":"ECONNREFUSED"}
AggregateError [ECONNREFUSED]: 
    at internalConnectMultiple (node:net:1139:18)
    at afterConnectMultiple (node:net:1712:7)
2026-05-07 00:49:56 [ERROR]: Redis error: {"code":"ECONNREFUSED"}
AggregateError [ECONNREFUSED]: 
    at internalConnectMultiple (node:net:1139:18)
    at afterConnectMultiple (node:net:1712:7)
2026-05-07 00:49:57 [ERROR]: Redis error: {"code":"ECONNREFUSED"}
AggregateError [ECONNREFUSED]: 
    at internalConnectMultiple (node:net:1139:18)
    at afterConnectMultiple (node:net:1712:7)
2026-05-07 00:49:57 [ERROR]: Redis error: {"code":"ECONNREFUSED"}
AggregateError [ECONNREFUSED]: 
    at internalConnectMultiple (node:net:1139:18)
    at afterConnectMultiple (node:net:1712:7)
2026-05-07 00:49:58 [ERROR]: Redis error: {"code":"ECONNREFUSED"}
AggregateError [ECONNREFUSED]: 
    at internalConnectMultiple (node:net:1139:18)
    at afterConnectMultiple (node:net:1712:7)
2026-05-07 00:49:58 [ERROR]: Redis error: {"code":"ECONNREFUSED"}
AggregateError [ECONNREFUSED]: 
    at internalConnectMultiple (node:net:1139:18)
    at afterConnectMultiple (node:net:1712:7)
2026-05-07 00:49:59 [ERROR]: Redis error: {"code":"ECONNREFUSED"}
AggregateError [ECONNREFUSED]: 
    at internalConnectMultiple (node:net:1139:18)
    at afterConnectMultiple (node:net:1712:7)
2026-05-07 00:49:59 [ERROR]: Redis error: {"code":"ECONNREFUSED"}
AggregateError [ECONNREFUSED]: 
    at internalConnectMultiple (node:net:1139:18)
    at afterConnectMultiple (node:net:1712:7)
2026-05-07 00:50:00 [ERROR]: Redis error: {"code":"ECONNREFUSED"}
AggregateError [ECONNREFUSED]: 
    at internalConnectMultiple (node:net:1139:18)
    at afterConnectMultiple (node:net:1712:7)
2026-05-07 00:50:00 [ERROR]: Redis error: {"code":"ECONNREFUSED"}
AggregateError [ECONNREFUSED]: 
    at internalConnectMultiple (node:net:1139:18)
    at afterConnectMultiple (node:net:1712:7)
2026-05-07 00:50:01 [ERROR]: Redis error: {"code":"ECONNREFUSED"}
AggregateError [ECONNREFUSED]: 
    at internalConnectMultiple (node:net:1139:18)
    at afterConnectMultiple (node:net:1712:7)
2026-05-07 00:50:01 [ERROR]: Redis error: {"code":"ECONNREFUSED"}
AggregateError [ECONNREFUSED]: 
    at internalConnectMultiple (node:net:1139:18)
    at afterConnectMultiple (node:net:1712:7)
2026-05-07 00:50:02 [ERROR]: Redis error: {"code":"ECONNREFUSED"}
AggregateError [ECONNREFUSED]: 
    at internalConnectMultiple (node:net:1139:18)
    at afterConnectMultiple (node:net:1712:7)
2026-05-07 00:50:02 [ERROR]: Redis error: {"code":"ECONNREFUSED"}
AggregateError [ECONNREFUSED]: 
    at internalConnectMultiple (node:net:1139:18)
    at afterConnectMultiple (node:net:1712:7)
2026-05-07 00:50:03 [ERROR]: Redis error: {"code":"ECONNREFUSED"}
AggregateError [ECONNREFUSED]: 
    at internalConnectMultiple (node:net:1139:18)
    at afterConnectMultiple (node:net:1712:7)
2026-05-07 00:50:03 [ERROR]: Redis error: {"code":"ECONNREFUSED"}
AggregateError [ECONNREFUSED]: 
    at internalConnectMultiple (node:net:1139:18)
    at afterConnectMultiple (node:net:1712:7)
2026-05-07 00:50:04 [ERROR]: Redis error: {"code":"ECONNREFUSED"}
AggregateError [ECONNREFUSED]: 
    at internalConnectMultiple (node:net:1139:18)
    at afterConnectMultiple (node:net:1712:7)
2026-05-07 00:50:04 [ERROR]: Redis error: {"code":"ECONNREFUSED"}
AggregateError [ECONNREFUSED]: 
    at internalConnectMultiple (node:net:1139:18)
    at afterConnectMultiple (node:net:1712:7)
2026-05-07 00:50:05 [ERROR]: Redis error: {"code":"ECONNREFUSED"}
AggregateError [ECONNREFUSED]: 
    at internalConnectMultiple (node:net:1139:18)
    at afterConnectMultiple (node:net:1712:7)
2026-05-07 00:50:05 [ERROR]: Redis error: {"code":"ECONNREFUSED"}
AggregateError [ECONNREFUSED]: 
    at internalConnectMultiple (node:net:1139:18)
    at afterConnectMultiple (node:net:1712:7)
2026-05-07 00:50:06 [ERROR]: Redis error: {"code":"ECONNREFUSED"}
AggregateError [ECONNREFUSED]: 
    at internalConnectMultiple (node:net:1139:18)
    at afterConnectMultiple (node:net:1712:7)
2026-05-07 00:50:06 [ERROR]: Redis error: {"code":"ECONNREFUSED"}
AggregateError [ECONNREFUSED]: 
    at internalConnectMultiple (node:net:1139:18)
    at afterConnectMultiple (node:net:1712:7)
2026-05-07 00:50:07 [ERROR]: Redis error: {"code":"ECONNREFUSED"}
AggregateError [ECONNREFUSED]: 
    at internalConnectMultiple (node:net:1139:18)
    at afterConnectMultiple (node:net:1712:7)
2026-05-07 00:50:07 [ERROR]: Redis error: {"code":"ECONNREFUSED"}
AggregateError [ECONNREFUSED]: 
    at internalConnectMultiple (node:net:1139:18)
    at afterConnectMultiple (node:net:1712:7)
2026-05-07 00:50:08 [ERROR]: Redis error: {"code":"ECONNREFUSED"}
AggregateError [ECONNREFUSED]: 
    at internalConnectMultiple (node:net:1139:18)
    at afterConnectMultiple (node:net:1712:7)
2026-05-07 00:50:08 [ERROR]: Redis error: {"code":"ECONNREFUSED"}
AggregateError [ECONNREFUSED]: 
    at internalConnectMultiple (node:net:1139:18)
    at afterConnectMultiple (node:net:1712:7)
2026-05-07 00:50:09 [ERROR]: Redis error: {"code":"ECONNREFUSED"}
AggregateError [ECONNREFUSED]: 
    at internalConnectMultiple (node:net:1139:18)
    at afterConnectMultiple (node:net:1712:7)
2026-05-07 00:50:09 [ERROR]: Redis error: {"code":"ECONNREFUSED"}
AggregateError [ECONNREFUSED]: 
    at internalConnectMultiple (node:net:1139:18)
    at afterConnectMultiple (node:net:1712:7)
2026-05-07 00:50:10 [ERROR]: Redis error: {"code":"ECONNREFUSED"}
AggregateError [ECONNREFUSED]: 
    at internalConnectMultiple (node:net:1139:18)
    at afterConnectMultiple (node:net:1712:7)
2026-05-07 00:50:10 [ERROR]: Redis error: {"code":"ECONNREFUSED"}
AggregateError [ECONNREFUSED]: 
    at internalConnectMultiple (node:net:1139:18)
    at afterConnectMultiple (node:net:1712:7)
2026-05-07 00:50:11 [ERROR]: Redis error: {"code":"ECONNREFUSED"}
AggregateError [ECONNREFUSED]: 
    at internalConnectMultiple (node:net:1139:18)
    at afterConnectMultiple (node:net:1712:7)
2026-05-07 00:50:11 [ERROR]: Redis error: {"code":"ECONNREFUSED"}
AggregateError [ECONNREFUSED]: 
    at internalConnectMultiple (node:net:1139:18)
    at afterConnectMultiple (node:net:1712:7)
2026-05-07 00:50:12 [ERROR]: Redis error: {"code":"ECONNREFUSED"}
AggregateError [ECONNREFUSED]: 
    at internalConnectMultiple (node:net:1139:18)
    at afterConnectMultiple (node:net:1712:7)
2026-05-07 00:50:12 [ERROR]: Redis error: {"code":"ECONNREFUSED"}
AggregateError [ECONNREFUSED]: 
    at internalConnectMultiple (node:net:1139:18)
    at afterConnectMultiple (node:net:1712:7)
2026-05-07 00:50:13 [ERROR]: Redis error: {"code":"ECONNREFUSED"}
AggregateError [ECONNREFUSED]: 
    at internalConnectMultiple (node:net:1139:18)
    at afterConnectMultiple (node:net:1712:7)
2026-05-07 00:50:14 [ERROR]: Redis error: {"code":"ECONNREFUSED"}
AggregateError [ECONNREFUSED]: 
    at internalConnectMultiple (node:net:1139:18)
    at afterConnectMultiple (node:net:1712:7)
2026-05-07 00:50:14 [ERROR]: Redis error: {"code":"ECONNREFUSED"}
AggregateError [ECONNREFUSED]: 
    at internalConnectMultiple (node:net:1139:18)
    at afterConnectMultiple (node:net:1712:7)
2026-05-07 00:50:15 [ERROR]: Redis error: {"code":"ECONNREFUSED"}
AggregateError [ECONNREFUSED]: 
    at internalConnectMultiple (node:net:1139:18)
    at afterConnectMultiple (node:net:1712:7)
2026-05-07 00:50:15 [ERROR]: Redis error: {"code":"ECONNREFUSED"}
AggregateError [ECONNREFUSED]: 
    at internalConnectMultiple (node:net:1139:18)
    at afterConnectMultiple (node:net:1712:7)
2026-05-07 00:50:16 [ERROR]: Redis error: {"code":"ECONNREFUSED"}
AggregateError [ECONNREFUSED]: 
    at internalConnectMultiple (node:net:1139:18)
    at afterConnectMultiple (node:net:1712:7)
2026-05-07 00:50:16 [ERROR]: Redis error: {"code":"ECONNREFUSED"}
AggregateError [ECONNREFUSED]: 
    at internalConnectMultiple (node:net:1139:18)
    at afterConnectMultiple (node:net:1712:7)
2026-05-07 00:50:17 [ERROR]: Redis error: {"code":"ECONNREFUSED"}
AggregateError [ECONNREFUSED]: 
    at internalConnectMultiple (node:net:1139:18)
    at afterConnectMultiple (node:net:1712:7)
2026-05-07 00:50:17 [ERROR]: Redis error: {"code":"ECONNREFUSED"}
AggregateError [ECONNREFUSED]: 
    at internalConnectMultiple (node:net:1139:18)
    at afterConnectMultiple (node:net:1712:7)
2026-05-07 00:50:18 [ERROR]: Redis error: {"code":"ECONNREFUSED"}
AggregateError [ECONNREFUSED]: 
    at internalConnectMultiple (node:net:1139:18)
    at afterConnectMultiple (node:net:1712:7)
2026-05-07 00:50:18 [ERROR]: Redis error: {"code":"ECONNREFUSED"}
AggregateError [ECONNREFUSED]: 
    at internalConnectMultiple (node:net:1139:18)
    at afterConnectMultiple (node:net:1712:7)
2026-05-07 00:50:19 [ERROR]: Redis error: {"code":"ECONNREFUSED"}
AggregateError [ECONNREFUSED]: 
    at internalConnectMultiple (node:net:1139:18)
    at afterConnectMultiple (node:net:1712:7)
2026-05-07 00:50:19 [ERROR]: Redis error: {"code":"ECONNREFUSED"}
AggregateError [ECONNREFUSED]: 
    at internalConnectMultiple (node:net:1139:18)
    at afterConnectMultiple (node:net:1712:7)
2026-05-07 00:50:20 [ERROR]: Redis error: {"code":"ECONNREFUSED"}
AggregateError [ECONNREFUSED]: 
    at internalConnectMultiple (node:net:1139:18)
    at afterConnectMultiple (node:net:1712:7)
2026-05-07 00:50:20 [ERROR]: Redis error: {"code":"ECONNREFUSED"}
AggregateError [ECONNREFUSED]: 
    at internalConnectMultiple (node:net:1139:18)
    at afterConnectMultiple (node:net:1712:7)
2026-05-07 00:50:21 [ERROR]: Redis error: {"code":"ECONNREFUSED"}
AggregateError [ECONNREFUSED]: 
    at internalConnectMultiple (node:net:1139:18)
    at afterConnectMultiple (node:net:1712:7)
2026-05-07 00:50:21 [ERROR]: Redis error: {"code":"ECONNREFUSED"}
AggregateError [ECONNREFUSED]: 
    at internalConnectMultiple (node:net:1139:18)
    at afterConnectMultiple (node:net:1712:7)
2026-05-07 00:50:22 [ERROR]: Redis error: {"code":"ECONNREFUSED"}
AggregateError [ECONNREFUSED]: 
    at internalConnectMultiple (node:net:1139:18)
    at afterConnectMultiple (node:net:1712:7)
2026-05-07 00:50:22 [ERROR]: Redis error: {"code":"ECONNREFUSED"}
AggregateError [ECONNREFUSED]: 
    at internalConnectMultiple (node:net:1139:18)
    at afterConnectMultiple (node:net:1712:7)
2026-05-07 00:50:23 [ERROR]: Redis error: {"code":"ECONNREFUSED"}
AggregateError [ECONNREFUSED]: 
    at internalConnectMultiple (node:net:1139:18)
    at afterConnectMultiple (node:net:1712:7)
2026-05-07 00:50:23 [ERROR]: Redis error: {"code":"ECONNREFUSED"}
AggregateError [ECONNREFUSED]: 
    at internalConnectMultiple (node:net:1139:18)
    at afterConnectMultiple (node:net:1712:7)
2026-05-07 00:50:24 [ERROR]: Redis error: {"code":"ECONNREFUSED"}
AggregateError [ECONNREFUSED]: 
    at internalConnectMultiple (node:net:1139:18)
    at afterConnectMultiple (node:net:1712:7)
2026-05-07 00:50:24 [ERROR]: Redis error: {"code":"ECONNREFUSED"}
AggregateError [ECONNREFUSED]: 
    at internalConnectMultiple (node:net:1139:18)
    at afterConnectMultiple (node:net:1712:7)
2026-05-07 00:50:25 [ERROR]: Redis error: {"code":"ECONNREFUSED"}
AggregateError [ECONNREFUSED]: 
    at internalConnectMultiple (node:net:1139:18)
    at afterConnectMultiple (node:net:1712:7)
2026-05-07 00:50:25 [ERROR]: Redis error: {"code":"ECONNREFUSED"}
AggregateError [ECONNREFUSED]: 
    at internalConnectMultiple (node:net:1139:18)
    at afterConnectMultiple (node:net:1712:7)
2026-05-07 00:50:26 [ERROR]: Redis error: {"code":"ECONNREFUSED"}
AggregateError [ECONNREFUSED]: 
    at internalConnectMultiple (node:net:1139:18)
    at afterConnectMultiple (node:net:1712:7)
2026-05-07 00:50:26 [ERROR]: Redis error: {"code":"ECONNREFUSED"}
AggregateError [ECONNREFUSED]: 
    at internalConnectMultiple (node:net:1139:18)
    at afterConnectMultiple (node:net:1712:7)
2026-05-07 00:50:27 [ERROR]: Redis error: {"code":"ECONNREFUSED"}
AggregateError [ECONNREFUSED]: 
    at internalConnectMultiple (node:net:1139:18)
    at afterConnectMultiple (node:net:1712:7)
2026-05-07 00:50:27 [ERROR]: Redis error: {"code":"ECONNREFUSED"}
AggregateError [ECONNREFUSED]: 
    at internalConnectMultiple (node:net:1139:18)
    at afterConnectMultiple (node:net:1712:7)
2026-05-07 00:50:28 [ERROR]: Redis error: {"code":"ECONNREFUSED"}
AggregateError [ECONNREFUSED]: 
    at internalConnectMultiple (node:net:1139:18)
    at afterConnectMultiple (node:net:1712:7)
2026-05-07 00:50:28 [ERROR]: Redis error: {"code":"ECONNREFUSED"}
AggregateError [ECONNREFUSED]: 
    at internalConnectMultiple (node:net:1139:18)
    at afterConnectMultiple (node:net:1712:7)
2026-05-07 00:50:29 [ERROR]: Redis error: {"code":"ECONNREFUSED"}
AggregateError [ECONNREFUSED]: 
    at internalConnectMultiple (node:net:1139:18)
    at afterConnectMultiple (node:net:1712:7)
2026-05-07 00:50:29 [ERROR]: Redis error: {"code":"ECONNREFUSED"}
AggregateError [ECONNREFUSED]: 
    at internalConnectMultiple (node:net:1139:18)
    at afterConnectMultiple (node:net:1712:7)
2026-05-07 00:50:30 [ERROR]: Redis error: {"code":"ECONNREFUSED"}
AggregateError [ECONNREFUSED]: 
    at internalConnectMultiple (node:net:1139:18)
    at afterConnectMultiple (node:net:1712:7)
2026-05-07 00:50:30 [ERROR]: Redis error: {"code":"ECONNREFUSED"}
AggregateError [ECONNREFUSED]: 
    at internalConnectMultiple (node:net:1139:18)
    at afterConnectMultiple (node:net:1712:7)
2026-05-07 00:50:31 [ERROR]: Redis error: {"code":"ECONNREFUSED"}
AggregateError [ECONNREFUSED]: 
    at internalConnectMultiple (node:net:1139:18)
    at afterConnectMultiple (node:net:1712:7)
2026-05-07 00:50:31 [ERROR]: Redis error: {"code":"ECONNREFUSED"}
AggregateError [ECONNREFUSED]: 
    at internalConnectMultiple (node:net:1139:18)
    at afterConnectMultiple (node:net:1712:7)
2026-05-07 00:50:32 [ERROR]: Redis error: {"code":"ECONNREFUSED"}
AggregateError [ECONNREFUSED]: 
    at internalConnectMultiple (node:net:1139:18)
    at afterConnectMultiple (node:net:1712:7)
2026-05-07 00:50:33 [ERROR]: Redis error: {"code":"ECONNREFUSED"}
AggregateError [ECONNREFUSED]: 
    at internalConnectMultiple (node:net:1139:18)
    at afterConnectMultiple (node:net:1712:7)
2026-05-07 00:50:33 [ERROR]: Redis error: {"code":"ECONNREFUSED"}
AggregateError [ECONNREFUSED]: 
    at internalConnectMultiple (node:net:1139:18)
    at afterConnectMultiple (node:net:1712:7)
2026-05-07 00:50:34 [ERROR]: Redis error: {"code":"ECONNREFUSED"}
AggregateError [ECONNREFUSED]: 
    at internalConnectMultiple (node:net:1139:18)
    at afterConnectMultiple (node:net:1712:7)
2026-05-07 00:50:34 [ERROR]: Redis error: {"code":"ECONNREFUSED"}
AggregateError [ECONNREFUSED]: 
    at internalConnectMultiple (node:net:1139:18)
    at afterConnectMultiple (node:net:1712:7)
2026-05-07 00:50:35 [ERROR]: Redis error: {"code":"ECONNREFUSED"}
AggregateError [ECONNREFUSED]: 
    at internalConnectMultiple (node:net:1139:18)
    at afterConnectMultiple (node:net:1712:7)
2026-05-07 00:50:35 [ERROR]: Redis error: {"code":"ECONNREFUSED"}
AggregateError [ECONNREFUSED]: 
    at internalConnectMultiple (node:net:1139:18)
    at afterConnectMultiple (node:net:1712:7)
2026-05-07 00:50:36 [ERROR]: Redis error: {"code":"ECONNREFUSED"}
AggregateError [ECONNREFUSED]: 
    at internalConnectMultiple (node:net:1139:18)
    at afterConnectMultiple (node:net:1712:7)
2026-05-07 00:50:36 [ERROR]: Redis error: {"code":"ECONNREFUSED"}
AggregateError [ECONNREFUSED]: 
    at internalConnectMultiple (node:net:1139:18)
    at afterConnectMultiple (node:net:1712:7)
2026-05-07 00:50:37 [ERROR]: Redis error: {"code":"ECONNREFUSED"}
AggregateError [ECONNREFUSED]: 
    at internalConnectMultiple (node:net:1139:18)
    at afterConnectMultiple (node:net:1712:7)
2026-05-07 00:50:37 [ERROR]: Redis error: {"code":"ECONNREFUSED"}
AggregateError [ECONNREFUSED]: 
    at internalConnectMultiple (node:net:1139:18)
    at afterConnectMultiple (node:net:1712:7)
2026-05-07 00:50:38 [ERROR]: Redis error: {"code":"ECONNREFUSED"}
AggregateError [ECONNREFUSED]: 
    at internalConnectMultiple (node:net:1139:18)
    at afterConnectMultiple (node:net:1712:7)
2026-05-07 00:50:38 [ERROR]: Redis error: {"code":"ECONNREFUSED"}
AggregateError [ECONNREFUSED]: 
    at internalConnectMultiple (node:net:1139:18)
    at afterConnectMultiple (node:net:1712:7)
2026-05-07 00:50:39 [ERROR]: Redis error: {"code":"ECONNREFUSED"}
AggregateError [ECONNREFUSED]: 
    at internalConnectMultiple (node:net:1139:18)
    at afterConnectMultiple (node:net:1712:7)
2026-05-07 00:50:39 [ERROR]: Redis error: {"code":"ECONNREFUSED"}
AggregateError [ECONNREFUSED]: 
    at internalConnectMultiple (node:net:1139:18)
    at afterConnectMultiple (node:net:1712:7)
2026-05-07 00:50:40 [ERROR]: Redis error: {"code":"ECONNREFUSED"}
AggregateError [ECONNREFUSED]: 
    at internalConnectMultiple (node:net:1139:18)
    at afterConnectMultiple (node:net:1712:7)
2026-05-07 00:50:40 [ERROR]: Redis error: {"code":"ECONNREFUSED"}
AggregateError [ECONNREFUSED]: 
    at internalConnectMultiple (node:net:1139:18)
    at afterConnectMultiple (node:net:1712:7)
2026-05-07 00:50:41 [ERROR]: Redis error: {"code":"ECONNREFUSED"}
AggregateError [ECONNREFUSED]: 
    at internalConnectMultiple (node:net:1139:18)
    at afterConnectMultiple (node:net:1712:7)
2026-05-07 00:50:41 [ERROR]: Redis error: {"code":"ECONNREFUSED"}
AggregateError [ECONNREFUSED]: 
    at internalConnectMultiple (node:net:1139:18)
    at afterConnectMultiple (node:net:1712:7)
2026-05-07 00:50:42 [ERROR]: Redis error: {"code":"ECONNREFUSED"}
AggregateError [ECONNREFUSED]: 
    at internalConnectMultiple (node:net:1139:18)
    at afterConnectMultiple (node:net:1712:7)
2026-05-07 00:50:42 [ERROR]: Redis error: {"code":"ECONNREFUSED"}
AggregateError [ECONNREFUSED]: 
    at internalConnectMultiple (node:net:1139:18)
    at afterConnectMultiple (node:net:1712:7)
2026-05-07 00:50:43 [ERROR]: Redis error: {"code":"ECONNREFUSED"}
AggregateError [ECONNREFUSED]: 
    at internalConnectMultiple (node:net:1139:18)
    at afterConnectMultiple (node:net:1712:7)
2026-05-07 00:50:43 [ERROR]: Redis error: {"code":"ECONNREFUSED"}
AggregateError [ECONNREFUSED]: 
    at internalConnectMultiple (node:net:1139:18)
    at afterConnectMultiple (node:net:1712:7)
2026-05-07 00:50:44 [ERROR]: Redis error: {"code":"ECONNREFUSED"}
AggregateError [ECONNREFUSED]: 
    at internalConnectMultiple (node:net:1139:18)
    at afterConnectMultiple (node:net:1712:7)
2026-05-07 00:50:44 [ERROR]: Redis error: {"code":"ECONNREFUSED"}
AggregateError [ECONNREFUSED]: 
    at internalConnectMultiple (node:net:1139:18)
    at afterConnectMultiple (node:net:1712:7)
2026-05-07 00:50:45 [ERROR]: Redis error: {"code":"ECONNREFUSED"}
AggregateError [ECONNREFUSED]: 
    at internalConnectMultiple (node:net:1139:18)
    at afterConnectMultiple (node:net:1712:7)
2026-05-07 00:50:45 [ERROR]: Redis error: {"code":"ECONNREFUSED"}
AggregateError [ECONNREFUSED]: 
    at internalConnectMultiple (node:net:1139:18)
    at afterConnectMultiple (node:net:1712:7)
2026-05-07 00:50:46 [ERROR]: Redis error: {"code":"ECONNREFUSED"}
AggregateError [ECONNREFUSED]: 
    at internalConnectMultiple (node:net:1139:18)
    at afterConnectMultiple (node:net:1712:7)
2026-05-07 00:50:46 [ERROR]: Redis error: {"code":"ECONNREFUSED"}
AggregateError [ECONNREFUSED]: 
    at internalConnectMultiple (node:net:1139:18)
    at afterConnectMultiple (node:net:1712:7)
2026-05-07 00:50:47 [ERROR]: Redis error: {"code":"ECONNREFUSED"}
AggregateError [ECONNREFUSED]: 
    at internalConnectMultiple (node:net:1139:18)
    at afterConnectMultiple (node:net:1712:7)
2026-05-07 00:50:47 [ERROR]: Redis error: {"code":"ECONNREFUSED"}
AggregateError [ECONNREFUSED]: 
    at internalConnectMultiple (node:net:1139:18)
    at afterConnectMultiple (node:net:1712:7)
2026-05-07 00:50:48 [ERROR]: Redis error: {"code":"ECONNREFUSED"}
AggregateError [ECONNREFUSED]: 
    at internalConnectMultiple (node:net:1139:18)
    at afterConnectMultiple (node:net:1712:7)
2026-05-07 00:50:48 [ERROR]: Redis error: {"code":"ECONNREFUSED"}
AggregateError [ECONNREFUSED]: 
    at internalConnectMultiple (node:net:1139:18)
    at afterConnectMultiple (node:net:1712:7)
2026-05-07 00:50:49 [ERROR]: Redis error: {"code":"ECONNREFUSED"}
AggregateError [ECONNREFUSED]: 
    at internalConnectMultiple (node:net:1139:18)
    at afterConnectMultiple (node:net:1712:7)
2026-05-07 00:50:49 [ERROR]: Redis error: {"code":"ECONNREFUSED"}
AggregateError [ECONNREFUSED]: 
    at internalConnectMultiple (node:net:1139:18)
    at afterConnectMultiple (node:net:1712:7)
2026-05-07 00:50:50 [ERROR]: Redis error: {"code":"ECONNREFUSED"}
AggregateError [ECONNREFUSED]: 
    at internalConnectMultiple (node:net:1139:18)
    at afterConnectMultiple (node:net:1712:7)
2026-05-07 00:50:50 [ERROR]: Redis error: {"code":"ECONNREFUSED"}
AggregateError [ECONNREFUSED]: 
    at internalConnectMultiple (node:net:1139:18)
    at afterConnectMultiple (node:net:1712:7)
2026-05-07 00:50:51 [ERROR]: Redis error: {"code":"ECONNREFUSED"}
AggregateError [ECONNREFUSED]: 
    at internalConnectMultiple (node:net:1139:18)
    at afterConnectMultiple (node:net:1712:7)
2026-05-07 00:50:51 [ERROR]: Redis error: {"code":"ECONNREFUSED"}
AggregateError [ECONNREFUSED]: 
    at internalConnectMultiple (node:net:1139:18)
    at afterConnectMultiple (node:net:1712:7)
2026-05-07 00:50:52 [ERROR]: Redis error: {"code":"ECONNREFUSED"}
AggregateError [ECONNREFUSED]: 
    at internalConnectMultiple (node:net:1139:18)
    at afterConnectMultiple (node:net:1712:7)
2026-05-07 00:50:52 [ERROR]: Redis error: {"code":"ECONNREFUSED"}
AggregateError [ECONNREFUSED]: 
    at internalConnectMultiple (node:net:1139:18)
    at afterConnectMultiple (node:net:1712:7)
2026-05-07 00:50:53 [ERROR]: Redis error: {"code":"ECONNREFUSED"}
AggregateError [ECONNREFUSED]: 
    at internalConnectMultiple (node:net:1139:18)
    at afterConnectMultiple (node:net:1712:7)
2026-05-07 00:50:54 [ERROR]: Redis error: {"code":"ECONNREFUSED"}
AggregateError [ECONNREFUSED]: 
    at internalConnectMultiple (node:net:1139:18)
    at afterConnectMultiple (node:net:1712:7)
2026-05-07 00:50:54 [ERROR]: Redis error: {"code":"ECONNREFUSED"}
AggregateError [ECONNREFUSED]: 
    at internalConnectMultiple (node:net:1139:18)
    at afterConnectMultiple (node:net:1712:7)
2026-05-07 00:50:55 [ERROR]: Redis error: {"code":"ECONNREFUSED"}
AggregateError [ECONNREFUSED]: 
    at internalConnectMultiple (node:net:1139:18)
    at afterConnectMultiple (node:net:1712:7)
2026-05-07 00:50:55 [ERROR]: Redis error: {"code":"ECONNREFUSED"}
AggregateError [ECONNREFUSED]: 
    at internalConnectMultiple (node:net:1139:18)
    at afterConnectMultiple (node:net:1712:7)
2026-05-07 00:50:56 [ERROR]: Redis error: {"code":"ECONNREFUSED"}
AggregateError [ECONNREFUSED]: 
    at internalConnectMultiple (node:net:1139:18)
    at afterConnectMultiple (node:net:1712:7)
2026-05-07 00:50:56 [ERROR]: Redis error: {"code":"ECONNREFUSED"}
AggregateError [ECONNREFUSED]: 
    at internalConnectMultiple (node:net:1139:18)
    at afterConnectMultiple (node:net:1712:7)
2026-05-07 00:50:57 [ERROR]: Redis error: {"code":"ECONNREFUSED"}
AggregateError [ECONNREFUSED]: 
    at internalConnectMultiple (node:net:1139:18)
    at afterConnectMultiple (node:net:1712:7)
2026-05-07 00:50:57 [ERROR]: Redis error: {"code":"ECONNREFUSED"}
AggregateError [ECONNREFUSED]: 
    at internalConnectMultiple (node:net:1139:18)
    at afterConnectMultiple (node:net:1712:7)
2026-05-07 00:50:58 [ERROR]: Redis error: {"code":"ECONNREFUSED"}
AggregateError [ECONNREFUSED]: 
    at internalConnectMultiple (node:net:1139:18)
    at afterConnectMultiple (node:net:1712:7)
2026-05-07 00:50:58 [ERROR]: Redis error: {"code":"ECONNREFUSED"}
AggregateError [ECONNREFUSED]: 
    at internalConnectMultiple (node:net:1139:18)
    at afterConnectMultiple (node:net:1712:7)
2026-05-07 00:50:59 [ERROR]: Redis error: {"code":"ECONNREFUSED"}
AggregateError [ECONNREFUSED]: 
    at internalConnectMultiple (node:net:1139:18)
    at afterConnectMultiple (node:net:1712:7)
2026-05-07 00:50:59 [ERROR]: Redis error: {"code":"ECONNREFUSED"}
AggregateError [ECONNREFUSED]: 
    at internalConnectMultiple (node:net:1139:18)
    at afterConnectMultiple (node:net:1712:7)
2026-05-07 00:51:00 [ERROR]: Redis error: {"code":"ECONNREFUSED"}
AggregateError [ECONNREFUSED]: 
    at internalConnectMultiple (node:net:1139:18)
    at afterConnectMultiple (node:net:1712:7)
2026-05-07 00:51:00 [ERROR]: Redis error: {"code":"ECONNREFUSED"}
AggregateError [ECONNREFUSED]: 
    at internalConnectMultiple (node:net:1139:18)
    at afterConnectMultiple (node:net:1712:7)
2026-05-07 00:51:01 [ERROR]: Redis error: {"code":"ECONNREFUSED"}
AggregateError [ECONNREFUSED]: 
    at internalConnectMultiple (node:net:1139:18)
    at afterConnectMultiple (node:net:1712:7)
2026-05-07 00:51:01 [ERROR]: Redis error: {"code":"ECONNREFUSED"}
AggregateError [ECONNREFUSED]: 
    at internalConnectMultiple (node:net:1139:18)
    at afterConnectMultiple (node:net:1712:7)
2026-05-07 00:51:02 [ERROR]: Redis error: {"code":"ECONNREFUSED"}
AggregateError [ECONNREFUSED]: 
    at internalConnectMultiple (node:net:1139:18)
    at afterConnectMultiple (node:net:1712:7)
2026-05-07 00:51:02 [ERROR]: Redis error: {"code":"ECONNREFUSED"}
AggregateError [ECONNREFUSED]: 
    at internalConnectMultiple (node:net:1139:18)
    at afterConnectMultiple (node:net:1712:7)
2026-05-07 00:51:03 [ERROR]: Redis error: {"code":"ECONNREFUSED"}
AggregateError [ECONNREFUSED]: 
    at internalConnectMultiple (node:net:1139:18)
    at afterConnectMultiple (node:net:1712:7)
2026-05-07 00:51:03 [ERROR]: Redis error: {"code":"ECONNREFUSED"}
AggregateError [ECONNREFUSED]: 
    at internalConnectMultiple (node:net:1139:18)
    at afterConnectMultiple (node:net:1712:7)
2026-05-07 00:51:04 [ERROR]: Redis error: {"code":"ECONNREFUSED"}
AggregateError [ECONNREFUSED]: 
    at internalConnectMultiple (node:net:1139:18)
    at afterConnectMultiple (node:net:1712:7)
2026-05-07 00:51:04 [ERROR]: Redis error: {"code":"ECONNREFUSED"}
AggregateError [ECONNREFUSED]: 
    at internalConnectMultiple (node:net:1139:18)
    at afterConnectMultiple (node:net:1712:7)
2026-05-07 00:51:05 [ERROR]: Redis error: {"code":"ECONNREFUSED"}
AggregateError [ECONNREFUSED]: 
    at internalConnectMultiple (node:net:1139:18)
    at afterConnectMultiple (node:net:1712:7)
2026-05-07 00:51:05 [ERROR]: Redis error: {"code":"ECONNREFUSED"}
AggregateError [ECONNREFUSED]: 
    at internalConnectMultiple (node:net:1139:18)
    at afterConnectMultiple (node:net:1712:7)
2026-05-07 00:51:06 [ERROR]: Redis error: {"code":"ECONNREFUSED"}
AggregateError [ECONNREFUSED]: 
    at internalConnectMultiple (node:net:1139:18)
    at afterConnectMultiple (node:net:1712:7)
2026-05-07 00:51:06 [ERROR]: Redis error: {"code":"ECONNREFUSED"}
AggregateError [ECONNREFUSED]: 
    at internalConnectMultiple (node:net:1139:18)
    at afterConnectMultiple (node:net:1712:7)
2026-05-07 00:51:07 [ERROR]: Redis error: {"code":"ECONNREFUSED"}
AggregateError [ECONNREFUSED]: 
    at internalConnectMultiple (node:net:1139:18)
    at afterConnectMultiple (node:net:1712:7)
2026-05-07 00:51:07 [ERROR]: Redis error: {"code":"ECONNREFUSED"}
AggregateError [ECONNREFUSED]: 
    at internalConnectMultiple (node:net:1139:18)
    at afterConnectMultiple (node:net:1712:7)
2026-05-07 00:51:08 [ERROR]: Redis error: {"code":"ECONNREFUSED"}
AggregateError [ECONNREFUSED]: 
    at internalConnectMultiple (node:net:1139:18)
    at afterConnectMultiple (node:net:1712:7)
2026-05-07 00:51:08 [ERROR]: Redis error: {"code":"ECONNREFUSED"}
AggregateError [ECONNREFUSED]: 
    at internalConnectMultiple (node:net:1139:18)
    at afterConnectMultiple (node:net:1712:7)
2026-05-07 00:51:09 [ERROR]: Redis error: {"code":"ECONNREFUSED"}
AggregateError [ECONNREFUSED]: 
    at internalConnectMultiple (node:net:1139:18)
    at afterConnectMultiple (node:net:1712:7)
2026-05-07 00:51:09 [ERROR]: Redis error: {"code":"ECONNREFUSED"}
AggregateError [ECONNREFUSED]: 
    at internalConnectMultiple (node:net:1139:18)
    at afterConnectMultiple (node:net:1712:7)
2026-05-07 00:51:10 [ERROR]: Redis error: {"code":"ECONNREFUSED"}
AggregateError [ECONNREFUSED]: 
    at internalConnectMultiple (node:net:1139:18)
    at afterConnectMultiple (node:net:1712:7)
2026-05-07 00:51:10 [ERROR]: Redis error: {"code":"ECONNREFUSED"}
AggregateError [ECONNREFUSED]: 
    at internalConnectMultiple (node:net:1139:18)
    at afterConnectMultiple (node:net:1712:7)
2026-05-07 00:51:11 [ERROR]: Redis error: {"code":"ECONNREFUSED"}
AggregateError [ECONNREFUSED]: 
    at internalConnectMultiple (node:net:1139:18)
    at afterConnectMultiple (node:net:1712:7)
2026-05-07 00:51:12 [ERROR]: Redis error: {"code":"ECONNREFUSED"}
AggregateError [ECONNREFUSED]: 
    at internalConnectMultiple (node:net:1139:18)
    at afterConnectMultiple (node:net:1712:7)
2026-05-07 00:51:12 [ERROR]: Redis error: {"code":"ECONNREFUSED"}
AggregateError [ECONNREFUSED]: 
    at internalConnectMultiple (node:net:1139:18)
    at afterConnectMultiple (node:net:1712:7)
2026-05-07 00:51:13 [ERROR]: Redis error: {"code":"ECONNREFUSED"}
AggregateError [ECONNREFUSED]: 
    at internalConnectMultiple (node:net:1139:18)
    at afterConnectMultiple (node:net:1712:7)
2026-05-07 00:51:13 [ERROR]: Redis error: {"code":"ECONNREFUSED"}
AggregateError [ECONNREFUSED]: 
    at internalConnectMultiple (node:net:1139:18)
    at afterConnectMultiple (node:net:1712:7)
2026-05-07 00:51:14 [ERROR]: Redis error: {"code":"ECONNREFUSED"}
AggregateError [ECONNREFUSED]: 
    at internalConnectMultiple (node:net:1139:18)
    at afterConnectMultiple (node:net:1712:7)
2026-05-07 00:51:14 [ERROR]: Redis error: {"code":"ECONNREFUSED"}
AggregateError [ECONNREFUSED]: 
    at internalConnectMultiple (node:net:1139:18)
    at afterConnectMultiple (node:net:1712:7)
2026-05-07 00:51:15 [ERROR]: Redis error: {"code":"ECONNREFUSED"}
AggregateError [ECONNREFUSED]: 
    at internalConnectMultiple (node:net:1139:18)
    at afterConnectMultiple (node:net:1712:7)
2026-05-07 00:51:15 [ERROR]: Redis error: {"code":"ECONNREFUSED"}
AggregateError [ECONNREFUSED]: 
    at internalConnectMultiple (node:net:1139:18)
    at afterConnectMultiple (node:net:1712:7)
2026-05-07 00:51:16 [ERROR]: Redis error: {"code":"ECONNREFUSED"}
AggregateError [ECONNREFUSED]: 
    at internalConnectMultiple (node:net:1139:18)
    at afterConnectMultiple (node:net:1712:7)
2026-05-07 00:51:16 [ERROR]: Redis error: {"code":"ECONNREFUSED"}
AggregateError [ECONNREFUSED]: 
    at internalConnectMultiple (node:net:1139:18)
    at afterConnectMultiple (node:net:1712:7)
2026-05-07 00:51:17 [ERROR]: Redis error: {"code":"ECONNREFUSED"}
AggregateError [ECONNREFUSED]: 
    at internalConnectMultiple (node:net:1139:18)
    at afterConnectMultiple (node:net:1712:7)
2026-05-07 00:51:17 [ERROR]: Redis error: {"code":"ECONNREFUSED"}
AggregateError [ECONNREFUSED]: 
    at internalConnectMultiple (node:net:1139:18)
    at afterConnectMultiple (node:net:1712:7)
2026-05-07 00:51:18 [ERROR]: Redis error: {"code":"ECONNREFUSED"}
AggregateError [ECONNREFUSED]: 
    at internalConnectMultiple (node:net:1139:18)
    at afterConnectMultiple (node:net:1712:7)
2026-05-07 00:51:18 [ERROR]: Redis error: {"code":"ECONNREFUSED"}
AggregateError [ECONNREFUSED]: 
    at internalConnectMultiple (node:net:1139:18)
    at afterConnectMultiple (node:net:1712:7)
2026-05-07 00:51:19 [ERROR]: Redis error: {"code":"ECONNREFUSED"}
AggregateError [ECONNREFUSED]: 
    at internalConnectMultiple (node:net:1139:18)
    at afterConnectMultiple (node:net:1712:7)
2026-05-07 00:51:19 [ERROR]: Redis error: {"code":"ECONNREFUSED"}
AggregateError [ECONNREFUSED]: 
    at internalConnectMultiple (node:net:1139:18)
    at afterConnectMultiple (node:net:1712:7)
2026-05-07 00:51:20 [ERROR]: Redis error: {"code":"ECONNREFUSED"}
AggregateError [ECONNREFUSED]: 
    at internalConnectMultiple (node:net:1139:18)
    at afterConnectMultiple (node:net:1712:7)
2026-05-07 00:51:20 [ERROR]: Redis error: {"code":"ECONNREFUSED"}
AggregateError [ECONNREFUSED]: 
    at internalConnectMultiple (node:net:1139:18)
    at afterConnectMultiple (node:net:1712:7)
2026-05-07 00:51:21 [ERROR]: Redis error: {"code":"ECONNREFUSED"}
AggregateError [ECONNREFUSED]: 
    at internalConnectMultiple (node:net:1139:18)
    at afterConnectMultiple (node:net:1712:7)
2026-05-07 00:51:21 [ERROR]: Redis error: {"code":"ECONNREFUSED"}
AggregateError [ECONNREFUSED]: 
    at internalConnectMultiple (node:net:1139:18)
    at afterConnectMultiple (node:net:1712:7)
2026-05-07 00:51:22 [ERROR]: Redis error: {"code":"ECONNREFUSED"}
AggregateError [ECONNREFUSED]: 
    at internalConnectMultiple (node:net:1139:18)
    at afterConnectMultiple (node:net:1712:7)
2026-05-07 00:51:22 [ERROR]: Redis error: {"code":"ECONNREFUSED"}
AggregateError [ECONNREFUSED]: 
    at internalConnectMultiple (node:net:1139:18)
    at afterConnectMultiple (node:net:1712:7)
2026-05-07 00:51:23 [ERROR]: Redis error: {"code":"ECONNREFUSED"}
AggregateError [ECONNREFUSED]: 
    at internalConnectMultiple (node:net:1139:18)
    at afterConnectMultiple (node:net:1712:7)
2026-05-07 00:51:23 [ERROR]: Redis error: {"code":"ECONNREFUSED"}
AggregateError [ECONNREFUSED]: 
    at internalConnectMultiple (node:net:1139:18)
    at afterConnectMultiple (node:net:1712:7)
2026-05-07 00:51:24 [ERROR]: Redis error: {"code":"ECONNREFUSED"}
AggregateError [ECONNREFUSED]: 
    at internalConnectMultiple (node:net:1139:18)
    at afterConnectMultiple (node:net:1712:7)
2026-05-07 00:51:24 [ERROR]: Redis error: {"code":"ECONNREFUSED"}
AggregateError [ECONNREFUSED]: 
    at internalConnectMultiple (node:net:1139:18)
    at afterConnectMultiple (node:net:1712:7)
2026-05-07 00:51:25 [ERROR]: Redis error: {"code":"ECONNREFUSED"}
AggregateError [ECONNREFUSED]: 
    at internalConnectMultiple (node:net:1139:18)
    at afterConnectMultiple (node:net:1712:7)
2026-05-07 00:51:25 [ERROR]: Redis error: {"code":"ECONNREFUSED"}
AggregateError [ECONNREFUSED]: 
    at internalConnectMultiple (node:net:1139:18)
    at afterConnectMultiple (node:net:1712:7)
2026-05-07 00:51:26 [ERROR]: Redis error: {"code":"ECONNREFUSED"}
AggregateError [ECONNREFUSED]: 
    at internalConnectMultiple (node:net:1139:18)
    at afterConnectMultiple (node:net:1712:7)
2026-05-07 00:51:26 [ERROR]: Redis error: {"code":"ECONNREFUSED"}
AggregateError [ECONNREFUSED]: 
    at internalConnectMultiple (node:net:1139:18)
    at afterConnectMultiple (node:net:1712:7)
2026-05-07 00:51:27 [ERROR]: Redis error: {"code":"ECONNREFUSED"}
AggregateError [ECONNREFUSED]: 
    at internalConnectMultiple (node:net:1139:18)
    at afterConnectMultiple (node:net:1712:7)
2026-05-07 00:51:27 [ERROR]: Redis error: {"code":"ECONNREFUSED"}
AggregateError [ECONNREFUSED]: 
    at internalConnectMultiple (node:net:1139:18)
    at afterConnectMultiple (node:net:1712:7)
2026-05-07 00:51:28 [ERROR]: Redis error: {"code":"ECONNREFUSED"}
AggregateError [ECONNREFUSED]: 
    at internalConnectMultiple (node:net:1139:18)
    at afterConnectMultiple (node:net:1712:7)
2026-05-07 00:51:28 [ERROR]: Redis error: {"code":"ECONNREFUSED"}
AggregateError [ECONNREFUSED]: 
    at internalConnectMultiple (node:net:1139:18)
    at afterConnectMultiple (node:net:1712:7)
2026-05-07 00:51:29 [ERROR]: Redis error: {"code":"ECONNREFUSED"}
AggregateError [ECONNREFUSED]: 
    at internalConnectMultiple (node:net:1139:18)
    at afterConnectMultiple (node:net:1712:7)
2026-05-07 00:51:29 [ERROR]: Redis error: {"code":"ECONNREFUSED"}
AggregateError [ECONNREFUSED]: 
    at internalConnectMultiple (node:net:1139:18)
    at afterConnectMultiple (node:net:1712:7)
2026-05-07 00:51:30 [ERROR]: Redis error: {"code":"ECONNREFUSED"}
AggregateError [ECONNREFUSED]: 
    at internalConnectMultiple (node:net:1139:18)
    at afterConnectMultiple (node:net:1712:7)
2026-05-07 00:51:31 [ERROR]: Redis error: {"code":"ECONNREFUSED"}
AggregateError [ECONNREFUSED]: 
    at internalConnectMultiple (node:net:1139:18)
    at afterConnectMultiple (node:net:1712:7)
2026-05-07 00:51:31 [ERROR]: Redis error: {"code":"ECONNREFUSED"}
AggregateError [ECONNREFUSED]: 
    at internalConnectMultiple (node:net:1139:18)
    at afterConnectMultiple (node:net:1712:7)
2026-05-07 00:51:32 [ERROR]: Redis error: {"code":"ECONNREFUSED"}
AggregateError [ECONNREFUSED]: 
    at internalConnectMultiple (node:net:1139:18)
    at afterConnectMultiple (node:net:1712:7)
2026-05-07 00:51:32 [ERROR]: Redis error: {"code":"ECONNREFUSED"}
AggregateError [ECONNREFUSED]: 
    at internalConnectMultiple (node:net:1139:18)
    at afterConnectMultiple (node:net:1712:7)
2026-05-07 00:51:33 [ERROR]: Redis error: {"code":"ECONNREFUSED"}
AggregateError [ECONNREFUSED]: 
    at internalConnectMultiple (node:net:1139:18)
    at afterConnectMultiple (node:net:1712:7)
2026-05-07 00:51:33 [ERROR]: Redis error: {"code":"ECONNREFUSED"}
AggregateError [ECONNREFUSED]: 
    at internalConnectMultiple (node:net:1139:18)
    at afterConnectMultiple (node:net:1712:7)
2026-05-07 00:51:34 [ERROR]: Redis error: {"code":"ECONNREFUSED"}
AggregateError [ECONNREFUSED]: 
    at internalConnectMultiple (node:net:1139:18)
    at afterConnectMultiple (node:net:1712:7)
2026-05-07 00:51:34 [ERROR]: Redis error: {"code":"ECONNREFUSED"}
AggregateError [ECONNREFUSED]: 
    at internalConnectMultiple (node:net:1139:18)
    at afterConnectMultiple (node:net:1712:7)
2026-05-07 00:51:35 [ERROR]: Redis error: {"code":"ECONNREFUSED"}
AggregateError [ECONNREFUSED]: 
    at internalConnectMultiple (node:net:1139:18)
    at afterConnectMultiple (node:net:1712:7)
2026-05-07 00:51:35 [ERROR]: Redis error: {"code":"ECONNREFUSED"}
AggregateError [ECONNREFUSED]: 
    at internalConnectMultiple (node:net:1139:18)
    at afterConnectMultiple (node:net:1712:7)
2026-05-07 00:51:36 [ERROR]: Redis error: {"code":"ECONNREFUSED"}
AggregateError [ECONNREFUSED]: 
    at internalConnectMultiple (node:net:1139:18)
    at afterConnectMultiple (node:net:1712:7)
2026-05-07 00:51:36 [ERROR]: Redis error: {"code":"ECONNREFUSED"}
AggregateError [ECONNREFUSED]: 
    at internalConnectMultiple (node:net:1139:18)
    at afterConnectMultiple (node:net:1712:7)
2026-05-07 00:51:37 [ERROR]: Redis error: {"code":"ECONNREFUSED"}
AggregateError [ECONNREFUSED]: 
    at internalConnectMultiple (node:net:1139:18)
    at afterConnectMultiple (node:net:1712:7)
2026-05-07 00:51:37 [ERROR]: Redis error: {"code":"ECONNREFUSED"}
AggregateError [ECONNREFUSED]: 
    at internalConnectMultiple (node:net:1139:18)
    at afterConnectMultiple (node:net:1712:7)
2026-05-07 00:51:38 [ERROR]: Redis error: {"code":"ECONNREFUSED"}
AggregateError [ECONNREFUSED]: 
    at internalConnectMultiple (node:net:1139:18)
    at afterConnectMultiple (node:net:1712:7)
2026-05-07 00:51:38 [ERROR]: Redis error: {"code":"ECONNREFUSED"}
AggregateError [ECONNREFUSED]: 
    at internalConnectMultiple (node:net:1139:18)
    at afterConnectMultiple (node:net:1712:7)
2026-05-07 00:51:39 [ERROR]: Redis error: {"code":"ECONNREFUSED"}
AggregateError [ECONNREFUSED]: 
    at internalConnectMultiple (node:net:1139:18)
    at afterConnectMultiple (node:net:1712:7)
2026-05-07 00:51:39 [ERROR]: Redis error: {"code":"ECONNREFUSED"}
AggregateError [ECONNREFUSED]: 
    at internalConnectMultiple (node:net:1139:18)
    at afterConnectMultiple (node:net:1712:7)
2026-05-07 00:51:40 [ERROR]: Redis error: {"code":"ECONNREFUSED"}
AggregateError [ECONNREFUSED]: 
    at internalConnectMultiple (node:net:1139:18)
    at afterConnectMultiple (node:net:1712:7)
2026-05-07 00:51:40 [ERROR]: Redis error: {"code":"ECONNREFUSED"}
AggregateError [ECONNREFUSED]: 
    at internalConnectMultiple (node:net:1139:18)
    at afterConnectMultiple (node:net:1712:7)
2026-05-07 00:51:41 [ERROR]: Redis error: {"code":"ECONNREFUSED"}
AggregateError [ECONNREFUSED]: 
    at internalConnectMultiple (node:net:1139:18)
    at afterConnectMultiple (node:net:1712:7)
2026-05-07 00:51:41 [ERROR]: Redis error: {"code":"ECONNREFUSED"}
AggregateError [ECONNREFUSED]: 
    at internalConnectMultiple (node:net:1139:18)
    at afterConnectMultiple (node:net:1712:7)
2026-05-07 00:51:42 [ERROR]: Redis error: {"code":"ECONNREFUSED"}
AggregateError [ECONNREFUSED]: 
    at internalConnectMultiple (node:net:1139:18)
    at afterConnectMultiple (node:net:1712:7)
2026-05-07 00:51:42 [ERROR]: Redis error: {"code":"ECONNREFUSED"}
AggregateError [ECONNREFUSED]: 
    at internalConnectMultiple (node:net:1139:18)
    at afterConnectMultiple (node:net:1712:7)
2026-05-07 00:51:43 [ERROR]: Redis error: {"code":"ECONNREFUSED"}
AggregateError [ECONNREFUSED]: 
    at internalConnectMultiple (node:net:1139:18)
    at afterConnectMultiple (node:net:1712:7)
2026-05-07 00:51:43 [ERROR]: Redis error: {"code":"ECONNREFUSED"}
AggregateError [ECONNREFUSED]: 
    at internalConnectMultiple (node:net:1139:18)
    at afterConnectMultiple (node:net:1712:7)
2026-05-07 00:51:44 [ERROR]: Redis error: {"code":"ECONNREFUSED"}
AggregateError [ECONNREFUSED]: 
    at internalConnectMultiple (node:net:1139:18)
    at afterConnectMultiple (node:net:1712:7)
2026-05-07 00:51:44 [ERROR]: Redis error: {"code":"ECONNREFUSED"}
AggregateError [ECONNREFUSED]: 
    at internalConnectMultiple (node:net:1139:18)
    at afterConnectMultiple (node:net:1712:7)
2026-05-07 00:51:45 [ERROR]: Redis error: {"code":"ECONNREFUSED"}
AggregateError [ECONNREFUSED]: 
    at internalConnectMultiple (node:net:1139:18)
    at afterConnectMultiple (node:net:1712:7)
2026-05-07 00:51:45 [ERROR]: Redis error: {"code":"ECONNREFUSED"}
AggregateError [ECONNREFUSED]: 
    at internalConnectMultiple (node:net:1139:18)
    at afterConnectMultiple (node:net:1712:7)
2026-05-07 00:51:46 [ERROR]: Redis error: {"code":"ECONNREFUSED"}
AggregateError [ECONNREFUSED]: 
    at internalConnectMultiple (node:net:1139:18)
    at afterConnectMultiple (node:net:1712:7)
2026-05-07 00:51:46 [ERROR]: Redis error: {"code":"ECONNREFUSED"}
AggregateError [ECONNREFUSED]: 
    at internalConnectMultiple (node:net:1139:18)
    at afterConnectMultiple (node:net:1712:7)
2026-05-07 00:51:47 [ERROR]: Redis error: {"code":"ECONNREFUSED"}
AggregateError [ECONNREFUSED]: 
    at internalConnectMultiple (node:net:1139:18)
    at afterConnectMultiple (node:net:1712:7)
2026-05-07 00:51:47 [ERROR]: Redis error: {"code":"ECONNREFUSED"}
AggregateError [ECONNREFUSED]: 
    at internalConnectMultiple (node:net:1139:18)
    at afterConnectMultiple (node:net:1712:7)
2026-05-07 00:51:48 [ERROR]: Redis error: {"code":"ECONNREFUSED"}
AggregateError [ECONNREFUSED]: 
    at internalConnectMultiple (node:net:1139:18)
    at afterConnectMultiple (node:net:1712:7)
2026-05-07 00:51:48 [ERROR]: Redis error: {"code":"ECONNREFUSED"}
AggregateError [ECONNREFUSED]: 
    at internalConnectMultiple (node:net:1139:18)
    at afterConnectMultiple (node:net:1712:7)
2026-05-07 00:51:49 [ERROR]: Redis error: {"code":"ECONNREFUSED"}
AggregateError [ECONNREFUSED]: 
    at internalConnectMultiple (node:net:1139:18)
    at afterConnectMultiple (node:net:1712:7)
2026-05-07 00:51:50 [ERROR]: Redis error: {"code":"ECONNREFUSED"}
AggregateError [ECONNREFUSED]: 
    at internalConnectMultiple (node:net:1139:18)
    at afterConnectMultiple (node:net:1712:7)
2026-05-07 00:51:50 [ERROR]: Redis error: {"code":"ECONNREFUSED"}
AggregateError [ECONNREFUSED]: 
    at internalConnectMultiple (node:net:1139:18)
    at afterConnectMultiple (node:net:1712:7)
2026-05-07 00:51:51 [ERROR]: Redis error: {"code":"ECONNREFUSED"}
AggregateError [ECONNREFUSED]: 
    at internalConnectMultiple (node:net:1139:18)
    at afterConnectMultiple (node:net:1712:7)
2026-05-07 00:51:51 [ERROR]: Redis error: {"code":"ECONNREFUSED"}
AggregateError [ECONNREFUSED]: 
    at internalConnectMultiple (node:net:1139:18)
    at afterConnectMultiple (node:net:1712:7)
2026-05-07 00:51:52 [ERROR]: Redis error: {"code":"ECONNREFUSED"}
AggregateError [ECONNREFUSED]: 
    at internalConnectMultiple (node:net:1139:18)
    at afterConnectMultiple (node:net:1712:7)
2026-05-07 00:51:52 [ERROR]: Redis error: {"code":"ECONNREFUSED"}
AggregateError [ECONNREFUSED]: 
    at internalConnectMultiple (node:net:1139:18)
    at afterConnectMultiple (node:net:1712:7)
2026-05-07 00:51:53 [ERROR]: Redis error: {"code":"ECONNREFUSED"}
AggregateError [ECONNREFUSED]: 
    at internalConnectMultiple (node:net:1139:18)
    at afterConnectMultiple (node:net:1712:7)
2026-05-07 00:51:53 [ERROR]: Redis error: {"code":"ECONNREFUSED"}
AggregateError [ECONNREFUSED]: 
    at internalConnectMultiple (node:net:1139:18)
    at afterConnectMultiple (node:net:1712:7)
2026-05-07 00:51:54 [ERROR]: Redis error: {"code":"ECONNREFUSED"}
AggregateError [ECONNREFUSED]: 
    at internalConnectMultiple (node:net:1139:18)
    at afterConnectMultiple (node:net:1712:7)
2026-05-07 00:51:54 [ERROR]: Redis error: {"code":"ECONNREFUSED"}
AggregateError [ECONNREFUSED]: 
    at internalConnectMultiple (node:net:1139:18)
    at afterConnectMultiple (node:net:1712:7)
2026-05-07 00:51:55 [ERROR]: Redis error: {"code":"ECONNREFUSED"}
AggregateError [ECONNREFUSED]: 
    at internalConnectMultiple (node:net:1139:18)
    at afterConnectMultiple (node:net:1712:7)
2026-05-07 00:51:55 [ERROR]: Redis error: {"code":"ECONNREFUSED"}
AggregateError [ECONNREFUSED]: 
    at internalConnectMultiple (node:net:1139:18)
    at afterConnectMultiple (node:net:1712:7)
2026-05-07 00:51:56 [ERROR]: Redis error: {"code":"ECONNREFUSED"}
AggregateError [ECONNREFUSED]: 
    at internalConnectMultiple (node:net:1139:18)
    at afterConnectMultiple (node:net:1712:7)
2026-05-07 00:51:56 [ERROR]: Redis error: {"code":"ECONNREFUSED"}
AggregateError [ECONNREFUSED]: 
    at internalConnectMultiple (node:net:1139:18)
    at afterConnectMultiple (node:net:1712:7)
2026-05-07 00:51:57 [ERROR]: Redis error: {"code":"ECONNREFUSED"}
AggregateError [ECONNREFUSED]: 
    at internalConnectMultiple (node:net:1139:18)
    at afterConnectMultiple (node:net:1712:7)
2026-05-07 00:51:57 [ERROR]: Redis error: {"code":"ECONNREFUSED"}
AggregateError [ECONNREFUSED]: 
    at internalConnectMultiple (node:net:1139:18)
    at afterConnectMultiple (node:net:1712:7)
2026-05-07 00:51:58 [ERROR]: Redis error: {"code":"ECONNREFUSED"}
AggregateError [ECONNREFUSED]: 
    at internalConnectMultiple (node:net:1139:18)
    at afterConnectMultiple (node:net:1712:7)
2026-05-07 00:51:58 [ERROR]: Redis error: {"code":"ECONNREFUSED"}
AggregateError [ECONNREFUSED]: 
    at internalConnectMultiple (node:net:1139:18)
    at afterConnectMultiple (node:net:1712:7)
2026-05-07 00:51:59 [ERROR]: Redis error: {"code":"ECONNREFUSED"}
AggregateError [ECONNREFUSED]: 
    at internalConnectMultiple (node:net:1139:18)
    at afterConnectMultiple (node:net:1712:7)
2026-05-07 00:51:59 [ERROR]: Redis error: {"code":"ECONNREFUSED"}
AggregateError [ECONNREFUSED]: 
    at internalConnectMultiple (node:net:1139:18)
    at afterConnectMultiple (node:net:1712:7)
2026-05-07 00:52:00 [ERROR]: Redis error: {"code":"ECONNREFUSED"}
AggregateError [ECONNREFUSED]: 
    at internalConnectMultiple (node:net:1139:18)
    at afterConnectMultiple (node:net:1712:7)
2026-05-07 00:52:00 [ERROR]: Redis error: {"code":"ECONNREFUSED"}
AggregateError [ECONNREFUSED]: 
    at internalConnectMultiple (node:net:1139:18)
    at afterConnectMultiple (node:net:1712:7)
2026-05-07 00:52:01 [ERROR]: Redis error: {"code":"ECONNREFUSED"}
AggregateError [ECONNREFUSED]: 
    at internalConnectMultiple (node:net:1139:18)
    at afterConnectMultiple (node:net:1712:7)
2026-05-07 00:52:01 [ERROR]: Redis error: {"code":"ECONNREFUSED"}
AggregateError [ECONNREFUSED]: 
    at internalConnectMultiple (node:net:1139:18)
    at afterConnectMultiple (node:net:1712:7)
2026-05-07 00:52:02 [ERROR]: Redis error: {"code":"ECONNREFUSED"}
AggregateError [ECONNREFUSED]: 
    at internalConnectMultiple (node:net:1139:18)
    at afterConnectMultiple (node:net:1712:7)
2026-05-07 00:52:02 [ERROR]: Redis error: {"code":"ECONNREFUSED"}
AggregateError [ECONNREFUSED]: 
    at internalConnectMultiple (node:net:1139:18)
    at afterConnectMultiple (node:net:1712:7)
2026-05-07 00:52:03 [ERROR]: Redis error: {"code":"ECONNREFUSED"}
AggregateError [ECONNREFUSED]: 
    at internalConnectMultiple (node:net:1139:18)
    at afterConnectMultiple (node:net:1712:7)
2026-05-07 00:52:03 [ERROR]: Redis error: {"code":"ECONNREFUSED"}
AggregateError [ECONNREFUSED]: 
    at internalConnectMultiple (node:net:1139:18)
    at afterConnectMultiple (node:net:1712:7)
2026-05-07 00:52:04 [ERROR]: Redis error: {"code":"ECONNREFUSED"}
AggregateError [ECONNREFUSED]: 
    at internalConnectMultiple (node:net:1139:18)
    at afterConnectMultiple (node:net:1712:7)
2026-05-07 00:52:05 [ERROR]: Redis error: {"code":"ECONNREFUSED"}
AggregateError [ECONNREFUSED]: 
    at internalConnectMultiple (node:net:1139:18)
    at afterConnectMultiple (node:net:1712:7)
2026-05-07 00:52:05 [ERROR]: Redis error: {"code":"ECONNREFUSED"}
AggregateError [ECONNREFUSED]: 
    at internalConnectMultiple (node:net:1139:18)
    at afterConnectMultiple (node:net:1712:7)
2026-05-07 00:52:06 [ERROR]: Redis error: {"code":"ECONNREFUSED"}
AggregateError [ECONNREFUSED]: 
    at internalConnectMultiple (node:net:1139:18)
    at afterConnectMultiple (node:net:1712:7)
2026-05-07 00:52:06 [ERROR]: Redis error: {"code":"ECONNREFUSED"}
AggregateError [ECONNREFUSED]: 
    at internalConnectMultiple (node:net:1139:18)
    at afterConnectMultiple (node:net:1712:7)
2026-05-07 00:52:07 [ERROR]: Redis error: {"code":"ECONNREFUSED"}
AggregateError [ECONNREFUSED]: 
    at internalConnectMultiple (node:net:1139:18)
    at afterConnectMultiple (node:net:1712:7)
2026-05-07 00:52:07 [ERROR]: Redis error: {"code":"ECONNREFUSED"}
AggregateError [ECONNREFUSED]: 
    at internalConnectMultiple (node:net:1139:18)
    at afterConnectMultiple (node:net:1712:7)
2026-05-07 00:52:08 [ERROR]: Redis error: {"code":"ECONNREFUSED"}
AggregateError [ECONNREFUSED]: 
    at internalConnectMultiple (node:net:1139:18)
    at afterConnectMultiple (node:net:1712:7)
2026-05-07 00:52:08 [ERROR]: Redis error: {"code":"ECONNREFUSED"}
AggregateError [ECONNREFUSED]: 
    at internalConnectMultiple (node:net:1139:18)
    at afterConnectMultiple (node:net:1712:7)
2026-05-07 00:52:09 [ERROR]: Redis error: {"code":"ECONNREFUSED"}
AggregateError [ECONNREFUSED]: 
    at internalConnectMultiple (node:net:1139:18)
    at afterConnectMultiple (node:net:1712:7)
2026-05-07 00:52:09 [ERROR]: Redis error: {"code":"ECONNREFUSED"}
AggregateError [ECONNREFUSED]: 
    at internalConnectMultiple (node:net:1139:18)
    at afterConnectMultiple (node:net:1712:7)
2026-05-07 00:52:10 [ERROR]: Redis error: {"code":"ECONNREFUSED"}
AggregateError [ECONNREFUSED]: 
    at internalConnectMultiple (node:net:1139:18)
    at afterConnectMultiple (node:net:1712:7)
2026-05-07 00:52:10 [ERROR]: Redis error: {"code":"ECONNREFUSED"}
AggregateError [ECONNREFUSED]: 
    at internalConnectMultiple (node:net:1139:18)
    at afterConnectMultiple (node:net:1712:7)
2026-05-07 00:52:11 [ERROR]: Redis error: {"code":"ECONNREFUSED"}
AggregateError [ECONNREFUSED]: 
    at internalConnectMultiple (node:net:1139:18)
    at afterConnectMultiple (node:net:1712:7)
2026-05-07 00:52:11 [ERROR]: Redis error: {"code":"ECONNREFUSED"}
AggregateError [ECONNREFUSED]: 
    at internalConnectMultiple (node:net:1139:18)
    at afterConnectMultiple (node:net:1712:7)
2026-05-07 00:52:12 [ERROR]: Redis error: {"code":"ECONNREFUSED"}
AggregateError [ECONNREFUSED]: 
    at internalConnectMultiple (node:net:1139:18)
    at afterConnectMultiple (node:net:1712:7)
2026-05-07 00:52:12 [ERROR]: Redis error: {"code":"ECONNREFUSED"}
AggregateError [ECONNREFUSED]: 
    at internalConnectMultiple (node:net:1139:18)
    at afterConnectMultiple (node:net:1712:7)
2026-05-07 00:52:13 [ERROR]: Redis error: {"code":"ECONNREFUSED"}
AggregateError [ECONNREFUSED]: 
    at internalConnectMultiple (node:net:1139:18)
    at afterConnectMultiple (node:net:1712:7)
2026-05-07 00:52:13 [ERROR]: Redis error: {"code":"ECONNREFUSED"}
AggregateError [ECONNREFUSED]: 
    at internalConnectMultiple (node:net:1139:18)
    at afterConnectMultiple (node:net:1712:7)
2026-05-07 00:52:14 [ERROR]: Redis error: {"code":"ECONNREFUSED"}
AggregateError [ECONNREFUSED]: 
    at internalConnectMultiple (node:net:1139:18)
    at afterConnectMultiple (node:net:1712:7)
2026-05-07 00:52:14 [ERROR]: Redis error: {"code":"ECONNREFUSED"}
AggregateError [ECONNREFUSED]: 
    at internalConnectMultiple (node:net:1139:18)
    at afterConnectMultiple (node:net:1712:7)
2026-05-07 00:52:15 [ERROR]: Redis error: {"code":"ECONNREFUSED"}
AggregateError [ECONNREFUSED]: 
    at internalConnectMultiple (node:net:1139:18)
    at afterConnectMultiple (node:net:1712:7)
2026-05-07 00:52:15 [ERROR]: Redis error: {"code":"ECONNREFUSED"}
AggregateError [ECONNREFUSED]: 
    at internalConnectMultiple (node:net:1139:18)
    at afterConnectMultiple (node:net:1712:7)
2026-05-07 00:52:16 [ERROR]: Redis error: {"code":"ECONNREFUSED"}
AggregateError [ECONNREFUSED]: 
    at internalConnectMultiple (node:net:1139:18)
    at afterConnectMultiple (node:net:1712:7)
2026-05-07 00:52:16 [ERROR]: Redis error: {"code":"ECONNREFUSED"}
AggregateError [ECONNREFUSED]: 
    at internalConnectMultiple (node:net:1139:18)
    at afterConnectMultiple (node:net:1712:7)
2026-05-07 00:52:17 [ERROR]: Redis error: {"code":"ECONNREFUSED"}
AggregateError [ECONNREFUSED]: 
    at internalConnectMultiple (node:net:1139:18)
    at afterConnectMultiple (node:net:1712:7)
2026-05-07 00:52:17 [ERROR]: Redis error: {"code":"ECONNREFUSED"}
AggregateError [ECONNREFUSED]: 
    at internalConnectMultiple (node:net:1139:18)
    at afterConnectMultiple (node:net:1712:7)
2026-05-07 00:52:18 [ERROR]: Redis error: {"code":"ECONNREFUSED"}
AggregateError [ECONNREFUSED]: 
    at internalConnectMultiple (node:net:1139:18)
    at afterConnectMultiple (node:net:1712:7)
2026-05-07 00:52:18 [ERROR]: Redis error: {"code":"ECONNREFUSED"}
AggregateError [ECONNREFUSED]: 
    at internalConnectMultiple (node:net:1139:18)
    at afterConnectMultiple (node:net:1712:7)
2026-05-07 00:52:19 [ERROR]: Redis error: {"code":"ECONNREFUSED"}
AggregateError [ECONNREFUSED]: 
    at internalConnectMultiple (node:net:1139:18)
    at afterConnectMultiple (node:net:1712:7)
2026-05-07 00:52:19 [ERROR]: Redis error: {"code":"ECONNREFUSED"}
AggregateError [ECONNREFUSED]: 
    at internalConnectMultiple (node:net:1139:18)
    at afterConnectMultiple (node:net:1712:7)
2026-05-07 00:52:20 [ERROR]: Redis error: {"code":"ECONNREFUSED"}
AggregateError [ECONNREFUSED]: 
    at internalConnectMultiple (node:net:1139:18)
    at afterConnectMultiple (node:net:1712:7)
2026-05-07 00:52:20 [ERROR]: Redis error: {"code":"ECONNREFUSED"}
AggregateError [ECONNREFUSED]: 
    at internalConnectMultiple (node:net:1139:18)
    at afterConnectMultiple (node:net:1712:7)
2026-05-07 00:52:21 [ERROR]: Redis error: {"code":"ECONNREFUSED"}
AggregateError [ECONNREFUSED]: 
    at internalConnectMultiple (node:net:1139:18)
    at afterConnectMultiple (node:net:1712:7)
2026-05-07 00:52:22 [ERROR]: Redis error: {"code":"ECONNREFUSED"}
AggregateError [ECONNREFUSED]: 
    at internalConnectMultiple (node:net:1139:18)
    at afterConnectMultiple (node:net:1712:7)
2026-05-07 00:52:22 [ERROR]: Redis error: {"code":"ECONNREFUSED"}
AggregateError [ECONNREFUSED]: 
    at internalConnectMultiple (node:net:1139:18)
    at afterConnectMultiple (node:net:1712:7)
2026-05-07 00:52:23 [ERROR]: Redis error: {"code":"ECONNREFUSED"}
AggregateError [ECONNREFUSED]: 
    at internalConnectMultiple (node:net:1139:18)
    at afterConnectMultiple (node:net:1712:7)
2026-05-07 00:52:23 [ERROR]: Redis error: {"code":"ECONNREFUSED"}
AggregateError [ECONNREFUSED]: 
    at internalConnectMultiple (node:net:1139:18)
    at afterConnectMultiple (node:net:1712:7)
2026-05-07 00:52:24 [ERROR]: Redis error: {"code":"ECONNREFUSED"}
AggregateError [ECONNREFUSED]: 
    at internalConnectMultiple (node:net:1139:18)
    at afterConnectMultiple (node:net:1712:7)
2026-05-07 00:52:24 [ERROR]: Redis error: {"code":"ECONNREFUSED"}
AggregateError [ECONNREFUSED]: 
    at internalConnectMultiple (node:net:1139:18)
    at afterConnectMultiple (node:net:1712:7)
2026-05-07 00:52:25 [ERROR]: Redis error: {"code":"ECONNREFUSED"}
AggregateError [ECONNREFUSED]: 
    at internalConnectMultiple (node:net:1139:18)
    at afterConnectMultiple (node:net:1712:7)
2026-05-07 00:52:25 [ERROR]: Redis error: {"code":"ECONNREFUSED"}
AggregateError [ECONNREFUSED]: 
    at internalConnectMultiple (node:net:1139:18)
    at afterConnectMultiple (node:net:1712:7)
2026-05-07 00:52:26 [ERROR]: Redis error: {"code":"ECONNREFUSED"}
AggregateError [ECONNREFUSED]: 
    at internalConnectMultiple (node:net:1139:18)
    at afterConnectMultiple (node:net:1712:7)
2026-05-07 00:52:26 [ERROR]: Redis error: {"code":"ECONNREFUSED"}
AggregateError [ECONNREFUSED]: 
    at internalConnectMultiple (node:net:1139:18)
    at afterConnectMultiple (node:net:1712:7)
2026-05-07 00:52:27 [ERROR]: Redis error: {"code":"ECONNREFUSED"}
AggregateError [ECONNREFUSED]: 
    at internalConnectMultiple (node:net:1139:18)
    at afterConnectMultiple (node:net:1712:7)
2026-05-07 00:52:27 [ERROR]: Redis error: {"code":"ECONNREFUSED"}
AggregateError [ECONNREFUSED]: 
    at internalConnectMultiple (node:net:1139:18)
    at afterConnectMultiple (node:net:1712:7)
2026-05-07 00:52:28 [ERROR]: Redis error: {"code":"ECONNREFUSED"}
AggregateError [ECONNREFUSED]: 
    at internalConnectMultiple (node:net:1139:18)
    at afterConnectMultiple (node:net:1712:7)
2026-05-07 00:52:28 [ERROR]: Redis error: {"code":"ECONNREFUSED"}
AggregateError [ECONNREFUSED]: 
    at internalConnectMultiple (node:net:1139:18)
    at afterConnectMultiple (node:net:1712:7)
2026-05-07 00:52:29 [ERROR]: Redis error: {"code":"ECONNREFUSED"}
AggregateError [ECONNREFUSED]: 
    at internalConnectMultiple (node:net:1139:18)
    at afterConnectMultiple (node:net:1712:7)
2026-05-07 00:52:29 [ERROR]: Redis error: {"code":"ECONNREFUSED"}
AggregateError [ECONNREFUSED]: 
    at internalConnectMultiple (node:net:1139:18)
    at afterConnectMultiple (node:net:1712:7)
2026-05-07 00:52:30 [ERROR]: Redis error: {"code":"ECONNREFUSED"}
AggregateError [ECONNREFUSED]: 
    at internalConnectMultiple (node:net:1139:18)
    at afterConnectMultiple (node:net:1712:7)
2026-05-07 00:52:30 [ERROR]: Redis error: {"code":"ECONNREFUSED"}
AggregateError [ECONNREFUSED]: 
    at internalConnectMultiple (node:net:1139:18)
    at afterConnectMultiple (node:net:1712:7)
2026-05-07 00:52:31 [ERROR]: Redis error: {"code":"ECONNREFUSED"}
AggregateError [ECONNREFUSED]: 
    at internalConnectMultiple (node:net:1139:18)
    at afterConnectMultiple (node:net:1712:7)
2026-05-07 00:52:31 [ERROR]: Redis error: {"code":"ECONNREFUSED"}
AggregateError [ECONNREFUSED]: 
    at internalConnectMultiple (node:net:1139:18)
    at afterConnectMultiple (node:net:1712:7)
2026-05-07 00:52:32 [ERROR]: Redis error: {"code":"ECONNREFUSED"}
AggregateError [ECONNREFUSED]: 
    at internalConnectMultiple (node:net:1139:18)
    at afterConnectMultiple (node:net:1712:7)
2026-05-07 00:52:32 [ERROR]: Redis error: {"code":"ECONNREFUSED"}
AggregateError [ECONNREFUSED]: 
    at internalConnectMultiple (node:net:1139:18)
    at afterConnectMultiple (node:net:1712:7)
2026-05-07 00:52:33 [ERROR]: Redis error: {"code":"ECONNREFUSED"}
AggregateError [ECONNREFUSED]: 
    at internalConnectMultiple (node:net:1139:18)
    at afterConnectMultiple (node:net:1712:7)
2026-05-07 00:52:33 [ERROR]: Redis error: {"code":"ECONNREFUSED"}
AggregateError [ECONNREFUSED]: 
    at internalConnectMultiple (node:net:1139:18)
    at afterConnectMultiple (node:net:1712:7)
2026-05-07 00:52:34 [ERROR]: Redis error: {"code":"ECONNREFUSED"}
AggregateError [ECONNREFUSED]: 
    at internalConnectMultiple (node:net:1139:18)
    at afterConnectMultiple (node:net:1712:7)
2026-05-07 00:52:34 [ERROR]: Redis error: {"code":"ECONNREFUSED"}
AggregateError [ECONNREFUSED]: 
    at internalConnectMultiple (node:net:1139:18)
    at afterConnectMultiple (node:net:1712:7)
2026-05-07 00:52:35 [ERROR]: Redis error: {"code":"ECONNREFUSED"}
AggregateError [ECONNREFUSED]: 
    at internalConnectMultiple (node:net:1139:18)
    at afterConnectMultiple (node:net:1712:7)
2026-05-07 00:52:35 [ERROR]: Redis error: {"code":"ECONNREFUSED"}
AggregateError [ECONNREFUSED]: 
    at internalConnectMultiple (node:net:1139:18)
    at afterConnectMultiple (node:net:1712:7)
2026-05-07 00:52:36 [ERROR]: Redis error: {"code":"ECONNREFUSED"}
AggregateError [ECONNREFUSED]: 
    at internalConnectMultiple (node:net:1139:18)
    at afterConnectMultiple (node:net:1712:7)
2026-05-07 00:52:36 [ERROR]: Redis error: {"code":"ECONNREFUSED"}
AggregateError [ECONNREFUSED]: 
    at internalConnectMultiple (node:net:1139:18)
    at afterConnectMultiple (node:net:1712:7)
2026-05-07 00:52:37 [ERROR]: Redis error: {"code":"ECONNREFUSED"}
AggregateError [ECONNREFUSED]: 
    at internalConnectMultiple (node:net:1139:18)
    at afterConnectMultiple (node:net:1712:7)
2026-05-07 00:52:37 [ERROR]: Redis error: {"code":"ECONNREFUSED"}
AggregateError [ECONNREFUSED]: 
    at internalConnectMultiple (node:net:1139:18)
    at afterConnectMultiple (node:net:1712:7)
2026-05-07 00:52:38 [ERROR]: Redis error: {"code":"ECONNREFUSED"}
AggregateError [ECONNREFUSED]: 
    at internalConnectMultiple (node:net:1139:18)
    at afterConnectMultiple (node:net:1712:7)
2026-05-07 00:52:38 [ERROR]: Redis error: {"code":"ECONNREFUSED"}
AggregateError [ECONNREFUSED]: 
    at internalConnectMultiple (node:net:1139:18)
    at afterConnectMultiple (node:net:1712:7)
2026-05-07 00:52:39 [ERROR]: Redis error: {"code":"ECONNREFUSED"}
AggregateError [ECONNREFUSED]: 
    at internalConnectMultiple (node:net:1139:18)
    at afterConnectMultiple (node:net:1712:7)
2026-05-07 00:52:40 [ERROR]: Redis error: {"code":"ECONNREFUSED"}
AggregateError [ECONNREFUSED]: 
    at internalConnectMultiple (node:net:1139:18)
    at afterConnectMultiple (node:net:1712:7)
2026-05-07 00:52:40 [ERROR]: Redis error: {"code":"ECONNREFUSED"}
AggregateError [ECONNREFUSED]: 
    at internalConnectMultiple (node:net:1139:18)
    at afterConnectMultiple (node:net:1712:7)
2026-05-07 00:52:41 [ERROR]: Redis error: {"code":"ECONNREFUSED"}
AggregateError [ECONNREFUSED]: 
    at internalConnectMultiple (node:net:1139:18)
    at afterConnectMultiple (node:net:1712:7)
2026-05-07 00:52:41 [ERROR]: Redis error: {"code":"ECONNREFUSED"}
AggregateError [ECONNREFUSED]: 
    at internalConnectMultiple (node:net:1139:18)
    at afterConnectMultiple (node:net:1712:7)
2026-05-07 00:52:42 [ERROR]: Redis error: {"code":"ECONNREFUSED"}
AggregateError [ECONNREFUSED]: 
    at internalConnectMultiple (node:net:1139:18)
    at afterConnectMultiple (node:net:1712:7)
2026-05-07 00:52:42 [ERROR]: Redis error: {"code":"ECONNREFUSED"}
AggregateError [ECONNREFUSED]: 
    at internalConnectMultiple (node:net:1139:18)
    at afterConnectMultiple (node:net:1712:7)
2026-05-07 00:52:43 [ERROR]: Redis error: {"code":"ECONNREFUSED"}
AggregateError [ECONNREFUSED]: 
    at internalConnectMultiple (node:net:1139:18)
    at afterConnectMultiple (node:net:1712:7)
2026-05-07 00:52:43 [ERROR]: Redis error: {"code":"ECONNREFUSED"}
AggregateError [ECONNREFUSED]: 
    at internalConnectMultiple (node:net:1139:18)
    at afterConnectMultiple (node:net:1712:7)
2026-05-07 00:52:44 [ERROR]: Redis error: {"code":"ECONNREFUSED"}
AggregateError [ECONNREFUSED]: 
    at internalConnectMultiple (node:net:1139:18)
    at afterConnectMultiple (node:net:1712:7)
2026-05-07 00:52:44 [ERROR]: Redis error: {"code":"ECONNREFUSED"}
AggregateError [ECONNREFUSED]: 
    at internalConnectMultiple (node:net:1139:18)
    at afterConnectMultiple (node:net:1712:7)
2026-05-07 00:52:45 [ERROR]: Redis error: {"code":"ECONNREFUSED"}
AggregateError [ECONNREFUSED]: 
    at internalConnectMultiple (node:net:1139:18)
    at afterConnectMultiple (node:net:1712:7)
2026-05-07 00:52:45 [ERROR]: Redis error: {"code":"ECONNREFUSED"}
AggregateError [ECONNREFUSED]: 
    at internalConnectMultiple (node:net:1139:18)
    at afterConnectMultiple (node:net:1712:7)
2026-05-07 00:52:46 [ERROR]: Redis error: {"code":"ECONNREFUSED"}
AggregateError [ECONNREFUSED]: 
    at internalConnectMultiple (node:net:1139:18)
    at afterConnectMultiple (node:net:1712:7)
2026-05-07 00:52:46 [ERROR]: Redis error: {"code":"ECONNREFUSED"}
AggregateError [ECONNREFUSED]: 
    at internalConnectMultiple (node:net:1139:18)
    at afterConnectMultiple (node:net:1712:7)
2026-05-07 00:52:47 [ERROR]: Redis error: {"code":"ECONNREFUSED"}
AggregateError [ECONNREFUSED]: 
    at internalConnectMultiple (node:net:1139:18)
    at afterConnectMultiple (node:net:1712:7)
2026-05-07 00:52:47 [ERROR]: Redis error: {"code":"ECONNREFUSED"}
AggregateError [ECONNREFUSED]: 
    at internalConnectMultiple (node:net:1139:18)
    at afterConnectMultiple (node:net:1712:7)
2026-05-07 00:52:48 [ERROR]: Redis error: {"code":"ECONNREFUSED"}
AggregateError [ECONNREFUSED]: 
    at internalConnectMultiple (node:net:1139:18)
    at afterConnectMultiple (node:net:1712:7)
2026-05-07 00:52:48 [ERROR]: Redis error: {"code":"ECONNREFUSED"}
AggregateError [ECONNREFUSED]: 
    at internalConnectMultiple (node:net:1139:18)
    at afterConnectMultiple (node:net:1712:7)
2026-05-07 00:52:49 [ERROR]: Redis error: {"code":"ECONNREFUSED"}
AggregateError [ECONNREFUSED]: 
    at internalConnectMultiple (node:net:1139:18)
    at afterConnectMultiple (node:net:1712:7)
2026-05-07 00:52:49 [ERROR]: Redis error: {"code":"ECONNREFUSED"}
AggregateError [ECONNREFUSED]: 
    at internalConnectMultiple (node:net:1139:18)
    at afterConnectMultiple (node:net:1712:7)
2026-05-07 00:52:50 [ERROR]: Redis error: {"code":"ECONNREFUSED"}
AggregateError [ECONNREFUSED]: 
    at internalConnectMultiple (node:net:1139:18)
    at afterConnectMultiple (node:net:1712:7)
2026-05-07 00:52:50 [ERROR]: Redis error: {"code":"ECONNREFUSED"}
AggregateError [ECONNREFUSED]: 
    at internalConnectMultiple (node:net:1139:18)
    at afterConnectMultiple (node:net:1712:7)
2026-05-07 00:52:51 [ERROR]: Redis error: {"code":"ECONNREFUSED"}
AggregateError [ECONNREFUSED]: 
    at internalConnectMultiple (node:net:1139:18)
    at afterConnectMultiple (node:net:1712:7)
2026-05-07 00:52:51 [ERROR]: Redis error: {"code":"ECONNREFUSED"}
AggregateError [ECONNREFUSED]: 
    at internalConnectMultiple (node:net:1139:18)
    at afterConnectMultiple (node:net:1712:7)
2026-05-07 00:52:52 [ERROR]: Redis error: {"code":"ECONNREFUSED"}
AggregateError [ECONNREFUSED]: 
    at internalConnectMultiple (node:net:1139:18)
    at afterConnectMultiple (node:net:1712:7)
2026-05-07 00:52:52 [ERROR]: Redis error: {"code":"ECONNREFUSED"}
AggregateError [ECONNREFUSED]: 
    at internalConnectMultiple (node:net:1139:18)
    at afterConnectMultiple (node:net:1712:7)
2026-05-07 00:52:53 [ERROR]: Redis error: {"code":"ECONNREFUSED"}
AggregateError [ECONNREFUSED]: 
    at internalConnectMultiple (node:net:1139:18)
    at afterConnectMultiple (node:net:1712:7)
2026-05-07 00:52:53 [ERROR]: Redis error: {"code":"ECONNREFUSED"}
AggregateError [ECONNREFUSED]: 
    at internalConnectMultiple (node:net:1139:18)
    at afterConnectMultiple (node:net:1712:7)
2026-05-07 00:52:54 [ERROR]: Redis error: {"code":"ECONNREFUSED"}
AggregateError [ECONNREFUSED]: 
    at internalConnectMultiple (node:net:1139:18)
    at afterConnectMultiple (node:net:1712:7)
2026-05-07 00:52:54 [ERROR]: Redis error: {"code":"ECONNREFUSED"}
AggregateError [ECONNREFUSED]: 
    at internalConnectMultiple (node:net:1139:18)
    at afterConnectMultiple (node:net:1712:7)
2026-05-07 00:52:55 [ERROR]: Redis error: {"code":"ECONNREFUSED"}
AggregateError [ECONNREFUSED]: 
    at internalConnectMultiple (node:net:1139:18)
    at afterConnectMultiple (node:net:1712:7)
2026-05-07 00:52:55 [ERROR]: Redis error: {"code":"ECONNREFUSED"}
AggregateError [ECONNREFUSED]: 
    at internalConnectMultiple (node:net:1139:18)
    at afterConnectMultiple (node:net:1712:7)
2026-05-07 00:52:56 [ERROR]: Redis error: {"code":"ECONNREFUSED"}
AggregateError [ECONNREFUSED]: 
    at internalConnectMultiple (node:net:1139:18)
    at afterConnectMultiple (node:net:1712:7)
2026-05-07 00:52:56 [ERROR]: Redis error: {"code":"ECONNREFUSED"}
AggregateError [ECONNREFUSED]: 
    at internalConnectMultiple (node:net:1139:18)
    at afterConnectMultiple (node:net:1712:7)
2026-05-07 00:52:57 [ERROR]: Redis error: {"code":"ECONNREFUSED"}
AggregateError [ECONNREFUSED]: 
    at internalConnectMultiple (node:net:1139:18)
    at afterConnectMultiple (node:net:1712:7)
2026-05-07 00:52:57 [ERROR]: Redis error: {"code":"ECONNREFUSED"}
AggregateError [ECONNREFUSED]: 
    at internalConnectMultiple (node:net:1139:18)
    at afterConnectMultiple (node:net:1712:7)
2026-05-07 00:52:58 [ERROR]: Redis error: {"code":"ECONNREFUSED"}
AggregateError [ECONNREFUSED]: 
    at internalConnectMultiple (node:net:1139:18)
    at afterConnectMultiple (node:net:1712:7)
2026-05-07 00:52:58 [ERROR]: Redis error: {"code":"ECONNREFUSED"}
AggregateError [ECONNREFUSED]: 
    at internalConnectMultiple (node:net:1139:18)
    at afterConnectMultiple (node:net:1712:7)
2026-05-07 00:52:59 [ERROR]: Redis error: {"code":"ECONNREFUSED"}
AggregateError [ECONNREFUSED]: 
    at internalConnectMultiple (node:net:1139:18)
    at afterConnectMultiple (node:net:1712:7)
2026-05-07 00:53:00 [ERROR]: Redis error: {"code":"ECONNREFUSED"}
AggregateError [ECONNREFUSED]: 
    at internalConnectMultiple (node:net:1139:18)
    at afterConnectMultiple (node:net:1712:7)
2026-05-07 00:53:00 [ERROR]: Redis error: {"code":"ECONNREFUSED"}
AggregateError [ECONNREFUSED]: 
    at internalConnectMultiple (node:net:1139:18)
    at afterConnectMultiple (node:net:1712:7)
2026-05-07 00:53:01 [ERROR]: Redis error: {"code":"ECONNREFUSED"}
AggregateError [ECONNREFUSED]: 
    at internalConnectMultiple (node:net:1139:18)
    at afterConnectMultiple (node:net:1712:7)
2026-05-07 00:53:01 [ERROR]: Redis error: {"code":"ECONNREFUSED"}
AggregateError [ECONNREFUSED]: 
    at internalConnectMultiple (node:net:1139:18)
    at afterConnectMultiple (node:net:1712:7)
2026-05-07 00:53:02 [ERROR]: Redis error: {"code":"ECONNREFUSED"}
AggregateError [ECONNREFUSED]: 
    at internalConnectMultiple (node:net:1139:18)
    at afterConnectMultiple (node:net:1712:7)
2026-05-07 00:53:02 [ERROR]: Redis error: {"code":"ECONNREFUSED"}
AggregateError [ECONNREFUSED]: 
    at internalConnectMultiple (node:net:1139:18)
    at afterConnectMultiple (node:net:1712:7)
2026-05-07 00:53:03 [ERROR]: Redis error: {"code":"ECONNREFUSED"}
AggregateError [ECONNREFUSED]: 
    at internalConnectMultiple (node:net:1139:18)
    at afterConnectMultiple (node:net:1712:7)
2026-05-07 00:53:03 [ERROR]: Redis error: {"code":"ECONNREFUSED"}
AggregateError [ECONNREFUSED]: 
    at internalConnectMultiple (node:net:1139:18)
    at afterConnectMultiple (node:net:1712:7)
2026-05-07 00:53:04 [ERROR]: Redis error: {"code":"ECONNREFUSED"}
AggregateError [ECONNREFUSED]: 
    at internalConnectMultiple (node:net:1139:18)
    at afterConnectMultiple (node:net:1712:7)
2026-05-07 00:53:04 [ERROR]: Redis error: {"code":"ECONNREFUSED"}
AggregateError [ECONNREFUSED]: 
    at internalConnectMultiple (node:net:1139:18)
    at afterConnectMultiple (node:net:1712:7)
2026-05-07 00:53:05 [ERROR]: Redis error: {"code":"ECONNREFUSED"}
AggregateError [ECONNREFUSED]: 
    at internalConnectMultiple (node:net:1139:18)
    at afterConnectMultiple (node:net:1712:7)
2026-05-07 00:53:05 [ERROR]: Redis error: {"code":"ECONNREFUSED"}
AggregateError [ECONNREFUSED]: 
    at internalConnectMultiple (node:net:1139:18)
    at afterConnectMultiple (node:net:1712:7)
2026-05-07 00:53:06 [ERROR]: Redis error: {"code":"ECONNREFUSED"}
AggregateError [ECONNREFUSED]: 
    at internalConnectMultiple (node:net:1139:18)
    at afterConnectMultiple (node:net:1712:7)
2026-05-07 00:53:06 [ERROR]: Redis error: {"code":"ECONNREFUSED"}
AggregateError [ECONNREFUSED]: 
    at internalConnectMultiple (node:net:1139:18)
    at afterConnectMultiple (node:net:1712:7)
2026-05-07 00:53:07 [ERROR]: Redis error: {"code":"ECONNREFUSED"}
AggregateError [ECONNREFUSED]: 
    at internalConnectMultiple (node:net:1139:18)
    at afterConnectMultiple (node:net:1712:7)
2026-05-07 00:53:07 [ERROR]: Redis error: {"code":"ECONNREFUSED"}
AggregateError [ECONNREFUSED]: 
    at internalConnectMultiple (node:net:1139:18)
    at afterConnectMultiple (node:net:1712:7)
2026-05-07 00:53:08 [ERROR]: Redis error: {"code":"ECONNREFUSED"}
AggregateError [ECONNREFUSED]: 
    at internalConnectMultiple (node:net:1139:18)
    at afterConnectMultiple (node:net:1712:7)
2026-05-07 00:53:08 [ERROR]: Redis error: {"code":"ECONNREFUSED"}
AggregateError [ECONNREFUSED]: 
    at internalConnectMultiple (node:net:1139:18)
    at afterConnectMultiple (node:net:1712:7)
2026-05-07 00:53:09 [ERROR]: Redis error: {"code":"ECONNREFUSED"}
AggregateError [ECONNREFUSED]: 
    at internalConnectMultiple (node:net:1139:18)
    at afterConnectMultiple (node:net:1712:7)
2026-05-07 00:53:09 [ERROR]: Redis error: {"code":"ECONNREFUSED"}
AggregateError [ECONNREFUSED]: 
    at internalConnectMultiple (node:net:1139:18)
    at afterConnectMultiple (node:net:1712:7)
2026-05-07 00:53:10 [ERROR]: Redis error: {"code":"ECONNREFUSED"}
AggregateError [ECONNREFUSED]: 
    at internalConnectMultiple (node:net:1139:18)
    at afterConnectMultiple (node:net:1712:7)
2026-05-07 00:53:10 [ERROR]: Redis error: {"code":"ECONNREFUSED"}
AggregateError [ECONNREFUSED]: 
    at internalConnectMultiple (node:net:1139:18)
    at afterConnectMultiple (node:net:1712:7)
2026-05-07 00:53:11 [ERROR]: Redis error: {"code":"ECONNREFUSED"}
AggregateError [ECONNREFUSED]: 
    at internalConnectMultiple (node:net:1139:18)
    at afterConnectMultiple (node:net:1712:7)
2026-05-07 00:53:11 [ERROR]: Redis error: {"code":"ECONNREFUSED"}
AggregateError [ECONNREFUSED]: 
    at internalConnectMultiple (node:net:1139:18)
    at afterConnectMultiple (node:net:1712:7)
2026-05-07 00:53:12 [ERROR]: Redis error: {"code":"ECONNREFUSED"}
AggregateError [ECONNREFUSED]: 
    at internalConnectMultiple (node:net:1139:18)
    at afterConnectMultiple (node:net:1712:7)
2026-05-07 00:53:12 [ERROR]: Redis error: {"code":"ECONNREFUSED"}
AggregateError [ECONNREFUSED]: 
    at internalConnectMultiple (node:net:1139:18)
    at afterConnectMultiple (node:net:1712:7)
2026-05-07 00:53:13 [ERROR]: Redis error: {"code":"ECONNREFUSED"}
AggregateError [ECONNREFUSED]: 
    at internalConnectMultiple (node:net:1139:18)
    at afterConnectMultiple (node:net:1712:7)
2026-05-07 00:53:13 [ERROR]: Redis error: {"code":"ECONNREFUSED"}
AggregateError [ECONNREFUSED]: 
    at internalConnectMultiple (node:net:1139:18)
    at afterConnectMultiple (node:net:1712:7)
2026-05-07 00:53:14 [ERROR]: Redis error: {"code":"ECONNREFUSED"}
AggregateError [ECONNREFUSED]: 
    at internalConnectMultiple (node:net:1139:18)
    at afterConnectMultiple (node:net:1712:7)
2026-05-07 00:53:14 [ERROR]: Redis error: {"code":"ECONNREFUSED"}
AggregateError [ECONNREFUSED]: 
    at internalConnectMultiple (node:net:1139:18)
    at afterConnectMultiple (node:net:1712:7)
2026-05-07 00:53:15 [ERROR]: Redis error: {"code":"ECONNREFUSED"}
AggregateError [ECONNREFUSED]: 
    at internalConnectMultiple (node:net:1139:18)
    at afterConnectMultiple (node:net:1712:7)
2026-05-07 00:53:15 [ERROR]: Redis error: {"code":"ECONNREFUSED"}
AggregateError [ECONNREFUSED]: 
    at internalConnectMultiple (node:net:1139:18)
    at afterConnectMultiple (node:net:1712:7)
2026-05-07 00:53:16 [ERROR]: Redis error: {"code":"ECONNREFUSED"}
AggregateError [ECONNREFUSED]: 
    at internalConnectMultiple (node:net:1139:18)
    at afterConnectMultiple (node:net:1712:7)
2026-05-07 00:53:16 [ERROR]: Redis error: {"code":"ECONNREFUSED"}
AggregateError [ECONNREFUSED]: 
    at internalConnectMultiple (node:net:1139:18)
    at afterConnectMultiple (node:net:1712:7)
2026-05-07 00:53:17 [ERROR]: Redis error: {"code":"ECONNREFUSED"}
AggregateError [ECONNREFUSED]: 
    at internalConnectMultiple (node:net:1139:18)
    at afterConnectMultiple (node:net:1712:7)
2026-05-07 00:53:17 [ERROR]: Redis error: {"code":"ECONNREFUSED"}
AggregateError [ECONNREFUSED]: 
    at internalConnectMultiple (node:net:1139:18)
    at afterConnectMultiple (node:net:1712:7)
2026-05-07 00:53:18 [ERROR]: Redis error: {"code":"ECONNREFUSED"}
AggregateError [ECONNREFUSED]: 
    at internalConnectMultiple (node:net:1139:18)
    at afterConnectMultiple (node:net:1712:7)
2026-05-07 00:53:19 [ERROR]: Redis error: {"code":"ECONNREFUSED"}
AggregateError [ECONNREFUSED]: 
    at internalConnectMultiple (node:net:1139:18)
    at afterConnectMultiple (node:net:1712:7)
2026-05-07 00:53:19 [ERROR]: Redis error: {"code":"ECONNREFUSED"}
AggregateError [ECONNREFUSED]: 
    at internalConnectMultiple (node:net:1139:18)
    at afterConnectMultiple (node:net:1712:7)
2026-05-07 00:53:20 [ERROR]: Redis error: {"code":"ECONNREFUSED"}
AggregateError [ECONNREFUSED]: 
    at internalConnectMultiple (node:net:1139:18)
    at afterConnectMultiple (node:net:1712:7)
2026-05-07 00:53:20 [ERROR]: Redis error: {"code":"ECONNREFUSED"}
AggregateError [ECONNREFUSED]: 
    at internalConnectMultiple (node:net:1139:18)
    at afterConnectMultiple (node:net:1712:7)
2026-05-07 00:53:21 [ERROR]: Redis error: {"code":"ECONNREFUSED"}
AggregateError [ECONNREFUSED]: 
    at internalConnectMultiple (node:net:1139:18)
    at afterConnectMultiple (node:net:1712:7)
2026-05-07 00:53:21 [ERROR]: Redis error: {"code":"ECONNREFUSED"}
AggregateError [ECONNREFUSED]: 
    at internalConnectMultiple (node:net:1139:18)
    at afterConnectMultiple (node:net:1712:7)
2026-05-07 00:53:22 [ERROR]: Redis error: {"code":"ECONNREFUSED"}
AggregateError [ECONNREFUSED]: 
    at internalConnectMultiple (node:net:1139:18)
    at afterConnectMultiple (node:net:1712:7)
2026-05-07 00:53:22 [ERROR]: Redis error: {"code":"ECONNREFUSED"}
AggregateError [ECONNREFUSED]: 
    at internalConnectMultiple (node:net:1139:18)
    at afterConnectMultiple (node:net:1712:7)
2026-05-07 00:53:23 [ERROR]: Redis error: {"code":"ECONNREFUSED"}
AggregateError [ECONNREFUSED]: 
    at internalConnectMultiple (node:net:1139:18)
    at afterConnectMultiple (node:net:1712:7)
2026-05-07 00:53:23 [ERROR]: Redis error: {"code":"ECONNREFUSED"}
AggregateError [ECONNREFUSED]: 
    at internalConnectMultiple (node:net:1139:18)
    at afterConnectMultiple (node:net:1712:7)
2026-05-07 00:53:24 [ERROR]: Redis error: {"code":"ECONNREFUSED"}
AggregateError [ECONNREFUSED]: 
    at internalConnectMultiple (node:net:1139:18)
    at afterConnectMultiple (node:net:1712:7)
2026-05-07 00:53:24 [ERROR]: Redis error: {"code":"ECONNREFUSED"}
AggregateError [ECONNREFUSED]: 
    at internalConnectMultiple (node:net:1139:18)
    at afterConnectMultiple (node:net:1712:7)
2026-05-07 00:53:25 [ERROR]: Redis error: {"code":"ECONNREFUSED"}
AggregateError [ECONNREFUSED]: 
    at internalConnectMultiple (node:net:1139:18)
    at afterConnectMultiple (node:net:1712:7)
2026-05-07 00:53:25 [ERROR]: Redis error: {"code":"ECONNREFUSED"}
AggregateError [ECONNREFUSED]: 
    at internalConnectMultiple (node:net:1139:18)
    at afterConnectMultiple (node:net:1712:7)
2026-05-07 00:53:26 [ERROR]: Redis error: {"code":"ECONNREFUSED"}
AggregateError [ECONNREFUSED]: 
    at internalConnectMultiple (node:net:1139:18)
    at afterConnectMultiple (node:net:1712:7)
2026-05-07 00:53:26 [ERROR]: Redis error: {"code":"ECONNREFUSED"}
AggregateError [ECONNREFUSED]: 
    at internalConnectMultiple (node:net:1139:18)
    at afterConnectMultiple (node:net:1712:7)
2026-05-07 00:53:27 [ERROR]: Redis error: {"code":"ECONNREFUSED"}
AggregateError [ECONNREFUSED]: 
    at internalConnectMultiple (node:net:1139:18)
    at afterConnectMultiple (node:net:1712:7)
2026-05-07 00:53:27 [ERROR]: Redis error: {"code":"ECONNREFUSED"}
AggregateError [ECONNREFUSED]: 
    at internalConnectMultiple (node:net:1139:18)
    at afterConnectMultiple (node:net:1712:7)
2026-05-07 00:53:28 [ERROR]: Redis error: {"code":"ECONNREFUSED"}
AggregateError [ECONNREFUSED]: 
    at internalConnectMultiple (node:net:1139:18)
    at afterConnectMultiple (node:net:1712:7)
2026-05-07 00:53:28 [ERROR]: Redis error: {"code":"ECONNREFUSED"}
AggregateError [ECONNREFUSED]: 
    at internalConnectMultiple (node:net:1139:18)
    at afterConnectMultiple (node:net:1712:7)
2026-05-07 00:53:29 [ERROR]: Redis error: {"code":"ECONNREFUSED"}
AggregateError [ECONNREFUSED]: 
    at internalConnectMultiple (node:net:1139:18)
    at afterConnectMultiple (node:net:1712:7)
2026-05-07 00:53:29 [ERROR]: Redis error: {"code":"ECONNREFUSED"}
AggregateError [ECONNREFUSED]: 
    at internalConnectMultiple (node:net:1139:18)
    at afterConnectMultiple (node:net:1712:7)
2026-05-07 00:53:30 [ERROR]: Redis error: {"code":"ECONNREFUSED"}
AggregateError [ECONNREFUSED]: 
    at internalConnectMultiple (node:net:1139:18)
    at afterConnectMultiple (node:net:1712:7)
2026-05-07 00:53:30 [ERROR]: Redis error: {"code":"ECONNREFUSED"}
AggregateError [ECONNREFUSED]: 
    at internalConnectMultiple (node:net:1139:18)
    at afterConnectMultiple (node:net:1712:7)
2026-05-07 00:53:31 [ERROR]: Redis error: {"code":"ECONNREFUSED"}
AggregateError [ECONNREFUSED]: 
    at internalConnectMultiple (node:net:1139:18)
    at afterConnectMultiple (node:net:1712:7)
2026-05-07 00:53:31 [ERROR]: Redis error: {"code":"ECONNREFUSED"}
AggregateError [ECONNREFUSED]: 
    at internalConnectMultiple (node:net:1139:18)
    at afterConnectMultiple (node:net:1712:7)
2026-05-07 00:53:32 [ERROR]: Redis error: {"code":"ECONNREFUSED"}
AggregateError [ECONNREFUSED]: 
    at internalConnectMultiple (node:net:1139:18)
    at afterConnectMultiple (node:net:1712:7)
2026-05-07 00:53:32 [ERROR]: Redis error: {"code":"ECONNREFUSED"}
AggregateError [ECONNREFUSED]: 
    at internalConnectMultiple (node:net:1139:18)
    at afterConnectMultiple (node:net:1712:7)
2026-05-07 00:53:33 [ERROR]: Redis error: {"code":"ECONNREFUSED"}
AggregateError [ECONNREFUSED]: 
    at internalConnectMultiple (node:net:1139:18)
    at afterConnectMultiple (node:net:1712:7)
2026-05-07 00:53:33 [ERROR]: Redis error: {"code":"ECONNREFUSED"}
AggregateError [ECONNREFUSED]: 
    at internalConnectMultiple (node:net:1139:18)
    at afterConnectMultiple (node:net:1712:7)
2026-05-07 00:53:34 [ERROR]: Redis error: {"code":"ECONNREFUSED"}
AggregateError [ECONNREFUSED]: 
    at internalConnectMultiple (node:net:1139:18)
    at afterConnectMultiple (node:net:1712:7)
2026-05-07 00:53:34 [ERROR]: Redis error: {"code":"ECONNREFUSED"}
AggregateError [ECONNREFUSED]: 
    at internalConnectMultiple (node:net:1139:18)
    at afterConnectMultiple (node:net:1712:7)
2026-05-07 00:53:35 [ERROR]: Redis error: {"code":"ECONNREFUSED"}
AggregateError [ECONNREFUSED]: 
    at internalConnectMultiple (node:net:1139:18)
    at afterConnectMultiple (node:net:1712:7)
2026-05-07 00:53:36 [ERROR]: Redis error: {"code":"ECONNREFUSED"}
AggregateError [ECONNREFUSED]: 
    at internalConnectMultiple (node:net:1139:18)
    at afterConnectMultiple (node:net:1712:7)
2026-05-07 00:53:36 [ERROR]: Redis error: {"code":"ECONNREFUSED"}
AggregateError [ECONNREFUSED]: 
    at internalConnectMultiple (node:net:1139:18)
    at afterConnectMultiple (node:net:1712:7)
2026-05-07 00:53:37 [ERROR]: Redis error: {"code":"ECONNREFUSED"}
AggregateError [ECONNREFUSED]: 
    at internalConnectMultiple (node:net:1139:18)
    at afterConnectMultiple (node:net:1712:7)
2026-05-07 00:53:37 [ERROR]: Redis error: {"code":"ECONNREFUSED"}
AggregateError [ECONNREFUSED]: 
    at internalConnectMultiple (node:net:1139:18)
    at afterConnectMultiple (node:net:1712:7)
2026-05-07 00:53:38 [ERROR]: Redis error: {"code":"ECONNREFUSED"}
AggregateError [ECONNREFUSED]: 
    at internalConnectMultiple (node:net:1139:18)
    at afterConnectMultiple (node:net:1712:7)
2026-05-07 00:53:38 [ERROR]: Redis error: {"code":"ECONNREFUSED"}
AggregateError [ECONNREFUSED]: 
    at internalConnectMultiple (node:net:1139:18)
    at afterConnectMultiple (node:net:1712:7)
2026-05-07 00:53:39 [ERROR]: Redis error: {"code":"ECONNREFUSED"}
AggregateError [ECONNREFUSED]: 
    at internalConnectMultiple (node:net:1139:18)
    at afterConnectMultiple (node:net:1712:7)
2026-05-07 00:53:39 [ERROR]: Redis error: {"code":"ECONNREFUSED"}
AggregateError [ECONNREFUSED]: 
    at internalConnectMultiple (node:net:1139:18)
    at afterConnectMultiple (node:net:1712:7)
2026-05-07 00:53:40 [ERROR]: Redis error: {"code":"ECONNREFUSED"}
AggregateError [ECONNREFUSED]: 
    at internalConnectMultiple (node:net:1139:18)
    at afterConnectMultiple (node:net:1712:7)
2026-05-07 00:53:40 [ERROR]: Redis error: {"code":"ECONNREFUSED"}
AggregateError [ECONNREFUSED]: 
    at internalConnectMultiple (node:net:1139:18)
    at afterConnectMultiple (node:net:1712:7)
2026-05-07 00:53:41 [ERROR]: Redis error: {"code":"ECONNREFUSED"}
AggregateError [ECONNREFUSED]: 
    at internalConnectMultiple (node:net:1139:18)
    at afterConnectMultiple (node:net:1712:7)
2026-05-07 00:53:41 [ERROR]: Redis error: {"code":"ECONNREFUSED"}
AggregateError [ECONNREFUSED]: 
    at internalConnectMultiple (node:net:1139:18)
    at afterConnectMultiple (node:net:1712:7)
2026-05-07 00:53:42 [ERROR]: Redis error: {"code":"ECONNREFUSED"}
AggregateError [ECONNREFUSED]: 
    at internalConnectMultiple (node:net:1139:18)
    at afterConnectMultiple (node:net:1712:7)
2026-05-07 00:53:42 [ERROR]: Redis error: {"code":"ECONNREFUSED"}
AggregateError [ECONNREFUSED]: 
    at internalConnectMultiple (node:net:1139:18)
    at afterConnectMultiple (node:net:1712:7)
2026-05-07 00:53:43 [ERROR]: Redis error: {"code":"ECONNREFUSED"}
AggregateError [ECONNREFUSED]: 
    at internalConnectMultiple (node:net:1139:18)
    at afterConnectMultiple (node:net:1712:7)
2026-05-07 00:53:43 [ERROR]: Redis error: {"code":"ECONNREFUSED"}
AggregateError [ECONNREFUSED]: 
    at internalConnectMultiple (node:net:1139:18)
    at afterConnectMultiple (node:net:1712:7)
2026-05-07 00:53:44 [ERROR]: Redis error: {"code":"ECONNREFUSED"}
AggregateError [ECONNREFUSED]: 
    at internalConnectMultiple (node:net:1139:18)
    at afterConnectMultiple (node:net:1712:7)
2026-05-07 00:53:44 [ERROR]: Redis error: {"code":"ECONNREFUSED"}
AggregateError [ECONNREFUSED]: 
    at internalConnectMultiple (node:net:1139:18)
    at afterConnectMultiple (node:net:1712:7)
2026-05-07 00:53:45 [ERROR]: Redis error: {"code":"ECONNREFUSED"}
AggregateError [ECONNREFUSED]: 
    at internalConnectMultiple (node:net:1139:18)
    at afterConnectMultiple (node:net:1712:7)
2026-05-07 00:53:45 [ERROR]: Redis error: {"code":"ECONNREFUSED"}
AggregateError [ECONNREFUSED]: 
    at internalConnectMultiple (node:net:1139:18)
    at afterConnectMultiple (node:net:1712:7)
2026-05-07 00:53:46 [ERROR]: Redis error: {"code":"ECONNREFUSED"}
AggregateError [ECONNREFUSED]: 
    at internalConnectMultiple (node:net:1139:18)
    at afterConnectMultiple (node:net:1712:7)
2026-05-07 00:53:46 [ERROR]: Redis error: {"code":"ECONNREFUSED"}
AggregateError [ECONNREFUSED]: 
    at internalConnectMultiple (node:net:1139:18)
    at afterConnectMultiple (node:net:1712:7)
2026-05-07 00:53:47 [ERROR]: Redis error: {"code":"ECONNREFUSED"}
AggregateError [ECONNREFUSED]: 
    at internalConnectMultiple (node:net:1139:18)
    at afterConnectMultiple (node:net:1712:7)
2026-05-07 00:53:47 [ERROR]: Redis error: {"code":"ECONNREFUSED"}
AggregateError [ECONNREFUSED]: 
    at internalConnectMultiple (node:net:1139:18)
    at afterConnectMultiple (node:net:1712:7)
2026-05-07 00:53:48 [ERROR]: Redis error: {"code":"ECONNREFUSED"}
AggregateError [ECONNREFUSED]: 
    at internalConnectMultiple (node:net:1139:18)
    at afterConnectMultiple (node:net:1712:7)
2026-05-07 00:53:48 [ERROR]: Redis error: {"code":"ECONNREFUSED"}
AggregateError [ECONNREFUSED]: 
    at internalConnectMultiple (node:net:1139:18)
    at afterConnectMultiple (node:net:1712:7)
2026-05-07 00:53:49 [ERROR]: Redis error: {"code":"ECONNREFUSED"}
AggregateError [ECONNREFUSED]: 
    at internalConnectMultiple (node:net:1139:18)
    at afterConnectMultiple (node:net:1712:7)
2026-05-07 00:53:49 [ERROR]: Redis error: {"code":"ECONNREFUSED"}
AggregateError [ECONNREFUSED]: 
    at internalConnectMultiple (node:net:1139:18)
    at afterConnectMultiple (node:net:1712:7)
2026-05-07 00:53:50 [ERROR]: Redis error: {"code":"ECONNREFUSED"}
AggregateError [ECONNREFUSED]: 
    at internalConnectMultiple (node:net:1139:18)
    at afterConnectMultiple (node:net:1712:7)
2026-05-07 00:53:50 [ERROR]: Redis error: {"code":"ECONNREFUSED"}
AggregateError [ECONNREFUSED]: 
    at internalConnectMultiple (node:net:1139:18)
    at afterConnectMultiple (node:net:1712:7)
2026-05-07 00:53:51 [ERROR]: Redis error: {"code":"ECONNREFUSED"}
AggregateError [ECONNREFUSED]: 
    at internalConnectMultiple (node:net:1139:18)
    at afterConnectMultiple (node:net:1712:7)
2026-05-07 00:53:51 [ERROR]: Redis error: {"code":"ECONNREFUSED"}
AggregateError [ECONNREFUSED]: 
    at internalConnectMultiple (node:net:1139:18)
    at afterConnectMultiple (node:net:1712:7)
2026-05-07 00:53:52 [ERROR]: Redis error: {"code":"ECONNREFUSED"}
AggregateError [ECONNREFUSED]: 
    at internalConnectMultiple (node:net:1139:18)
    at afterConnectMultiple (node:net:1712:7)
2026-05-07 00:53:52 [ERROR]: Redis error: {"code":"ECONNREFUSED"}
AggregateError [ECONNREFUSED]: 
    at internalConnectMultiple (node:net:1139:18)
    at afterConnectMultiple (node:net:1712:7)
2026-05-07 00:53:53 [ERROR]: Redis error: {"code":"ECONNREFUSED"}
AggregateError [ECONNREFUSED]: 
    at internalConnectMultiple (node:net:1139:18)
    at afterConnectMultiple (node:net:1712:7)
2026-05-07 00:53:53 [ERROR]: Redis error: {"code":"ECONNREFUSED"}
AggregateError [ECONNREFUSED]: 
    at internalConnectMultiple (node:net:1139:18)
    at afterConnectMultiple (node:net:1712:7)
2026-05-07 00:53:54 [ERROR]: Redis error: {"code":"ECONNREFUSED"}
AggregateError [ECONNREFUSED]: 
    at internalConnectMultiple (node:net:1139:18)
    at afterConnectMultiple (node:net:1712:7)
2026-05-07 00:53:55 [ERROR]: Redis error: {"code":"ECONNREFUSED"}
AggregateError [ECONNREFUSED]: 
    at internalConnectMultiple (node:net:1139:18)
    at afterConnectMultiple (node:net:1712:7)
2026-05-07 00:53:55 [ERROR]: Redis error: {"code":"ECONNREFUSED"}
AggregateError [ECONNREFUSED]: 
    at internalConnectMultiple (node:net:1139:18)
    at afterConnectMultiple (node:net:1712:7)
2026-05-07 00:53:56 [ERROR]: Redis error: {"code":"ECONNREFUSED"}
AggregateError [ECONNREFUSED]: 
    at internalConnectMultiple (node:net:1139:18)
    at afterConnectMultiple (node:net:1712:7)
2026-05-07 00:53:56 [ERROR]: Redis error: {"code":"ECONNREFUSED"}
AggregateError [ECONNREFUSED]: 
    at internalConnectMultiple (node:net:1139:18)
    at afterConnectMultiple (node:net:1712:7)
2026-05-07 00:53:57 [ERROR]: Redis error: {"code":"ECONNREFUSED"}
AggregateError [ECONNREFUSED]: 
    at internalConnectMultiple (node:net:1139:18)
    at afterConnectMultiple (node:net:1712:7)
2026-05-07 00:53:57 [ERROR]: Redis error: {"code":"ECONNREFUSED"}
AggregateError [ECONNREFUSED]: 
    at internalConnectMultiple (node:net:1139:18)
    at afterConnectMultiple (node:net:1712:7)
2026-05-07 00:53:58 [ERROR]: Redis error: {"code":"ECONNREFUSED"}
AggregateError [ECONNREFUSED]: 
    at internalConnectMultiple (node:net:1139:18)
    at afterConnectMultiple (node:net:1712:7)
2026-05-07 00:53:58 [ERROR]: Redis error: {"code":"ECONNREFUSED"}
AggregateError [ECONNREFUSED]: 
    at internalConnectMultiple (node:net:1139:18)
    at afterConnectMultiple (node:net:1712:7)
2026-05-07 00:53:59 [ERROR]: Redis error: {"code":"ECONNREFUSED"}
AggregateError [ECONNREFUSED]: 
    at internalConnectMultiple (node:net:1139:18)
    at afterConnectMultiple (node:net:1712:7)
2026-05-07 00:53:59 [ERROR]: Redis error: {"code":"ECONNREFUSED"}
AggregateError [ECONNREFUSED]: 
    at internalConnectMultiple (node:net:1139:18)
    at afterConnectMultiple (node:net:1712:7)
2026-05-07 00:54:00 [ERROR]: Redis error: {"code":"ECONNREFUSED"}
AggregateError [ECONNREFUSED]: 
    at internalConnectMultiple (node:net:1139:18)
    at afterConnectMultiple (node:net:1712:7)
2026-05-07 00:54:00 [ERROR]: Redis error: {"code":"ECONNREFUSED"}
AggregateError [ECONNREFUSED]: 
    at internalConnectMultiple (node:net:1139:18)
    at afterConnectMultiple (node:net:1712:7)
2026-05-07 00:54:01 [ERROR]: Redis error: {"code":"ECONNREFUSED"}
AggregateError [ECONNREFUSED]: 
    at internalConnectMultiple (node:net:1139:18)
    at afterConnectMultiple (node:net:1712:7)
2026-05-07 00:54:01 [ERROR]: Redis error: {"code":"ECONNREFUSED"}
AggregateError [ECONNREFUSED]: 
    at internalConnectMultiple (node:net:1139:18)
    at afterConnectMultiple (node:net:1712:7)
2026-05-07 00:54:02 [ERROR]: Redis error: {"code":"ECONNREFUSED"}
AggregateError [ECONNREFUSED]: 
    at internalConnectMultiple (node:net:1139:18)
    at afterConnectMultiple (node:net:1712:7)
2026-05-07 00:54:02 [ERROR]: Redis error: {"code":"ECONNREFUSED"}
AggregateError [ECONNREFUSED]: 
    at internalConnectMultiple (node:net:1139:18)
    at afterConnectMultiple (node:net:1712:7)
2026-05-07 00:54:03 [ERROR]: Redis error: {"code":"ECONNREFUSED"}
AggregateError [ECONNREFUSED]: 
    at internalConnectMultiple (node:net:1139:18)
    at afterConnectMultiple (node:net:1712:7)
2026-05-07 00:54:03 [ERROR]: Redis error: {"code":"ECONNREFUSED"}
AggregateError [ECONNREFUSED]: 
    at internalConnectMultiple (node:net:1139:18)
    at afterConnectMultiple (node:net:1712:7)
2026-05-07 00:54:04 [ERROR]: Redis error: {"code":"ECONNREFUSED"}
AggregateError [ECONNREFUSED]: 
    at internalConnectMultiple (node:net:1139:18)
    at afterConnectMultiple (node:net:1712:7)
2026-05-07 00:54:04 [ERROR]: Redis error: {"code":"ECONNREFUSED"}
AggregateError [ECONNREFUSED]: 
    at internalConnectMultiple (node:net:1139:18)
    at afterConnectMultiple (node:net:1712:7)
2026-05-07 00:54:05 [ERROR]: Redis error: {"code":"ECONNREFUSED"}
AggregateError [ECONNREFUSED]: 
    at internalConnectMultiple (node:net:1139:18)
    at afterConnectMultiple (node:net:1712:7)
2026-05-07 00:54:05 [ERROR]: Redis error: {"code":"ECONNREFUSED"}
AggregateError [ECONNREFUSED]: 
    at internalConnectMultiple (node:net:1139:18)
    at afterConnectMultiple (node:net:1712:7)
2026-05-07 00:54:06 [ERROR]: Redis error: {"code":"ECONNREFUSED"}
AggregateError [ECONNREFUSED]: 
    at internalConnectMultiple (node:net:1139:18)
    at afterConnectMultiple (node:net:1712:7)
2026-05-07 00:54:06 [ERROR]: Redis error: {"code":"ECONNREFUSED"}
AggregateError [ECONNREFUSED]: 
    at internalConnectMultiple (node:net:1139:18)
    at afterConnectMultiple (node:net:1712:7)
2026-05-07 00:54:07 [ERROR]: Redis error: {"code":"ECONNREFUSED"}
AggregateError [ECONNREFUSED]: 
    at internalConnectMultiple (node:net:1139:18)
    at afterConnectMultiple (node:net:1712:7)
2026-05-07 00:54:07 [ERROR]: Redis error: {"code":"ECONNREFUSED"}
AggregateError [ECONNREFUSED]: 
    at internalConnectMultiple (node:net:1139:18)
    at afterConnectMultiple (node:net:1712:7)
2026-05-07 00:54:08 [ERROR]: Redis error: {"code":"ECONNREFUSED"}
AggregateError [ECONNREFUSED]: 
    at internalConnectMultiple (node:net:1139:18)
    at afterConnectMultiple (node:net:1712:7)
2026-05-07 00:54:08 [ERROR]: Redis error: {"code":"ECONNREFUSED"}
AggregateError [ECONNREFUSED]: 
    at internalConnectMultiple (node:net:1139:18)
    at afterConnectMultiple (node:net:1712:7)
2026-05-07 00:54:09 [ERROR]: Redis error: {"code":"ECONNREFUSED"}
AggregateError [ECONNREFUSED]: 
    at internalConnectMultiple (node:net:1139:18)
    at afterConnectMultiple (node:net:1712:7)
2026-05-07 00:54:09 [ERROR]: Redis error: {"code":"ECONNREFUSED"}
AggregateError [ECONNREFUSED]: 
    at internalConnectMultiple (node:net:1139:18)
    at afterConnectMultiple (node:net:1712:7)
2026-05-07 00:54:10 [ERROR]: Redis error: {"code":"ECONNREFUSED"}
AggregateError [ECONNREFUSED]: 
    at internalConnectMultiple (node:net:1139:18)
    at afterConnectMultiple (node:net:1712:7)
2026-05-07 00:54:10 [ERROR]: Redis error: {"code":"ECONNREFUSED"}
AggregateError [ECONNREFUSED]: 
    at internalConnectMultiple (node:net:1139:18)
    at afterConnectMultiple (node:net:1712:7)
2026-05-07 00:54:11 [ERROR]: Redis error: {"code":"ECONNREFUSED"}
AggregateError [ECONNREFUSED]: 
    at internalConnectMultiple (node:net:1139:18)
    at afterConnectMultiple (node:net:1712:7)
2026-05-07 00:54:12 [ERROR]: Redis error: {"code":"ECONNREFUSED"}
AggregateError [ECONNREFUSED]: 
    at internalConnectMultiple (node:net:1139:18)
    at afterConnectMultiple (node:net:1712:7)
2026-05-07 00:54:12 [ERROR]: Redis error: {"code":"ECONNREFUSED"}
AggregateError [ECONNREFUSED]: 
    at internalConnectMultiple (node:net:1139:18)
    at afterConnectMultiple (node:net:1712:7)
2026-05-07 00:54:13 [ERROR]: Redis error: {"code":"ECONNREFUSED"}
AggregateError [ECONNREFUSED]: 
    at internalConnectMultiple (node:net:1139:18)
    at afterConnectMultiple (node:net:1712:7)
2026-05-07 00:54:13 [ERROR]: Redis error: {"code":"ECONNREFUSED"}
AggregateError [ECONNREFUSED]: 
    at internalConnectMultiple (node:net:1139:18)
    at afterConnectMultiple (node:net:1712:7)
2026-05-07 00:54:14 [ERROR]: Redis error: {"code":"ECONNREFUSED"}
AggregateError [ECONNREFUSED]: 
    at internalConnectMultiple (node:net:1139:18)
    at afterConnectMultiple (node:net:1712:7)
2026-05-07 00:54:14 [ERROR]: Redis error: {"code":"ECONNREFUSED"}
AggregateError [ECONNREFUSED]: 
    at internalConnectMultiple (node:net:1139:18)
    at afterConnectMultiple (node:net:1712:7)
2026-05-07 00:54:15 [ERROR]: Redis error: {"code":"ECONNREFUSED"}
AggregateError [ECONNREFUSED]: 
    at internalConnectMultiple (node:net:1139:18)
    at afterConnectMultiple (node:net:1712:7)
2026-05-07 00:54:15 [ERROR]: Redis error: {"code":"ECONNREFUSED"}
AggregateError [ECONNREFUSED]: 
    at internalConnectMultiple (node:net:1139:18)
    at afterConnectMultiple (node:net:1712:7)
2026-05-07 00:54:16 [ERROR]: Redis error: {"code":"ECONNREFUSED"}
AggregateError [ECONNREFUSED]: 
    at internalConnectMultiple (node:net:1139:18)
    at afterConnectMultiple (node:net:1712:7)
2026-05-07 00:54:16 [ERROR]: Redis error: {"code":"ECONNREFUSED"}
AggregateError [ECONNREFUSED]: 
    at internalConnectMultiple (node:net:1139:18)
    at afterConnectMultiple (node:net:1712:7)
2026-05-07 00:54:17 [ERROR]: Redis error: {"code":"ECONNREFUSED"}
AggregateError [ECONNREFUSED]: 
    at internalConnectMultiple (node:net:1139:18)
    at afterConnectMultiple (node:net:1712:7)
2026-05-07 00:54:17 [ERROR]: Redis error: {"code":"ECONNREFUSED"}
AggregateError [ECONNREFUSED]: 
    at internalConnectMultiple (node:net:1139:18)
    at afterConnectMultiple (node:net:1712:7)
2026-05-07 00:54:18 [ERROR]: Redis error: {"code":"ECONNREFUSED"}
AggregateError [ECONNREFUSED]: 
    at internalConnectMultiple (node:net:1139:18)
    at afterConnectMultiple (node:net:1712:7)
2026-05-07 00:54:18 [ERROR]: Redis error: {"code":"ECONNREFUSED"}
AggregateError [ECONNREFUSED]: 
    at internalConnectMultiple (node:net:1139:18)
    at afterConnectMultiple (node:net:1712:7)
2026-05-07 00:54:19 [ERROR]: Redis error: {"code":"ECONNREFUSED"}
AggregateError [ECONNREFUSED]: 
    at internalConnectMultiple (node:net:1139:18)
    at afterConnectMultiple (node:net:1712:7)
2026-05-07 00:54:19 [ERROR]: Redis error: {"code":"ECONNREFUSED"}
AggregateError [ECONNREFUSED]: 
    at internalConnectMultiple (node:net:1139:18)
    at afterConnectMultiple (node:net:1712:7)
2026-05-07 00:54:20 [ERROR]: Redis error: {"code":"ECONNREFUSED"}
AggregateError [ECONNREFUSED]: 
    at internalConnectMultiple (node:net:1139:18)
    at afterConnectMultiple (node:net:1712:7)
2026-05-07 00:54:20 [ERROR]: Redis error: {"code":"ECONNREFUSED"}
AggregateError [ECONNREFUSED]: 
    at internalConnectMultiple (node:net:1139:18)
    at afterConnectMultiple (node:net:1712:7)
2026-05-07 00:54:21 [ERROR]: Redis error: {"code":"ECONNREFUSED"}
AggregateError [ECONNREFUSED]: 
    at internalConnectMultiple (node:net:1139:18)
    at afterConnectMultiple (node:net:1712:7)
2026-05-07 00:54:21 [ERROR]: Redis error: {"code":"ECONNREFUSED"}
AggregateError [ECONNREFUSED]: 
    at internalConnectMultiple (node:net:1139:18)
    at afterConnectMultiple (node:net:1712:7)
2026-05-07 00:54:22 [ERROR]: Redis error: {"code":"ECONNREFUSED"}
AggregateError [ECONNREFUSED]: 
    at internalConnectMultiple (node:net:1139:18)
    at afterConnectMultiple (node:net:1712:7)
2026-05-07 00:54:22 [ERROR]: Redis error: {"code":"ECONNREFUSED"}
AggregateError [ECONNREFUSED]: 
    at internalConnectMultiple (node:net:1139:18)
    at afterConnectMultiple (node:net:1712:7)
2026-05-07 00:54:23 [ERROR]: Redis error: {"code":"ECONNREFUSED"}
AggregateError [ECONNREFUSED]: 
    at internalConnectMultiple (node:net:1139:18)
    at afterConnectMultiple (node:net:1712:7)
2026-05-07 00:54:23 [ERROR]: Redis error: {"code":"ECONNREFUSED"}
AggregateError [ECONNREFUSED]: 
    at internalConnectMultiple (node:net:1139:18)
    at afterConnectMultiple (node:net:1712:7)
2026-05-07 00:54:24 [ERROR]: Redis error: {"code":"ECONNREFUSED"}
AggregateError [ECONNREFUSED]: 
    at internalConnectMultiple (node:net:1139:18)
    at afterConnectMultiple (node:net:1712:7)
2026-05-07 00:54:24 [ERROR]: Redis error: {"code":"ECONNREFUSED"}
AggregateError [ECONNREFUSED]: 
    at internalConnectMultiple (node:net:1139:18)
    at afterConnectMultiple (node:net:1712:7)
2026-05-07 00:54:25 [ERROR]: Redis error: {"code":"ECONNREFUSED"}
AggregateError [ECONNREFUSED]: 
    at internalConnectMultiple (node:net:1139:18)
    at afterConnectMultiple (node:net:1712:7)
2026-05-07 00:54:25 [ERROR]: Redis error: {"code":"ECONNREFUSED"}
AggregateError [ECONNREFUSED]: 
    at internalConnectMultiple (node:net:1139:18)
    at afterConnectMultiple (node:net:1712:7)
2026-05-07 00:54:26 [ERROR]: Redis error: {"code":"ECONNREFUSED"}
AggregateError [ECONNREFUSED]: 
    at internalConnectMultiple (node:net:1139:18)
    at afterConnectMultiple (node:net:1712:7)
2026-05-07 00:54:26 [ERROR]: Redis error: {"code":"ECONNREFUSED"}
AggregateError [ECONNREFUSED]: 
    at internalConnectMultiple (node:net:1139:18)
    at afterConnectMultiple (node:net:1712:7)
2026-05-07 00:54:27 [ERROR]: Redis error: {"code":"ECONNREFUSED"}
AggregateError [ECONNREFUSED]: 
    at internalConnectMultiple (node:net:1139:18)
    at afterConnectMultiple (node:net:1712:7)
2026-05-07 00:54:27 [ERROR]: Redis error: {"code":"ECONNREFUSED"}
AggregateError [ECONNREFUSED]: 
    at internalConnectMultiple (node:net:1139:18)
    at afterConnectMultiple (node:net:1712:7)
2026-05-07 00:54:28 [ERROR]: Redis error: {"code":"ECONNREFUSED"}
AggregateError [ECONNREFUSED]: 
    at internalConnectMultiple (node:net:1139:18)
    at afterConnectMultiple (node:net:1712:7)
2026-05-07 00:54:29 [ERROR]: Redis error: {"code":"ECONNREFUSED"}
AggregateError [ECONNREFUSED]: 
    at internalConnectMultiple (node:net:1139:18)
    at afterConnectMultiple (node:net:1712:7)
2026-05-07 00:54:29 [ERROR]: Redis error: {"code":"ECONNREFUSED"}
AggregateError [ECONNREFUSED]: 
    at internalConnectMultiple (node:net:1139:18)
    at afterConnectMultiple (node:net:1712:7)
2026-05-07 00:54:30 [ERROR]: Redis error: {"code":"ECONNREFUSED"}
AggregateError [ECONNREFUSED]: 
    at internalConnectMultiple (node:net:1139:18)
    at afterConnectMultiple (node:net:1712:7)
2026-05-07 00:54:30 [ERROR]: Redis error: {"code":"ECONNREFUSED"}
AggregateError [ECONNREFUSED]: 
    at internalConnectMultiple (node:net:1139:18)
    at afterConnectMultiple (node:net:1712:7)
2026-05-07 00:54:31 [ERROR]: Redis error: {"code":"ECONNREFUSED"}
AggregateError [ECONNREFUSED]: 
    at internalConnectMultiple (node:net:1139:18)
    at afterConnectMultiple (node:net:1712:7)
2026-05-07 00:54:31 [ERROR]: Redis error: {"code":"ECONNREFUSED"}
AggregateError [ECONNREFUSED]: 
    at internalConnectMultiple (node:net:1139:18)
    at afterConnectMultiple (node:net:1712:7)
2026-05-07 00:54:32 [ERROR]: Redis error: {"code":"ECONNREFUSED"}
AggregateError [ECONNREFUSED]: 
    at internalConnectMultiple (node:net:1139:18)
    at afterConnectMultiple (node:net:1712:7)
2026-05-07 00:54:32 [ERROR]: Redis error: {"code":"ECONNREFUSED"}
AggregateError [ECONNREFUSED]: 
    at internalConnectMultiple (node:net:1139:18)
    at afterConnectMultiple (node:net:1712:7)
2026-05-07 00:54:33 [ERROR]: Redis error: {"code":"ECONNREFUSED"}
AggregateError [ECONNREFUSED]: 
    at internalConnectMultiple (node:net:1139:18)
    at afterConnectMultiple (node:net:1712:7)
2026-05-07 00:54:33 [ERROR]: Redis error: {"code":"ECONNREFUSED"}
AggregateError [ECONNREFUSED]: 
    at internalConnectMultiple (node:net:1139:18)
    at afterConnectMultiple (node:net:1712:7)
2026-05-07 00:54:34 [ERROR]: Redis error: {"code":"ECONNREFUSED"}
AggregateError [ECONNREFUSED]: 
    at internalConnectMultiple (node:net:1139:18)
    at afterConnectMultiple (node:net:1712:7)
2026-05-07 00:54:34 [ERROR]: Redis error: {"code":"ECONNREFUSED"}
AggregateError [ECONNREFUSED]: 
    at internalConnectMultiple (node:net:1139:18)
    at afterConnectMultiple (node:net:1712:7)
2026-05-07 00:54:35 [ERROR]: Redis error: {"code":"ECONNREFUSED"}
AggregateError [ECONNREFUSED]: 
    at internalConnectMultiple (node:net:1139:18)
    at afterConnectMultiple (node:net:1712:7)
2026-05-07 00:54:35 [ERROR]: Redis error: {"code":"ECONNREFUSED"}
AggregateError [ECONNREFUSED]: 
    at internalConnectMultiple (node:net:1139:18)
    at afterConnectMultiple (node:net:1712:7)
2026-05-07 00:54:36 [ERROR]: Redis error: {"code":"ECONNREFUSED"}
AggregateError [ECONNREFUSED]: 
    at internalConnectMultiple (node:net:1139:18)
    at afterConnectMultiple (node:net:1712:7)
2026-05-07 00:54:36 [ERROR]: Redis error: {"code":"ECONNREFUSED"}
AggregateError [ECONNREFUSED]: 
    at internalConnectMultiple (node:net:1139:18)
    at afterConnectMultiple (node:net:1712:7)
2026-05-07 00:54:37 [ERROR]: Redis error: {"code":"ECONNREFUSED"}
AggregateError [ECONNREFUSED]: 
    at internalConnectMultiple (node:net:1139:18)
    at afterConnectMultiple (node:net:1712:7)
2026-05-07 00:54:37 [ERROR]: Redis error: {"code":"ECONNREFUSED"}
AggregateError [ECONNREFUSED]: 
    at internalConnectMultiple (node:net:1139:18)
    at afterConnectMultiple (node:net:1712:7)
2026-05-07 00:54:38 [ERROR]: Redis error: {"code":"ECONNREFUSED"}
AggregateError [ECONNREFUSED]: 
    at internalConnectMultiple (node:net:1139:18)
    at afterConnectMultiple (node:net:1712:7)
2026-05-07 00:54:38 [ERROR]: Redis error: {"code":"ECONNREFUSED"}
AggregateError [ECONNREFUSED]: 
    at internalConnectMultiple (node:net:1139:18)
    at afterConnectMultiple (node:net:1712:7)
2026-05-07 00:54:39 [ERROR]: Redis error: {"code":"ECONNREFUSED"}
AggregateError [ECONNREFUSED]: 
    at internalConnectMultiple (node:net:1139:18)
    at afterConnectMultiple (node:net:1712:7)
2026-05-07 00:54:39 [ERROR]: Redis error: {"code":"ECONNREFUSED"}
AggregateError [ECONNREFUSED]: 
    at internalConnectMultiple (node:net:1139:18)
    at afterConnectMultiple (node:net:1712:7)
2026-05-07 00:54:40 [ERROR]: Redis error: {"code":"ECONNREFUSED"}
AggregateError [ECONNREFUSED]: 
    at internalConnectMultiple (node:net:1139:18)
    at afterConnectMultiple (node:net:1712:7)
2026-05-07 00:54:40 [ERROR]: Redis error: {"code":"ECONNREFUSED"}
AggregateError [ECONNREFUSED]: 
    at internalConnectMultiple (node:net:1139:18)
    at afterConnectMultiple (node:net:1712:7)
2026-05-07 00:54:41 [ERROR]: Redis error: {"code":"ECONNREFUSED"}
AggregateError [ECONNREFUSED]: 
    at internalConnectMultiple (node:net:1139:18)
    at afterConnectMultiple (node:net:1712:7)
2026-05-07 00:54:41 [ERROR]: Redis error: {"code":"ECONNREFUSED"}
AggregateError [ECONNREFUSED]: 
    at internalConnectMultiple (node:net:1139:18)
    at afterConnectMultiple (node:net:1712:7)
2026-05-07 00:54:42 [ERROR]: Redis error: {"code":"ECONNREFUSED"}
AggregateError [ECONNREFUSED]: 
    at internalConnectMultiple (node:net:1139:18)
    at afterConnectMultiple (node:net:1712:7)
2026-05-07 00:54:42 [ERROR]: Redis error: {"code":"ECONNREFUSED"}
AggregateError [ECONNREFUSED]: 
    at internalConnectMultiple (node:net:1139:18)
    at afterConnectMultiple (node:net:1712:7)
2026-05-07 00:54:43 [ERROR]: Redis error: {"code":"ECONNREFUSED"}
AggregateError [ECONNREFUSED]: 
    at internalConnectMultiple (node:net:1139:18)
    at afterConnectMultiple (node:net:1712:7)
2026-05-07 00:54:43 [ERROR]: Redis error: {"code":"ECONNREFUSED"}
AggregateError [ECONNREFUSED]: 
    at internalConnectMultiple (node:net:1139:18)
    at afterConnectMultiple (node:net:1712:7)
2026-05-07 00:54:44 [ERROR]: Redis error: {"code":"ECONNREFUSED"}
AggregateError [ECONNREFUSED]: 
    at internalConnectMultiple (node:net:1139:18)
    at afterConnectMultiple (node:net:1712:7)
2026-05-07 00:54:44 [ERROR]: Redis error: {"code":"ECONNREFUSED"}
AggregateError [ECONNREFUSED]: 
    at internalConnectMultiple (node:net:1139:18)
    at afterConnectMultiple (node:net:1712:7)
2026-05-07 00:54:45 [ERROR]: Redis error: {"code":"ECONNREFUSED"}
AggregateError [ECONNREFUSED]: 
    at internalConnectMultiple (node:net:1139:18)
    at afterConnectMultiple (node:net:1712:7)
2026-05-07 00:54:45 [ERROR]: Redis error: {"code":"ECONNREFUSED"}
AggregateError [ECONNREFUSED]: 
    at internalConnectMultiple (node:net:1139:18)
    at afterConnectMultiple (node:net:1712:7)
2026-05-07 00:54:46 [ERROR]: Redis error: {"code":"ECONNREFUSED"}
AggregateError [ECONNREFUSED]: 
    at internalConnectMultiple (node:net:1139:18)
    at afterConnectMultiple (node:net:1712:7)
2026-05-07 00:54:47 [ERROR]: Redis error: {"code":"ECONNREFUSED"}
AggregateError [ECONNREFUSED]: 
    at internalConnectMultiple (node:net:1139:18)
    at afterConnectMultiple (node:net:1712:7)
2026-05-07 00:54:47 [ERROR]: Redis error: {"code":"ECONNREFUSED"}
AggregateError [ECONNREFUSED]: 
    at internalConnectMultiple (node:net:1139:18)
    at afterConnectMultiple (node:net:1712:7)
2026-05-07 00:54:48 [ERROR]: Redis error: {"code":"ECONNREFUSED"}
AggregateError [ECONNREFUSED]: 
    at internalConnectMultiple (node:net:1139:18)
    at afterConnectMultiple (node:net:1712:7)
2026-05-07 00:54:48 [ERROR]: Redis error: {"code":"ECONNREFUSED"}
AggregateError [ECONNREFUSED]: 
    at internalConnectMultiple (node:net:1139:18)
    at afterConnectMultiple (node:net:1712:7)
2026-05-07 00:54:49 [ERROR]: Redis error: {"code":"ECONNREFUSED"}
AggregateError [ECONNREFUSED]: 
    at internalConnectMultiple (node:net:1139:18)
    at afterConnectMultiple (node:net:1712:7)
2026-05-07 00:54:49 [ERROR]: Redis error: {"code":"ECONNREFUSED"}
AggregateError [ECONNREFUSED]: 
    at internalConnectMultiple (node:net:1139:18)
    at afterConnectMultiple (node:net:1712:7)
2026-05-07 00:54:50 [ERROR]: Redis error: {"code":"ECONNREFUSED"}
AggregateError [ECONNREFUSED]: 
    at internalConnectMultiple (node:net:1139:18)
    at afterConnectMultiple (node:net:1712:7)
2026-05-07 00:54:50 [ERROR]: Redis error: {"code":"ECONNREFUSED"}
AggregateError [ECONNREFUSED]: 
    at internalConnectMultiple (node:net:1139:18)
    at afterConnectMultiple (node:net:1712:7)
2026-05-07 00:54:51 [ERROR]: Redis error: {"code":"ECONNREFUSED"}
AggregateError [ECONNREFUSED]: 
    at internalConnectMultiple (node:net:1139:18)
    at afterConnectMultiple (node:net:1712:7)
2026-05-07 00:54:51 [ERROR]: Redis error: {"code":"ECONNREFUSED"}
AggregateError [ECONNREFUSED]: 
    at internalConnectMultiple (node:net:1139:18)
    at afterConnectMultiple (node:net:1712:7)
2026-05-07 00:54:52 [ERROR]: Redis error: {"code":"ECONNREFUSED"}
AggregateError [ECONNREFUSED]: 
    at internalConnectMultiple (node:net:1139:18)
    at afterConnectMultiple (node:net:1712:7)
2026-05-07 00:54:52 [ERROR]: Redis error: {"code":"ECONNREFUSED"}
AggregateError [ECONNREFUSED]: 
    at internalConnectMultiple (node:net:1139:18)
    at afterConnectMultiple (node:net:1712:7)
2026-05-07 00:54:53 [ERROR]: Redis error: {"code":"ECONNREFUSED"}
AggregateError [ECONNREFUSED]: 
    at internalConnectMultiple (node:net:1139:18)
    at afterConnectMultiple (node:net:1712:7)
2026-05-07 00:54:53 [ERROR]: Redis error: {"code":"ECONNREFUSED"}
AggregateError [ECONNREFUSED]: 
    at internalConnectMultiple (node:net:1139:18)
    at afterConnectMultiple (node:net:1712:7)
2026-05-07 00:54:54 [ERROR]: Redis error: {"code":"ECONNREFUSED"}
AggregateError [ECONNREFUSED]: 
    at internalConnectMultiple (node:net:1139:18)
    at afterConnectMultiple (node:net:1712:7)
2026-05-07 00:54:54 [ERROR]: Redis error: {"code":"ECONNREFUSED"}
AggregateError [ECONNREFUSED]: 
    at internalConnectMultiple (node:net:1139:18)
    at afterConnectMultiple (node:net:1712:7)
2026-05-07 00:54:55 [ERROR]: Redis error: {"code":"ECONNREFUSED"}
AggregateError [ECONNREFUSED]: 
    at internalConnectMultiple (node:net:1139:18)
    at afterConnectMultiple (node:net:1712:7)
2026-05-07 00:54:55 [ERROR]: Redis error: {"code":"ECONNREFUSED"}
AggregateError [ECONNREFUSED]: 
    at internalConnectMultiple (node:net:1139:18)
    at afterConnectMultiple (node:net:1712:7)
2026-05-07 00:54:56 [ERROR]: Redis error: {"code":"ECONNREFUSED"}
AggregateError [ECONNREFUSED]: 
    at internalConnectMultiple (node:net:1139:18)
    at afterConnectMultiple (node:net:1712:7)
2026-05-07 00:54:56 [ERROR]: Redis error: {"code":"ECONNREFUSED"}
AggregateError [ECONNREFUSED]: 
    at internalConnectMultiple (node:net:1139:18)
    at afterConnectMultiple (node:net:1712:7)
2026-05-07 00:54:57 [ERROR]: Redis error: {"code":"ECONNREFUSED"}
AggregateError [ECONNREFUSED]: 
    at internalConnectMultiple (node:net:1139:18)
    at afterConnectMultiple (node:net:1712:7)
2026-05-07 00:54:57 [ERROR]: Redis error: {"code":"ECONNREFUSED"}
AggregateError [ECONNREFUSED]: 
    at internalConnectMultiple (node:net:1139:18)
    at afterConnectMultiple (node:net:1712:7)
2026-05-07 00:54:58 [ERROR]: Redis error: {"code":"ECONNREFUSED"}
AggregateError [ECONNREFUSED]: 
    at internalConnectMultiple (node:net:1139:18)
    at afterConnectMultiple (node:net:1712:7)
2026-05-07 00:54:58 [ERROR]: Redis error: {"code":"ECONNREFUSED"}
AggregateError [ECONNREFUSED]: 
    at internalConnectMultiple (node:net:1139:18)
    at afterConnectMultiple (node:net:1712:7)
2026-05-07 00:54:59 [ERROR]: Redis error: {"code":"ECONNREFUSED"}
AggregateError [ECONNREFUSED]: 
    at internalConnectMultiple (node:net:1139:18)
    at afterConnectMultiple (node:net:1712:7)
2026-05-07 00:54:59 [ERROR]: Redis error: {"code":"ECONNREFUSED"}
AggregateError [ECONNREFUSED]: 
    at internalConnectMultiple (node:net:1139:18)
    at afterConnectMultiple (node:net:1712:7)
2026-05-07 00:55:00 [ERROR]: Redis error: {"code":"ECONNREFUSED"}
AggregateError [ECONNREFUSED]: 
    at internalConnectMultiple (node:net:1139:18)
    at afterConnectMultiple (node:net:1712:7)
2026-05-07 00:55:00 [ERROR]: Redis error: {"code":"ECONNREFUSED"}
AggregateError [ECONNREFUSED]: 
    at internalConnectMultiple (node:net:1139:18)
    at afterConnectMultiple (node:net:1712:7)
2026-05-07 00:55:01 [ERROR]: Redis error: {"code":"ECONNREFUSED"}
AggregateError [ECONNREFUSED]: 
    at internalConnectMultiple (node:net:1139:18)
    at afterConnectMultiple (node:net:1712:7)
2026-05-07 00:55:01 [ERROR]: Redis error: {"code":"ECONNREFUSED"}
AggregateError [ECONNREFUSED]: 
    at internalConnectMultiple (node:net:1139:18)
    at afterConnectMultiple (node:net:1712:7)
2026-05-07 00:55:02 [ERROR]: Redis error: {"code":"ECONNREFUSED"}
AggregateError [ECONNREFUSED]: 
    at internalConnectMultiple (node:net:1139:18)
    at afterConnectMultiple (node:net:1712:7)
2026-05-07 00:55:02 [ERROR]: Redis error: {"code":"ECONNREFUSED"}
AggregateError [ECONNREFUSED]: 
    at internalConnectMultiple (node:net:1139:18)
    at afterConnectMultiple (node:net:1712:7)
2026-05-07 00:55:03 [ERROR]: Redis error: {"code":"ECONNREFUSED"}
AggregateError [ECONNREFUSED]: 
    at internalConnectMultiple (node:net:1139:18)
    at afterConnectMultiple (node:net:1712:7)
2026-05-07 00:55:03 [ERROR]: Redis error: {"code":"ECONNREFUSED"}
AggregateError [ECONNREFUSED]: 
    at internalConnectMultiple (node:net:1139:18)
    at afterConnectMultiple (node:net:1712:7)
2026-05-07 00:55:04 [ERROR]: Redis error: {"code":"ECONNREFUSED"}
AggregateError [ECONNREFUSED]: 
    at internalConnectMultiple (node:net:1139:18)
    at afterConnectMultiple (node:net:1712:7)
2026-05-07 00:55:04 [ERROR]: Redis error: {"code":"ECONNREFUSED"}
AggregateError [ECONNREFUSED]: 
    at internalConnectMultiple (node:net:1139:18)
    at afterConnectMultiple (node:net:1712:7)
2026-05-07 00:55:05 [ERROR]: Redis error: {"code":"ECONNREFUSED"}
AggregateError [ECONNREFUSED]: 
    at internalConnectMultiple (node:net:1139:18)
    at afterConnectMultiple (node:net:1712:7)
2026-05-07 00:55:06 [ERROR]: Redis error: {"code":"ECONNREFUSED"}
AggregateError [ECONNREFUSED]: 
    at internalConnectMultiple (node:net:1139:18)
    at afterConnectMultiple (node:net:1712:7)
2026-05-07 00:55:06 [ERROR]: Redis error: {"code":"ECONNREFUSED"}
AggregateError [ECONNREFUSED]: 
    at internalConnectMultiple (node:net:1139:18)
    at afterConnectMultiple (node:net:1712:7)
2026-05-07 00:55:07 [ERROR]: Redis error: {"code":"ECONNREFUSED"}
AggregateError [ECONNREFUSED]: 
    at internalConnectMultiple (node:net:1139:18)
    at afterConnectMultiple (node:net:1712:7)
2026-05-07 00:55:07 [ERROR]: Redis error: {"code":"ECONNREFUSED"}
AggregateError [ECONNREFUSED]: 
    at internalConnectMultiple (node:net:1139:18)
    at afterConnectMultiple (node:net:1712:7)
2026-05-07 00:55:08 [ERROR]: Redis error: {"code":"ECONNREFUSED"}
AggregateError [ECONNREFUSED]: 
    at internalConnectMultiple (node:net:1139:18)
    at afterConnectMultiple (node:net:1712:7)
2026-05-07 00:55:08 [ERROR]: Redis error: {"code":"ECONNREFUSED"}
AggregateError [ECONNREFUSED]: 
    at internalConnectMultiple (node:net:1139:18)
    at afterConnectMultiple (node:net:1712:7)
2026-05-07 00:55:09 [ERROR]: Redis error: {"code":"ECONNREFUSED"}
AggregateError [ECONNREFUSED]: 
    at internalConnectMultiple (node:net:1139:18)
    at afterConnectMultiple (node:net:1712:7)
2026-05-07 00:55:09 [ERROR]: Redis error: {"code":"ECONNREFUSED"}
AggregateError [ECONNREFUSED]: 
    at internalConnectMultiple (node:net:1139:18)
    at afterConnectMultiple (node:net:1712:7)
2026-05-07 00:55:10 [ERROR]: Redis error: {"code":"ECONNREFUSED"}
AggregateError [ECONNREFUSED]: 
    at internalConnectMultiple (node:net:1139:18)
    at afterConnectMultiple (node:net:1712:7)
2026-05-07 00:55:10 [ERROR]: Redis error: {"code":"ECONNREFUSED"}
AggregateError [ECONNREFUSED]: 
    at internalConnectMultiple (node:net:1139:18)
    at afterConnectMultiple (node:net:1712:7)
2026-05-07 00:55:11 [ERROR]: Redis error: {"code":"ECONNREFUSED"}
AggregateError [ECONNREFUSED]: 
    at internalConnectMultiple (node:net:1139:18)
    at afterConnectMultiple (node:net:1712:7)
2026-05-07 00:55:11 [ERROR]: Redis error: {"code":"ECONNREFUSED"}
AggregateError [ECONNREFUSED]: 
    at internalConnectMultiple (node:net:1139:18)
    at afterConnectMultiple (node:net:1712:7)
2026-05-07 00:55:12 [ERROR]: Redis error: {"code":"ECONNREFUSED"}
AggregateError [ECONNREFUSED]: 
    at internalConnectMultiple (node:net:1139:18)
    at afterConnectMultiple (node:net:1712:7)
2026-05-07 00:55:12 [ERROR]: Redis error: {"code":"ECONNREFUSED"}
AggregateError [ECONNREFUSED]: 
    at internalConnectMultiple (node:net:1139:18)
    at afterConnectMultiple (node:net:1712:7)
2026-05-07 00:55:13 [ERROR]: Redis error: {"code":"ECONNREFUSED"}
AggregateError [ECONNREFUSED]: 
    at internalConnectMultiple (node:net:1139:18)
    at afterConnectMultiple (node:net:1712:7)
2026-05-07 00:55:13 [ERROR]: Redis error: {"code":"ECONNREFUSED"}
AggregateError [ECONNREFUSED]: 
    at internalConnectMultiple (node:net:1139:18)
    at afterConnectMultiple (node:net:1712:7)
2026-05-07 00:55:14 [ERROR]: Redis error: {"code":"ECONNREFUSED"}
AggregateError [ECONNREFUSED]: 
    at internalConnectMultiple (node:net:1139:18)
    at afterConnectMultiple (node:net:1712:7)
2026-05-07 00:55:14 [ERROR]: Redis error: {"code":"ECONNREFUSED"}
AggregateError [ECONNREFUSED]: 
    at internalConnectMultiple (node:net:1139:18)
    at afterConnectMultiple (node:net:1712:7)
2026-05-07 00:55:15 [ERROR]: Redis error: {"code":"ECONNREFUSED"}
AggregateError [ECONNREFUSED]: 
    at internalConnectMultiple (node:net:1139:18)
    at afterConnectMultiple (node:net:1712:7)
2026-05-07 00:55:15 [ERROR]: Redis error: {"code":"ECONNREFUSED"}
AggregateError [ECONNREFUSED]: 
    at internalConnectMultiple (node:net:1139:18)
    at afterConnectMultiple (node:net:1712:7)
2026-05-07 00:55:16 [ERROR]: Redis error: {"code":"ECONNREFUSED"}
AggregateError [ECONNREFUSED]: 
    at internalConnectMultiple (node:net:1139:18)
    at afterConnectMultiple (node:net:1712:7)
2026-05-07 00:55:16 [ERROR]: Redis error: {"code":"ECONNREFUSED"}
AggregateError [ECONNREFUSED]: 
    at internalConnectMultiple (node:net:1139:18)
    at afterConnectMultiple (node:net:1712:7)
2026-05-07 00:55:17 [ERROR]: Redis error: {"code":"ECONNREFUSED"}
AggregateError [ECONNREFUSED]: 
    at internalConnectMultiple (node:net:1139:18)
    at afterConnectMultiple (node:net:1712:7)
2026-05-07 00:55:17 [ERROR]: Redis error: {"code":"ECONNREFUSED"}
AggregateError [ECONNREFUSED]: 
    at internalConnectMultiple (node:net:1139:18)
    at afterConnectMultiple (node:net:1712:7)
2026-05-07 00:55:18 [ERROR]: Redis error: {"code":"ECONNREFUSED"}
AggregateError [ECONNREFUSED]: 
    at internalConnectMultiple (node:net:1139:18)
    at afterConnectMultiple (node:net:1712:7)
2026-05-07 00:55:18 [ERROR]: Redis error: {"code":"ECONNREFUSED"}
AggregateError [ECONNREFUSED]: 
    at internalConnectMultiple (node:net:1139:18)
    at afterConnectMultiple (node:net:1712:7)
2026-05-07 00:55:19 [ERROR]: Redis error: {"code":"ECONNREFUSED"}
AggregateError [ECONNREFUSED]: 
    at internalConnectMultiple (node:net:1139:18)
    at afterConnectMultiple (node:net:1712:7)
2026-05-07 00:55:19 [ERROR]: Redis error: {"code":"ECONNREFUSED"}
AggregateError [ECONNREFUSED]: 
    at internalConnectMultiple (node:net:1139:18)
    at afterConnectMultiple (node:net:1712:7)
2026-05-07 00:55:20 [ERROR]: Redis error: {"code":"ECONNREFUSED"}
AggregateError [ECONNREFUSED]: 
    at internalConnectMultiple (node:net:1139:18)
    at afterConnectMultiple (node:net:1712:7)
2026-05-07 00:55:20 [ERROR]: Redis error: {"code":"ECONNREFUSED"}
AggregateError [ECONNREFUSED]: 
    at internalConnectMultiple (node:net:1139:18)
    at afterConnectMultiple (node:net:1712:7)
2026-05-07 00:55:21 [ERROR]: Redis error: {"code":"ECONNREFUSED"}
AggregateError [ECONNREFUSED]: 
    at internalConnectMultiple (node:net:1139:18)
    at afterConnectMultiple (node:net:1712:7)
2026-05-07 00:55:21 [ERROR]: Redis error: {"code":"ECONNREFUSED"}
AggregateError [ECONNREFUSED]: 
    at internalConnectMultiple (node:net:1139:18)
    at afterConnectMultiple (node:net:1712:7)
2026-05-07 00:55:22 [ERROR]: Redis error: {"code":"ECONNREFUSED"}
AggregateError [ECONNREFUSED]: 
    at internalConnectMultiple (node:net:1139:18)
    at afterConnectMultiple (node:net:1712:7)
2026-05-07 00:55:23 [ERROR]: Redis error: {"code":"ECONNREFUSED"}
AggregateError [ECONNREFUSED]: 
    at internalConnectMultiple (node:net:1139:18)
    at afterConnectMultiple (node:net:1712:7)
2026-05-07 00:55:23 [ERROR]: Redis error: {"code":"ECONNREFUSED"}
AggregateError [ECONNREFUSED]: 
    at internalConnectMultiple (node:net:1139:18)
    at afterConnectMultiple (node:net:1712:7)
2026-05-07 00:55:24 [ERROR]: Redis error: {"code":"ECONNREFUSED"}
AggregateError [ECONNREFUSED]: 
    at internalConnectMultiple (node:net:1139:18)
    at afterConnectMultiple (node:net:1712:7)
2026-05-07 00:55:24 [ERROR]: Redis error: {"code":"ECONNREFUSED"}
AggregateError [ECONNREFUSED]: 
    at internalConnectMultiple (node:net:1139:18)
    at afterConnectMultiple (node:net:1712:7)
2026-05-07 00:55:25 [ERROR]: Redis error: {"code":"ECONNREFUSED"}
AggregateError [ECONNREFUSED]: 
    at internalConnectMultiple (node:net:1139:18)
    at afterConnectMultiple (node:net:1712:7)
2026-05-07 00:55:25 [ERROR]: Redis error: {"code":"ECONNREFUSED"}
AggregateError [ECONNREFUSED]: 
    at internalConnectMultiple (node:net:1139:18)
    at afterConnectMultiple (node:net:1712:7)
2026-05-07 00:55:26 [ERROR]: Redis error: {"code":"ECONNREFUSED"}
AggregateError [ECONNREFUSED]: 
    at internalConnectMultiple (node:net:1139:18)
    at afterConnectMultiple (node:net:1712:7)
2026-05-07 00:55:26 [ERROR]: Redis error: {"code":"ECONNREFUSED"}
AggregateError [ECONNREFUSED]: 
    at internalConnectMultiple (node:net:1139:18)
    at afterConnectMultiple (node:net:1712:7)
2026-05-07 00:55:27 [ERROR]: Redis error: {"code":"ECONNREFUSED"}
AggregateError [ECONNREFUSED]: 
    at internalConnectMultiple (node:net:1139:18)
    at afterConnectMultiple (node:net:1712:7)
2026-05-07 00:55:27 [ERROR]: Redis error: {"code":"ECONNREFUSED"}
AggregateError [ECONNREFUSED]: 
    at internalConnectMultiple (node:net:1139:18)
    at afterConnectMultiple (node:net:1712:7)
2026-05-07 00:55:28 [ERROR]: Redis error: {"code":"ECONNREFUSED"}
AggregateError [ECONNREFUSED]: 
    at internalConnectMultiple (node:net:1139:18)
    at afterConnectMultiple (node:net:1712:7)
2026-05-07 00:55:28 [ERROR]: Redis error: {"code":"ECONNREFUSED"}
AggregateError [ECONNREFUSED]: 
    at internalConnectMultiple (node:net:1139:18)
    at afterConnectMultiple (node:net:1712:7)
2026-05-07 00:55:29 [ERROR]: Redis error: {"code":"ECONNREFUSED"}
AggregateError [ECONNREFUSED]: 
    at internalConnectMultiple (node:net:1139:18)
    at afterConnectMultiple (node:net:1712:7)
2026-05-07 00:55:29 [ERROR]: Redis error: {"code":"ECONNREFUSED"}
AggregateError [ECONNREFUSED]: 
    at internalConnectMultiple (node:net:1139:18)
    at afterConnectMultiple (node:net:1712:7)
2026-05-07 00:55:30 [ERROR]: Redis error: {"code":"ECONNREFUSED"}
AggregateError [ECONNREFUSED]: 
    at internalConnectMultiple (node:net:1139:18)
    at afterConnectMultiple (node:net:1712:7)
2026-05-07 00:55:30 [ERROR]: Redis error: {"code":"ECONNREFUSED"}
AggregateError [ECONNREFUSED]: 
    at internalConnectMultiple (node:net:1139:18)
    at afterConnectMultiple (node:net:1712:7)
2026-05-07 00:55:31 [ERROR]: Redis error: {"code":"ECONNREFUSED"}
AggregateError [ECONNREFUSED]: 
    at internalConnectMultiple (node:net:1139:18)
    at afterConnectMultiple (node:net:1712:7)
2026-05-07 00:55:31 [ERROR]: Redis error: {"code":"ECONNREFUSED"}
AggregateError [ECONNREFUSED]: 
    at internalConnectMultiple (node:net:1139:18)
    at afterConnectMultiple (node:net:1712:7)
2026-05-07 00:55:32 [ERROR]: Redis error: {"code":"ECONNREFUSED"}
AggregateError [ECONNREFUSED]: 
    at internalConnectMultiple (node:net:1139:18)
    at afterConnectMultiple (node:net:1712:7)
2026-05-07 00:55:32 [ERROR]: Redis error: {"code":"ECONNREFUSED"}
AggregateError [ECONNREFUSED]: 
    at internalConnectMultiple (node:net:1139:18)
    at afterConnectMultiple (node:net:1712:7)
2026-05-07 00:55:33 [ERROR]: Redis error: {"code":"ECONNREFUSED"}
AggregateError [ECONNREFUSED]: 
    at internalConnectMultiple (node:net:1139:18)
    at afterConnectMultiple (node:net:1712:7)
2026-05-07 00:55:33 [ERROR]: Redis error: {"code":"ECONNREFUSED"}
AggregateError [ECONNREFUSED]: 
    at internalConnectMultiple (node:net:1139:18)
    at afterConnectMultiple (node:net:1712:7)
2026-05-07 00:55:34 [ERROR]: Redis error: {"code":"ECONNREFUSED"}
AggregateError [ECONNREFUSED]: 
    at internalConnectMultiple (node:net:1139:18)
    at afterConnectMultiple (node:net:1712:7)
2026-05-07 00:55:34 [ERROR]: Redis error: {"code":"ECONNREFUSED"}
AggregateError [ECONNREFUSED]: 
    at internalConnectMultiple (node:net:1139:18)
    at afterConnectMultiple (node:net:1712:7)
2026-05-07 00:55:35 [ERROR]: Redis error: {"code":"ECONNREFUSED"}
AggregateError [ECONNREFUSED]: 
    at internalConnectMultiple (node:net:1139:18)
    at afterConnectMultiple (node:net:1712:7)
2026-05-07 00:55:35 [ERROR]: Redis error: {"code":"ECONNREFUSED"}
AggregateError [ECONNREFUSED]: 
    at internalConnectMultiple (node:net:1139:18)
    at afterConnectMultiple (node:net:1712:7)
2026-05-07 00:55:36 [ERROR]: Redis error: {"code":"ECONNREFUSED"}
AggregateError [ECONNREFUSED]: 
    at internalConnectMultiple (node:net:1139:18)
    at afterConnectMultiple (node:net:1712:7)
2026-05-07 00:55:36 [ERROR]: Redis error: {"code":"ECONNREFUSED"}
AggregateError [ECONNREFUSED]: 
    at internalConnectMultiple (node:net:1139:18)
    at afterConnectMultiple (node:net:1712:7)
2026-05-07 00:55:37 [ERROR]: Redis error: {"code":"ECONNREFUSED"}
AggregateError [ECONNREFUSED]: 
    at internalConnectMultiple (node:net:1139:18)
    at afterConnectMultiple (node:net:1712:7)
2026-05-07 00:55:37 [ERROR]: Redis error: {"code":"ECONNREFUSED"}
AggregateError [ECONNREFUSED]: 
    at internalConnectMultiple (node:net:1139:18)
    at afterConnectMultiple (node:net:1712:7)
2026-05-07 00:55:38 [ERROR]: Redis error: {"code":"ECONNREFUSED"}
AggregateError [ECONNREFUSED]: 
    at internalConnectMultiple (node:net:1139:18)
    at afterConnectMultiple (node:net:1712:7)
2026-05-07 00:55:38 [ERROR]: Redis error: {"code":"ECONNREFUSED"}
AggregateError [ECONNREFUSED]: 
    at internalConnectMultiple (node:net:1139:18)
    at afterConnectMultiple (node:net:1712:7)
2026-05-07 00:55:39 [ERROR]: Redis error: {"code":"ECONNREFUSED"}
AggregateError [ECONNREFUSED]: 
    at internalConnectMultiple (node:net:1139:18)
    at afterConnectMultiple (node:net:1712:7)
2026-05-07 00:55:39 [ERROR]: Redis error: {"code":"ECONNREFUSED"}
AggregateError [ECONNREFUSED]: 
    at internalConnectMultiple (node:net:1139:18)
    at afterConnectMultiple (node:net:1712:7)
2026-05-07 00:55:40 [ERROR]: Redis error: {"code":"ECONNREFUSED"}
AggregateError [ECONNREFUSED]: 
    at internalConnectMultiple (node:net:1139:18)
    at afterConnectMultiple (node:net:1712:7)
2026-05-07 00:55:40 [ERROR]: Redis error: {"code":"ECONNREFUSED"}
AggregateError [ECONNREFUSED]: 
    at internalConnectMultiple (node:net:1139:18)
    at afterConnectMultiple (node:net:1712:7)
2026-05-07 00:55:41 [ERROR]: Redis error: {"code":"ECONNREFUSED"}
AggregateError [ECONNREFUSED]: 
    at internalConnectMultiple (node:net:1139:18)
    at afterConnectMultiple (node:net:1712:7)
2026-05-07 00:55:42 [ERROR]: Redis error: {"code":"ECONNREFUSED"}
AggregateError [ECONNREFUSED]: 
    at internalConnectMultiple (node:net:1139:18)
    at afterConnectMultiple (node:net:1712:7)
2026-05-07 00:55:42 [ERROR]: Redis error: {"code":"ECONNREFUSED"}
AggregateError [ECONNREFUSED]: 
    at internalConnectMultiple (node:net:1139:18)
    at afterConnectMultiple (node:net:1712:7)
2026-05-07 00:55:43 [ERROR]: Redis error: {"code":"ECONNREFUSED"}
AggregateError [ECONNREFUSED]: 
    at internalConnectMultiple (node:net:1139:18)
    at afterConnectMultiple (node:net:1712:7)
2026-05-07 00:55:43 [ERROR]: Redis error: {"code":"ECONNREFUSED"}
AggregateError [ECONNREFUSED]: 
    at internalConnectMultiple (node:net:1139:18)
    at afterConnectMultiple (node:net:1712:7)
2026-05-07 00:55:44 [ERROR]: Redis error: {"code":"ECONNREFUSED"}
AggregateError [ECONNREFUSED]: 
    at internalConnectMultiple (node:net:1139:18)
    at afterConnectMultiple (node:net:1712:7)
2026-05-07 00:55:44 [ERROR]: Redis error: {"code":"ECONNREFUSED"}
AggregateError [ECONNREFUSED]: 
    at internalConnectMultiple (node:net:1139:18)
    at afterConnectMultiple (node:net:1712:7)
2026-05-07 00:55:45 [ERROR]: Redis error: {"code":"ECONNREFUSED"}
AggregateError [ECONNREFUSED]: 
    at internalConnectMultiple (node:net:1139:18)
    at afterConnectMultiple (node:net:1712:7)
2026-05-07 00:55:45 [ERROR]: Redis error: {"code":"ECONNREFUSED"}
AggregateError [ECONNREFUSED]: 
    at internalConnectMultiple (node:net:1139:18)
    at afterConnectMultiple (node:net:1712:7)
2026-05-07 00:55:46 [ERROR]: Redis error: {"code":"ECONNREFUSED"}
AggregateError [ECONNREFUSED]: 
    at internalConnectMultiple (node:net:1139:18)
    at afterConnectMultiple (node:net:1712:7)
2026-05-07 00:55:46 [ERROR]: Redis error: {"code":"ECONNREFUSED"}
AggregateError [ECONNREFUSED]: 
    at internalConnectMultiple (node:net:1139:18)
    at afterConnectMultiple (node:net:1712:7)
2026-05-07 00:55:47 [ERROR]: Redis error: {"code":"ECONNREFUSED"}
AggregateError [ECONNREFUSED]: 
    at internalConnectMultiple (node:net:1139:18)
    at afterConnectMultiple (node:net:1712:7)
2026-05-07 00:55:47 [ERROR]: Redis error: {"code":"ECONNREFUSED"}
AggregateError [ECONNREFUSED]: 
    at internalConnectMultiple (node:net:1139:18)
    at afterConnectMultiple (node:net:1712:7)
2026-05-07 00:55:48 [ERROR]: Redis error: {"code":"ECONNREFUSED"}
AggregateError [ECONNREFUSED]: 
    at internalConnectMultiple (node:net:1139:18)
    at afterConnectMultiple (node:net:1712:7)
2026-05-07 00:55:48 [ERROR]: Redis error: {"code":"ECONNREFUSED"}
AggregateError [ECONNREFUSED]: 
    at internalConnectMultiple (node:net:1139:18)
    at afterConnectMultiple (node:net:1712:7)
2026-05-07 00:55:49 [ERROR]: Redis error: {"code":"ECONNREFUSED"}
AggregateError [ECONNREFUSED]: 
    at internalConnectMultiple (node:net:1139:18)
    at afterConnectMultiple (node:net:1712:7)
2026-05-07 00:55:49 [ERROR]: Redis error: {"code":"ECONNREFUSED"}
AggregateError [ECONNREFUSED]: 
    at internalConnectMultiple (node:net:1139:18)
    at afterConnectMultiple (node:net:1712:7)
2026-05-07 00:55:50 [ERROR]: Redis error: {"code":"ECONNREFUSED"}
AggregateError [ECONNREFUSED]: 
    at internalConnectMultiple (node:net:1139:18)
    at afterConnectMultiple (node:net:1712:7)
2026-05-07 00:55:50 [ERROR]: Redis error: {"code":"ECONNREFUSED"}
AggregateError [ECONNREFUSED]: 
    at internalConnectMultiple (node:net:1139:18)
    at afterConnectMultiple (node:net:1712:7)
2026-05-07 00:55:51 [ERROR]: Redis error: {"code":"ECONNREFUSED"}
AggregateError [ECONNREFUSED]: 
    at internalConnectMultiple (node:net:1139:18)
    at afterConnectMultiple (node:net:1712:7)
2026-05-07 00:55:51 [ERROR]: Redis error: {"code":"ECONNREFUSED"}
AggregateError [ECONNREFUSED]: 
    at internalConnectMultiple (node:net:1139:18)
    at afterConnectMultiple (node:net:1712:7)
2026-05-07 00:55:52 [ERROR]: Redis error: {"code":"ECONNREFUSED"}
AggregateError [ECONNREFUSED]: 
    at internalConnectMultiple (node:net:1139:18)
    at afterConnectMultiple (node:net:1712:7)
2026-05-07 00:55:52 [ERROR]: Redis error: {"code":"ECONNREFUSED"}
AggregateError [ECONNREFUSED]: 
    at internalConnectMultiple (node:net:1139:18)
    at afterConnectMultiple (node:net:1712:7)
2026-05-07 00:55:53 [ERROR]: Redis error: {"code":"ECONNREFUSED"}
AggregateError [ECONNREFUSED]: 
    at internalConnectMultiple (node:net:1139:18)
    at afterConnectMultiple (node:net:1712:7)
2026-05-07 00:55:53 [ERROR]: Redis error: {"code":"ECONNREFUSED"}
AggregateError [ECONNREFUSED]: 
    at internalConnectMultiple (node:net:1139:18)
    at afterConnectMultiple (node:net:1712:7)
2026-05-07 00:55:54 [ERROR]: Redis error: {"code":"ECONNREFUSED"}
AggregateError [ECONNREFUSED]: 
    at internalConnectMultiple (node:net:1139:18)
    at afterConnectMultiple (node:net:1712:7)
2026-05-07 00:55:54 [ERROR]: Redis error: {"code":"ECONNREFUSED"}
AggregateError [ECONNREFUSED]: 
    at internalConnectMultiple (node:net:1139:18)
    at afterConnectMultiple (node:net:1712:7)
2026-05-07 00:55:55 [ERROR]: Redis error: {"code":"ECONNREFUSED"}
AggregateError [ECONNREFUSED]: 
    at internalConnectMultiple (node:net:1139:18)
    at afterConnectMultiple (node:net:1712:7)
2026-05-07 00:55:55 [ERROR]: Redis error: {"code":"ECONNREFUSED"}
AggregateError [ECONNREFUSED]: 
    at internalConnectMultiple (node:net:1139:18)
    at afterConnectMultiple (node:net:1712:7)
2026-05-07 00:55:56 [ERROR]: Redis error: {"code":"ECONNREFUSED"}
AggregateError [ECONNREFUSED]: 
    at internalConnectMultiple (node:net:1139:18)
    at afterConnectMultiple (node:net:1712:7)
2026-05-07 00:55:56 [ERROR]: Redis error: {"code":"ECONNREFUSED"}
AggregateError [ECONNREFUSED]: 
    at internalConnectMultiple (node:net:1139:18)
    at afterConnectMultiple (node:net:1712:7)
2026-05-07 00:55:57 [ERROR]: Redis error: {"code":"ECONNREFUSED"}
AggregateError [ECONNREFUSED]: 
    at internalConnectMultiple (node:net:1139:18)
    at afterConnectMultiple (node:net:1712:7)
2026-05-07 00:55:57 [ERROR]: Redis error: {"code":"ECONNREFUSED"}
AggregateError [ECONNREFUSED]: 
    at internalConnectMultiple (node:net:1139:18)
    at afterConnectMultiple (node:net:1712:7)
2026-05-07 00:55:58 [ERROR]: Redis error: {"code":"ECONNREFUSED"}
AggregateError [ECONNREFUSED]: 
    at internalConnectMultiple (node:net:1139:18)
    at afterConnectMultiple (node:net:1712:7)
2026-05-07 00:55:58 [ERROR]: Redis error: {"code":"ECONNREFUSED"}
AggregateError [ECONNREFUSED]: 
    at internalConnectMultiple (node:net:1139:18)
    at afterConnectMultiple (node:net:1712:7)
2026-05-07 00:55:59 [ERROR]: Redis error: {"code":"ECONNREFUSED"}
AggregateError [ECONNREFUSED]: 
    at internalConnectMultiple (node:net:1139:18)
    at afterConnectMultiple (node:net:1712:7)
2026-05-07 00:55:59 [ERROR]: Redis error: {"code":"ECONNREFUSED"}
AggregateError [ECONNREFUSED]: 
    at internalConnectMultiple (node:net:1139:18)
    at afterConnectMultiple (node:net:1712:7)
2026-05-07 00:56:00 [ERROR]: Redis error: {"code":"ECONNREFUSED"}
AggregateError [ECONNREFUSED]: 
    at internalConnectMultiple (node:net:1139:18)
    at afterConnectMultiple (node:net:1712:7)
2026-05-07 00:56:01 [ERROR]: Redis error: {"code":"ECONNREFUSED"}
AggregateError [ECONNREFUSED]: 
    at internalConnectMultiple (node:net:1139:18)
    at afterConnectMultiple (node:net:1712:7)
2026-05-07 00:56:01 [ERROR]: Redis error: {"code":"ECONNREFUSED"}
AggregateError [ECONNREFUSED]: 
    at internalConnectMultiple (node:net:1139:18)
    at afterConnectMultiple (node:net:1712:7)
2026-05-07 00:56:02 [ERROR]: Redis error: {"code":"ECONNREFUSED"}
AggregateError [ECONNREFUSED]: 
    at internalConnectMultiple (node:net:1139:18)
    at afterConnectMultiple (node:net:1712:7)
2026-05-07 00:56:02 [ERROR]: Redis error: {"code":"ECONNREFUSED"}
AggregateError [ECONNREFUSED]: 
    at internalConnectMultiple (node:net:1139:18)
    at afterConnectMultiple (node:net:1712:7)
2026-05-07 00:56:03 [ERROR]: Redis error: {"code":"ECONNREFUSED"}
AggregateError [ECONNREFUSED]: 
    at internalConnectMultiple (node:net:1139:18)
    at afterConnectMultiple (node:net:1712:7)
2026-05-07 00:56:03 [ERROR]: Redis error: {"code":"ECONNREFUSED"}
AggregateError [ECONNREFUSED]: 
    at internalConnectMultiple (node:net:1139:18)
    at afterConnectMultiple (node:net:1712:7)
2026-05-07 00:56:04 [ERROR]: Redis error: {"code":"ECONNREFUSED"}
AggregateError [ECONNREFUSED]: 
    at internalConnectMultiple (node:net:1139:18)
    at afterConnectMultiple (node:net:1712:7)
2026-05-07 00:56:04 [ERROR]: Redis error: {"code":"ECONNREFUSED"}
AggregateError [ECONNREFUSED]: 
    at internalConnectMultiple (node:net:1139:18)
    at afterConnectMultiple (node:net:1712:7)
2026-05-07 00:56:05 [ERROR]: Redis error: {"code":"ECONNREFUSED"}
AggregateError [ECONNREFUSED]: 
    at internalConnectMultiple (node:net:1139:18)
    at afterConnectMultiple (node:net:1712:7)
2026-05-07 00:56:05 [ERROR]: Redis error: {"code":"ECONNREFUSED"}
AggregateError [ECONNREFUSED]: 
    at internalConnectMultiple (node:net:1139:18)
    at afterConnectMultiple (node:net:1712:7)
2026-05-07 00:56:06 [ERROR]: Redis error: {"code":"ECONNREFUSED"}
AggregateError [ECONNREFUSED]: 
    at internalConnectMultiple (node:net:1139:18)
    at afterConnectMultiple (node:net:1712:7)
2026-05-07 00:56:06 [ERROR]: Redis error: {"code":"ECONNREFUSED"}
AggregateError [ECONNREFUSED]: 
    at internalConnectMultiple (node:net:1139:18)
    at afterConnectMultiple (node:net:1712:7)
2026-05-07 00:56:07 [ERROR]: Redis error: {"code":"ECONNREFUSED"}
AggregateError [ECONNREFUSED]: 
    at internalConnectMultiple (node:net:1139:18)
    at afterConnectMultiple (node:net:1712:7)
2026-05-07 00:56:07 [ERROR]: Redis error: {"code":"ECONNREFUSED"}
AggregateError [ECONNREFUSED]: 
    at internalConnectMultiple (node:net:1139:18)
    at afterConnectMultiple (node:net:1712:7)
2026-05-07 00:56:08 [ERROR]: Redis error: {"code":"ECONNREFUSED"}
AggregateError [ECONNREFUSED]: 
    at internalConnectMultiple (node:net:1139:18)
    at afterConnectMultiple (node:net:1712:7)
2026-05-07 00:56:08 [ERROR]: Redis error: {"code":"ECONNREFUSED"}
AggregateError [ECONNREFUSED]: 
    at internalConnectMultiple (node:net:1139:18)
    at afterConnectMultiple (node:net:1712:7)
2026-05-07 00:56:09 [ERROR]: Redis error: {"code":"ECONNREFUSED"}
AggregateError [ECONNREFUSED]: 
    at internalConnectMultiple (node:net:1139:18)
    at afterConnectMultiple (node:net:1712:7)
2026-05-07 00:56:09 [ERROR]: Redis error: {"code":"ECONNREFUSED"}
AggregateError [ECONNREFUSED]: 
    at internalConnectMultiple (node:net:1139:18)
    at afterConnectMultiple (node:net:1712:7)
2026-05-07 00:56:10 [ERROR]: Redis error: {"code":"ECONNREFUSED"}
AggregateError [ECONNREFUSED]: 
    at internalConnectMultiple (node:net:1139:18)
    at afterConnectMultiple (node:net:1712:7)
2026-05-07 00:56:10 [ERROR]: Redis error: {"code":"ECONNREFUSED"}
AggregateError [ECONNREFUSED]: 
    at internalConnectMultiple (node:net:1139:18)
    at afterConnectMultiple (node:net:1712:7)
2026-05-07 00:56:11 [ERROR]: Redis error: {"code":"ECONNREFUSED"}
AggregateError [ECONNREFUSED]: 
    at internalConnectMultiple (node:net:1139:18)
    at afterConnectMultiple (node:net:1712:7)
2026-05-07 00:56:11 [ERROR]: Redis error: {"code":"ECONNREFUSED"}
AggregateError [ECONNREFUSED]: 
    at internalConnectMultiple (node:net:1139:18)
    at afterConnectMultiple (node:net:1712:7)
2026-05-07 00:56:12 [ERROR]: Redis error: {"code":"ECONNREFUSED"}
AggregateError [ECONNREFUSED]: 
    at internalConnectMultiple (node:net:1139:18)
    at afterConnectMultiple (node:net:1712:7)
2026-05-07 00:56:12 [ERROR]: Redis error: {"code":"ECONNREFUSED"}
AggregateError [ECONNREFUSED]: 
    at internalConnectMultiple (node:net:1139:18)
    at afterConnectMultiple (node:net:1712:7)
2026-05-07 00:56:13 [ERROR]: Redis error: {"code":"ECONNREFUSED"}
AggregateError [ECONNREFUSED]: 
    at internalConnectMultiple (node:net:1139:18)
    at afterConnectMultiple (node:net:1712:7)
2026-05-07 00:56:13 [ERROR]: Redis error: {"code":"ECONNREFUSED"}
AggregateError [ECONNREFUSED]: 
    at internalConnectMultiple (node:net:1139:18)
    at afterConnectMultiple (node:net:1712:7)
2026-05-07 00:56:14 [ERROR]: Redis error: {"code":"ECONNREFUSED"}
AggregateError [ECONNREFUSED]: 
    at internalConnectMultiple (node:net:1139:18)
    at afterConnectMultiple (node:net:1712:7)
2026-05-07 00:56:24 [ERROR]: Redis error: Socket closed unexpectedly
Error: Socket closed unexpectedly
    at Socket.<anonymous> (C:\Users\kajal\OneDrive\Desktop\subscription\backend\node_modules\@redis\client\dist\lib\client\socket.js:194:118)
    at Object.onceWrapper (node:events:639:26)
    at Socket.emit (node:events:524:28)
    at TCP.<anonymous> (node:net:351:12)
2026-05-07 00:56:24 [ERROR]: Redis error: Socket closed unexpectedly
Error: Socket closed unexpectedly
    at Socket.<anonymous> (C:\Users\kajal\OneDrive\Desktop\subscription\backend\node_modules\@redis\client\dist\lib\client\socket.js:194:118)
    at Object.onceWrapper (node:events:639:26)
    at Socket.emit (node:events:524:28)
    at TCP.<anonymous> (node:net:351:12)
2026-05-07 00:56:24 [ERROR]: Redis error: Socket closed unexpectedly
Error: Socket closed unexpectedly
    at Socket.<anonymous> (C:\Users\kajal\OneDrive\Desktop\subscription\backend\node_modules\@redis\client\dist\lib\client\socket.js:194:118)
    at Object.onceWrapper (node:events:639:26)
    at Socket.emit (node:events:524:28)
    at TCP.<anonymous> (node:net:351:12)
2026-05-07 00:56:24 [ERROR]: Redis error: Socket closed unexpectedly
Error: Socket closed unexpectedly
    at Socket.<anonymous> (C:\Users\kajal\OneDrive\Desktop\subscription\backend\node_modules\@redis\client\dist\lib\client\socket.js:194:118)
    at Object.onceWrapper (node:events:639:26)
    at Socket.emit (node:events:524:28)
    at TCP.<anonymous> (node:net:351:12)
2026-05-07 00:56:24 [ERROR]: Redis error: Socket closed unexpectedly
Error: Socket closed unexpectedly
    at Socket.<anonymous> (C:\Users\kajal\OneDrive\Desktop\subscription\backend\node_modules\@redis\client\dist\lib\client\socket.js:194:118)
    at Object.onceWrapper (node:events:639:26)
    at Socket.emit (node:events:524:28)
    at TCP.<anonymous> (node:net:351:12)
2026-05-07 00:56:24 [ERROR]: Redis error: Socket closed unexpectedly
Error: Socket closed unexpectedly
    at Socket.<anonymous> (C:\Users\kajal\OneDrive\Desktop\subscription\backend\node_modules\@redis\client\dist\lib\client\socket.js:194:118)
    at Object.onceWrapper (node:events:639:26)
    at Socket.emit (node:events:524:28)
    at TCP.<anonymous> (node:net:351:12)
2026-05-07 00:56:24 [ERROR]: Redis error: Socket closed unexpectedly
Error: Socket closed unexpectedly
    at Socket.<anonymous> (C:\Users\kajal\OneDrive\Desktop\subscription\backend\node_modules\@redis\client\dist\lib\client\socket.js:194:118)
    at Object.onceWrapper (node:events:639:26)
    at Socket.emit (node:events:524:28)
    at TCP.<anonymous> (node:net:351:12)
2026-05-07 00:56:24 [ERROR]: Redis error: Socket closed unexpectedly
Error: Socket closed unexpectedly
    at Socket.<anonymous> (C:\Users\kajal\OneDrive\Desktop\subscription\backend\node_modules\@redis\client\dist\lib\client\socket.js:194:118)
    at Object.onceWrapper (node:events:639:26)
    at Socket.emit (node:events:524:28)
    at TCP.<anonymous> (node:net:351:12)
2026-05-07 00:56:25 [ERROR]: Redis error: Socket closed unexpectedly
Error: Socket closed unexpectedly
    at Socket.<anonymous> (C:\Users\kajal\OneDrive\Desktop\subscription\backend\node_modules\@redis\client\dist\lib\client\socket.js:194:118)
    at Object.onceWrapper (node:events:639:26)
    at Socket.emit (node:events:524:28)
    at TCP.<anonymous> (node:net:351:12)
2026-05-07 00:56:25 [ERROR]: Redis error: Socket closed unexpectedly
Error: Socket closed unexpectedly
    at Socket.<anonymous> (C:\Users\kajal\OneDrive\Desktop\subscription\backend\node_modules\@redis\client\dist\lib\client\socket.js:194:118)
    at Object.onceWrapper (node:events:639:26)
    at Socket.emit (node:events:524:28)
    at TCP.<anonymous> (node:net:351:12)
2026-05-07 00:56:25 [ERROR]: Redis error: Socket closed unexpectedly
Error: Socket closed unexpectedly
    at Socket.<anonymous> (C:\Users\kajal\OneDrive\Desktop\subscription\backend\node_modules\@redis\client\dist\lib\client\socket.js:194:118)
    at Object.onceWrapper (node:events:639:26)
    at Socket.emit (node:events:524:28)
    at TCP.<anonymous> (node:net:351:12)
2026-05-07 00:56:25 [ERROR]: Redis error: Socket closed unexpectedly
Error: Socket closed unexpectedly
    at Socket.<anonymous> (C:\Users\kajal\OneDrive\Desktop\subscription\backend\node_modules\@redis\client\dist\lib\client\socket.js:194:118)
    at Object.onceWrapper (node:events:639:26)
    at Socket.emit (node:events:524:28)
    at TCP.<anonymous> (node:net:351:12)
2026-05-07 00:56:25 [ERROR]: Redis error: Socket closed unexpectedly
Error: Socket closed unexpectedly
    at Socket.<anonymous> (C:\Users\kajal\OneDrive\Desktop\subscription\backend\node_modules\@redis\client\dist\lib\client\socket.js:194:118)
    at Object.onceWrapper (node:events:639:26)
    at Socket.emit (node:events:524:28)
    at TCP.<anonymous> (node:net:351:12)
2026-05-07 00:56:25 [ERROR]: Redis error: Socket closed unexpectedly
Error: Socket closed unexpectedly
    at Socket.<anonymous> (C:\Users\kajal\OneDrive\Desktop\subscription\backend\node_modules\@redis\client\dist\lib\client\socket.js:194:118)
    at Object.onceWrapper (node:events:639:26)
    at Socket.emit (node:events:524:28)
    at TCP.<anonymous> (node:net:351:12)
2026-05-07 00:56:26 [ERROR]: Redis error: Socket closed unexpectedly
Error: Socket closed unexpectedly
    at Socket.<anonymous> (C:\Users\kajal\OneDrive\Desktop\subscription\backend\node_modules\@redis\client\dist\lib\client\socket.js:194:118)
    at Object.onceWrapper (node:events:639:26)
    at Socket.emit (node:events:524:28)
    at TCP.<anonymous> (node:net:351:12)
2026-05-07 00:56:26 [ERROR]: Redis error: Socket closed unexpectedly
Error: Socket closed unexpectedly
    at Socket.<anonymous> (C:\Users\kajal\OneDrive\Desktop\subscription\backend\node_modules\@redis\client\dist\lib\client\socket.js:194:118)
    at Object.onceWrapper (node:events:639:26)
    at Socket.emit (node:events:524:28)
    at TCP.<anonymous> (node:net:351:12)
2026-05-07 00:56:26 [ERROR]: Redis error: Socket closed unexpectedly
Error: Socket closed unexpectedly
    at Socket.<anonymous> (C:\Users\kajal\OneDrive\Desktop\subscription\backend\node_modules\@redis\client\dist\lib\client\socket.js:194:118)
    at Object.onceWrapper (node:events:639:26)
    at Socket.emit (node:events:524:28)
    at TCP.<anonymous> (node:net:351:12)
2026-05-07 00:56:26 [ERROR]: Redis error: Socket closed unexpectedly
Error: Socket closed unexpectedly
    at Socket.<anonymous> (C:\Users\kajal\OneDrive\Desktop\subscription\backend\node_modules\@redis\client\dist\lib\client\socket.js:194:118)
    at Object.onceWrapper (node:events:639:26)
    at Socket.emit (node:events:524:28)
    at TCP.<anonymous> (node:net:351:12)
2026-05-07 00:56:27 [ERROR]: Redis error: Socket closed unexpectedly
Error: Socket closed unexpectedly
    at Socket.<anonymous> (C:\Users\kajal\OneDrive\Desktop\subscription\backend\node_modules\@redis\client\dist\lib\client\socket.js:194:118)
    at Object.onceWrapper (node:events:639:26)
    at Socket.emit (node:events:524:28)
    at TCP.<anonymous> (node:net:351:12)
2026-05-07 00:56:27 [ERROR]: Redis error: Socket closed unexpectedly
Error: Socket closed unexpectedly
    at Socket.<anonymous> (C:\Users\kajal\OneDrive\Desktop\subscription\backend\node_modules\@redis\client\dist\lib\client\socket.js:194:118)
    at Object.onceWrapper (node:events:639:26)
    at Socket.emit (node:events:524:28)
    at TCP.<anonymous> (node:net:351:12)
2026-05-07 00:56:27 [ERROR]: Redis error: Socket closed unexpectedly
Error: Socket closed unexpectedly
    at Socket.<anonymous> (C:\Users\kajal\OneDrive\Desktop\subscription\backend\node_modules\@redis\client\dist\lib\client\socket.js:194:118)
    at Object.onceWrapper (node:events:639:26)
    at Socket.emit (node:events:524:28)
    at TCP.<anonymous> (node:net:351:12)
2026-05-07 00:56:27 [ERROR]: Redis error: Socket closed unexpectedly
Error: Socket closed unexpectedly
    at Socket.<anonymous> (C:\Users\kajal\OneDrive\Desktop\subscription\backend\node_modules\@redis\client\dist\lib\client\socket.js:194:118)
    at Object.onceWrapper (node:events:639:26)
    at Socket.emit (node:events:524:28)
    at TCP.<anonymous> (node:net:351:12)
2026-05-07 00:56:28 [ERROR]: Redis error: Socket closed unexpectedly
Error: Socket closed unexpectedly
    at Socket.<anonymous> (C:\Users\kajal\OneDrive\Desktop\subscription\backend\node_modules\@redis\client\dist\lib\client\socket.js:194:118)
    at Object.onceWrapper (node:events:639:26)
    at Socket.emit (node:events:524:28)
    at TCP.<anonymous> (node:net:351:12)
2026-05-07 00:56:28 [ERROR]: Redis error: Socket closed unexpectedly
Error: Socket closed unexpectedly
    at Socket.<anonymous> (C:\Users\kajal\OneDrive\Desktop\subscription\backend\node_modules\@redis\client\dist\lib\client\socket.js:194:118)
    at Object.onceWrapper (node:events:639:26)
    at Socket.emit (node:events:524:28)
    at TCP.<anonymous> (node:net:351:12)
2026-05-07 00:56:28 [ERROR]: Redis error: Socket closed unexpectedly
Error: Socket closed unexpectedly
    at Socket.<anonymous> (C:\Users\kajal\OneDrive\Desktop\subscription\backend\node_modules\@redis\client\dist\lib\client\socket.js:194:118)
    at Object.onceWrapper (node:events:639:26)
    at Socket.emit (node:events:524:28)
    at TCP.<anonymous> (node:net:351:12)
2026-05-07 00:56:28 [ERROR]: Redis error: Socket closed unexpectedly
Error: Socket closed unexpectedly
    at Socket.<anonymous> (C:\Users\kajal\OneDrive\Desktop\subscription\backend\node_modules\@redis\client\dist\lib\client\socket.js:194:118)
    at Object.onceWrapper (node:events:639:26)
    at Socket.emit (node:events:524:28)
    at TCP.<anonymous> (node:net:351:12)
2026-05-07 00:56:29 [ERROR]: Redis error: Socket closed unexpectedly
Error: Socket closed unexpectedly
    at Socket.<anonymous> (C:\Users\kajal\OneDrive\Desktop\subscription\backend\node_modules\@redis\client\dist\lib\client\socket.js:194:118)
    at Object.onceWrapper (node:events:639:26)
    at Socket.emit (node:events:524:28)
    at TCP.<anonymous> (node:net:351:12)
2026-05-07 00:56:29 [ERROR]: Redis error: Socket closed unexpectedly
Error: Socket closed unexpectedly
    at Socket.<anonymous> (C:\Users\kajal\OneDrive\Desktop\subscription\backend\node_modules\@redis\client\dist\lib\client\socket.js:194:118)
    at Object.onceWrapper (node:events:639:26)
    at Socket.emit (node:events:524:28)
    at TCP.<anonymous> (node:net:351:12)
2026-05-07 00:56:30 [ERROR]: Redis error: Socket closed unexpectedly
Error: Socket closed unexpectedly
    at Socket.<anonymous> (C:\Users\kajal\OneDrive\Desktop\subscription\backend\node_modules\@redis\client\dist\lib\client\socket.js:194:118)
    at Object.onceWrapper (node:events:639:26)
    at Socket.emit (node:events:524:28)
    at TCP.<anonymous> (node:net:351:12)
2026-05-07 00:56:30 [ERROR]: Redis error: Socket closed unexpectedly
Error: Socket closed unexpectedly
    at Socket.<anonymous> (C:\Users\kajal\OneDrive\Desktop\subscription\backend\node_modules\@redis\client\dist\lib\client\socket.js:194:118)
    at Object.onceWrapper (node:events:639:26)
    at Socket.emit (node:events:524:28)
    at TCP.<anonymous> (node:net:351:12)
2026-05-07 00:56:30 [ERROR]: Redis error: Socket closed unexpectedly
Error: Socket closed unexpectedly
    at Socket.<anonymous> (C:\Users\kajal\OneDrive\Desktop\subscription\backend\node_modules\@redis\client\dist\lib\client\socket.js:194:118)
    at Object.onceWrapper (node:events:639:26)
    at Socket.emit (node:events:524:28)
    at TCP.<anonymous> (node:net:351:12)
2026-05-07 00:56:30 [ERROR]: Redis error: Socket closed unexpectedly
Error: Socket closed unexpectedly
    at Socket.<anonymous> (C:\Users\kajal\OneDrive\Desktop\subscription\backend\node_modules\@redis\client\dist\lib\client\socket.js:194:118)
    at Object.onceWrapper (node:events:639:26)
    at Socket.emit (node:events:524:28)
    at TCP.<anonymous> (node:net:351:12)
2026-05-07 00:56:31 [ERROR]: Redis error: Socket closed unexpectedly
Error: Socket closed unexpectedly
    at Socket.<anonymous> (C:\Users\kajal\OneDrive\Desktop\subscription\backend\node_modules\@redis\client\dist\lib\client\socket.js:194:118)
    at Object.onceWrapper (node:events:639:26)
    at Socket.emit (node:events:524:28)
    at TCP.<anonymous> (node:net:351:12)
2026-05-07 00:56:31 [ERROR]: Redis error: Socket closed unexpectedly
Error: Socket closed unexpectedly
    at Socket.<anonymous> (C:\Users\kajal\OneDrive\Desktop\subscription\backend\node_modules\@redis\client\dist\lib\client\socket.js:194:118)
    at Object.onceWrapper (node:events:639:26)
    at Socket.emit (node:events:524:28)
    at TCP.<anonymous> (node:net:351:12)
2026-05-07 00:56:31 [ERROR]: Redis error: Socket closed unexpectedly
Error: Socket closed unexpectedly
    at Socket.<anonymous> (C:\Users\kajal\OneDrive\Desktop\subscription\backend\node_modules\@redis\client\dist\lib\client\socket.js:194:118)
    at Object.onceWrapper (node:events:639:26)
    at Socket.emit (node:events:524:28)
    at TCP.<anonymous> (node:net:351:12)
2026-05-07 00:56:31 [ERROR]: Redis error: Socket closed unexpectedly
Error: Socket closed unexpectedly
    at Socket.<anonymous> (C:\Users\kajal\OneDrive\Desktop\subscription\backend\node_modules\@redis\client\dist\lib\client\socket.js:194:118)
    at Object.onceWrapper (node:events:639:26)
    at Socket.emit (node:events:524:28)
    at TCP.<anonymous> (node:net:351:12)
2026-05-07 00:56:32 [ERROR]: Redis error: Socket closed unexpectedly
Error: Socket closed unexpectedly
    at Socket.<anonymous> (C:\Users\kajal\OneDrive\Desktop\subscription\backend\node_modules\@redis\client\dist\lib\client\socket.js:194:118)
    at Object.onceWrapper (node:events:639:26)
    at Socket.emit (node:events:524:28)
    at TCP.<anonymous> (node:net:351:12)
2026-05-07 00:56:32 [ERROR]: Redis error: Socket closed unexpectedly
Error: Socket closed unexpectedly
    at Socket.<anonymous> (C:\Users\kajal\OneDrive\Desktop\subscription\backend\node_modules\@redis\client\dist\lib\client\socket.js:194:118)
    at Object.onceWrapper (node:events:639:26)
    at Socket.emit (node:events:524:28)
    at TCP.<anonymous> (node:net:351:12)
2026-05-07 00:56:33 [ERROR]: Redis error: Socket closed unexpectedly
Error: Socket closed unexpectedly
    at Socket.<anonymous> (C:\Users\kajal\OneDrive\Desktop\subscription\backend\node_modules\@redis\client\dist\lib\client\socket.js:194:118)
    at Object.onceWrapper (node:events:639:26)
    at Socket.emit (node:events:524:28)
    at TCP.<anonymous> (node:net:351:12)
2026-05-07 00:56:33 [ERROR]: Redis error: Socket closed unexpectedly
Error: Socket closed unexpectedly
    at Socket.<anonymous> (C:\Users\kajal\OneDrive\Desktop\subscription\backend\node_modules\@redis\client\dist\lib\client\socket.js:194:118)
    at Object.onceWrapper (node:events:639:26)
    at Socket.emit (node:events:524:28)
    at TCP.<anonymous> (node:net:351:12)
2026-05-07 00:56:34 [ERROR]: Redis error: Socket closed unexpectedly
Error: Socket closed unexpectedly
    at Socket.<anonymous> (C:\Users\kajal\OneDrive\Desktop\subscription\backend\node_modules\@redis\client\dist\lib\client\socket.js:194:118)
    at Object.onceWrapper (node:events:639:26)
    at Socket.emit (node:events:524:28)
    at TCP.<anonymous> (node:net:351:12)
2026-05-07 00:56:34 [ERROR]: Redis error: Socket closed unexpectedly
Error: Socket closed unexpectedly
    at Socket.<anonymous> (C:\Users\kajal\OneDrive\Desktop\subscription\backend\node_modules\@redis\client\dist\lib\client\socket.js:194:118)
    at Object.onceWrapper (node:events:639:26)
    at Socket.emit (node:events:524:28)
    at TCP.<anonymous> (node:net:351:12)
2026-05-07 00:56:34 [ERROR]: Redis error: Socket closed unexpectedly
Error: Socket closed unexpectedly
    at Socket.<anonymous> (C:\Users\kajal\OneDrive\Desktop\subscription\backend\node_modules\@redis\client\dist\lib\client\socket.js:194:118)
    at Object.onceWrapper (node:events:639:26)
    at Socket.emit (node:events:524:28)
    at TCP.<anonymous> (node:net:351:12)
2026-05-07 00:56:34 [ERROR]: Redis error: Socket closed unexpectedly
Error: Socket closed unexpectedly
    at Socket.<anonymous> (C:\Users\kajal\OneDrive\Desktop\subscription\backend\node_modules\@redis\client\dist\lib\client\socket.js:194:118)
    at Object.onceWrapper (node:events:639:26)
    at Socket.emit (node:events:524:28)
    at TCP.<anonymous> (node:net:351:12)
2026-05-07 00:56:35 [ERROR]: Redis error: Socket closed unexpectedly
Error: Socket closed unexpectedly
    at Socket.<anonymous> (C:\Users\kajal\OneDrive\Desktop\subscription\backend\node_modules\@redis\client\dist\lib\client\socket.js:194:118)
    at Object.onceWrapper (node:events:639:26)
    at Socket.emit (node:events:524:28)
    at TCP.<anonymous> (node:net:351:12)
2026-05-07 00:56:35 [ERROR]: Redis error: Socket closed unexpectedly
Error: Socket closed unexpectedly
    at Socket.<anonymous> (C:\Users\kajal\OneDrive\Desktop\subscription\backend\node_modules\@redis\client\dist\lib\client\socket.js:194:118)
    at Object.onceWrapper (node:events:639:26)
    at Socket.emit (node:events:524:28)
    at TCP.<anonymous> (node:net:351:12)
2026-05-07 00:56:36 [ERROR]: Redis error: Socket closed unexpectedly
Error: Socket closed unexpectedly
    at Socket.<anonymous> (C:\Users\kajal\OneDrive\Desktop\subscription\backend\node_modules\@redis\client\dist\lib\client\socket.js:194:118)
    at Object.onceWrapper (node:events:639:26)
    at Socket.emit (node:events:524:28)
    at TCP.<anonymous> (node:net:351:12)
2026-05-07 00:56:36 [ERROR]: Redis error: Socket closed unexpectedly
Error: Socket closed unexpectedly
    at Socket.<anonymous> (C:\Users\kajal\OneDrive\Desktop\subscription\backend\node_modules\@redis\client\dist\lib\client\socket.js:194:118)
    at Object.onceWrapper (node:events:639:26)
    at Socket.emit (node:events:524:28)
    at TCP.<anonymous> (node:net:351:12)
2026-05-07 00:56:36 [ERROR]: Redis error: Socket closed unexpectedly
Error: Socket closed unexpectedly
    at Socket.<anonymous> (C:\Users\kajal\OneDrive\Desktop\subscription\backend\node_modules\@redis\client\dist\lib\client\socket.js:194:118)
    at Object.onceWrapper (node:events:639:26)
    at Socket.emit (node:events:524:28)
    at TCP.<anonymous> (node:net:351:12)
2026-05-07 00:56:36 [ERROR]: Redis error: Socket closed unexpectedly
Error: Socket closed unexpectedly
    at Socket.<anonymous> (C:\Users\kajal\OneDrive\Desktop\subscription\backend\node_modules\@redis\client\dist\lib\client\socket.js:194:118)
    at Object.onceWrapper (node:events:639:26)
    at Socket.emit (node:events:524:28)
    at TCP.<anonymous> (node:net:351:12)
2026-05-07 00:56:37 [ERROR]: Redis error: Socket closed unexpectedly
Error: Socket closed unexpectedly
    at Socket.<anonymous> (C:\Users\kajal\OneDrive\Desktop\subscription\backend\node_modules\@redis\client\dist\lib\client\socket.js:194:118)
    at Object.onceWrapper (node:events:639:26)
    at Socket.emit (node:events:524:28)
    at TCP.<anonymous> (node:net:351:12)
2026-05-07 00:56:37 [ERROR]: Redis error: Socket closed unexpectedly
Error: Socket closed unexpectedly
    at Socket.<anonymous> (C:\Users\kajal\OneDrive\Desktop\subscription\backend\node_modules\@redis\client\dist\lib\client\socket.js:194:118)
    at Object.onceWrapper (node:events:639:26)
    at Socket.emit (node:events:524:28)
    at TCP.<anonymous> (node:net:351:12)
2026-05-07 00:56:37 [ERROR]: Redis error: Socket closed unexpectedly
Error: Socket closed unexpectedly
    at Socket.<anonymous> (C:\Users\kajal\OneDrive\Desktop\subscription\backend\node_modules\@redis\client\dist\lib\client\socket.js:194:118)
    at Object.onceWrapper (node:events:639:26)
    at Socket.emit (node:events:524:28)
    at TCP.<anonymous> (node:net:351:12)
2026-05-07 00:56:37 [ERROR]: Redis error: Socket closed unexpectedly
Error: Socket closed unexpectedly
    at Socket.<anonymous> (C:\Users\kajal\OneDrive\Desktop\subscription\backend\node_modules\@redis\client\dist\lib\client\socket.js:194:118)
    at Object.onceWrapper (node:events:639:26)
    at Socket.emit (node:events:524:28)
    at TCP.<anonymous> (node:net:351:12)
2026-05-07 00:56:38 [ERROR]: Redis error: Socket closed unexpectedly
Error: Socket closed unexpectedly
    at Socket.<anonymous> (C:\Users\kajal\OneDrive\Desktop\subscription\backend\node_modules\@redis\client\dist\lib\client\socket.js:194:118)
    at Object.onceWrapper (node:events:639:26)
    at Socket.emit (node:events:524:28)
    at TCP.<anonymous> (node:net:351:12)
2026-05-07 00:56:38 [ERROR]: Redis error: Socket closed unexpectedly
Error: Socket closed unexpectedly
    at Socket.<anonymous> (C:\Users\kajal\OneDrive\Desktop\subscription\backend\node_modules\@redis\client\dist\lib\client\socket.js:194:118)
    at Object.onceWrapper (node:events:639:26)
    at Socket.emit (node:events:524:28)
    at TCP.<anonymous> (node:net:351:12)
2026-05-07 00:56:39 [ERROR]: Redis error: Socket closed unexpectedly
Error: Socket closed unexpectedly
    at Socket.<anonymous> (C:\Users\kajal\OneDrive\Desktop\subscription\backend\node_modules\@redis\client\dist\lib\client\socket.js:194:118)
    at Object.onceWrapper (node:events:639:26)
    at Socket.emit (node:events:524:28)
    at TCP.<anonymous> (node:net:351:12)
2026-05-07 00:56:39 [ERROR]: Redis error: Socket closed unexpectedly
Error: Socket closed unexpectedly
    at Socket.<anonymous> (C:\Users\kajal\OneDrive\Desktop\subscription\backend\node_modules\@redis\client\dist\lib\client\socket.js:194:118)
    at Object.onceWrapper (node:events:639:26)
    at Socket.emit (node:events:524:28)
    at TCP.<anonymous> (node:net:351:12)
2026-05-07 00:56:39 [ERROR]: Redis error: Socket closed unexpectedly
Error: Socket closed unexpectedly
    at Socket.<anonymous> (C:\Users\kajal\OneDrive\Desktop\subscription\backend\node_modules\@redis\client\dist\lib\client\socket.js:194:118)
    at Object.onceWrapper (node:events:639:26)
    at Socket.emit (node:events:524:28)
    at TCP.<anonymous> (node:net:351:12)
2026-05-07 00:56:39 [ERROR]: Redis error: Socket closed unexpectedly
Error: Socket closed unexpectedly
    at Socket.<anonymous> (C:\Users\kajal\OneDrive\Desktop\subscription\backend\node_modules\@redis\client\dist\lib\client\socket.js:194:118)
    at Object.onceWrapper (node:events:639:26)
    at Socket.emit (node:events:524:28)
    at TCP.<anonymous> (node:net:351:12)
2026-05-07 00:56:40 [ERROR]: Redis error: Socket closed unexpectedly
Error: Socket closed unexpectedly
    at Socket.<anonymous> (C:\Users\kajal\OneDrive\Desktop\subscription\backend\node_modules\@redis\client\dist\lib\client\socket.js:194:118)
    at Object.onceWrapper (node:events:639:26)
    at Socket.emit (node:events:524:28)
    at TCP.<anonymous> (node:net:351:12)
2026-05-07 00:56:40 [ERROR]: Redis error: Socket closed unexpectedly
Error: Socket closed unexpectedly
    at Socket.<anonymous> (C:\Users\kajal\OneDrive\Desktop\subscription\backend\node_modules\@redis\client\dist\lib\client\socket.js:194:118)
    at Object.onceWrapper (node:events:639:26)
    at Socket.emit (node:events:524:28)
    at TCP.<anonymous> (node:net:351:12)
2026-05-07 00:56:41 [ERROR]: Redis error: Socket closed unexpectedly
Error: Socket closed unexpectedly
    at Socket.<anonymous> (C:\Users\kajal\OneDrive\Desktop\subscription\backend\node_modules\@redis\client\dist\lib\client\socket.js:194:118)
    at Object.onceWrapper (node:events:639:26)
    at Socket.emit (node:events:524:28)
    at TCP.<anonymous> (node:net:351:12)
2026-05-07 00:56:41 [ERROR]: Redis error: Socket closed unexpectedly
Error: Socket closed unexpectedly
    at Socket.<anonymous> (C:\Users\kajal\OneDrive\Desktop\subscription\backend\node_modules\@redis\client\dist\lib\client\socket.js:194:118)
    at Object.onceWrapper (node:events:639:26)
    at Socket.emit (node:events:524:28)
    at TCP.<anonymous> (node:net:351:12)
2026-05-07 00:56:41 [ERROR]: Redis error: Socket closed unexpectedly
Error: Socket closed unexpectedly
    at Socket.<anonymous> (C:\Users\kajal\OneDrive\Desktop\subscription\backend\node_modules\@redis\client\dist\lib\client\socket.js:194:118)
    at Object.onceWrapper (node:events:639:26)
    at Socket.emit (node:events:524:28)
    at TCP.<anonymous> (node:net:351:12)
2026-05-07 00:56:41 [ERROR]: Redis error: Socket closed unexpectedly
Error: Socket closed unexpectedly
    at Socket.<anonymous> (C:\Users\kajal\OneDrive\Desktop\subscription\backend\node_modules\@redis\client\dist\lib\client\socket.js:194:118)
    at Object.onceWrapper (node:events:639:26)
    at Socket.emit (node:events:524:28)
    at TCP.<anonymous> (node:net:351:12)
2026-05-07 00:56:42 [ERROR]: Redis error: Socket closed unexpectedly
Error: Socket closed unexpectedly
    at Socket.<anonymous> (C:\Users\kajal\OneDrive\Desktop\subscription\backend\node_modules\@redis\client\dist\lib\client\socket.js:194:118)
    at Object.onceWrapper (node:events:639:26)
    at Socket.emit (node:events:524:28)
    at TCP.<anonymous> (node:net:351:12)
2026-05-07 00:56:42 [ERROR]: Redis error: Socket closed unexpectedly
Error: Socket closed unexpectedly
    at Socket.<anonymous> (C:\Users\kajal\OneDrive\Desktop\subscription\backend\node_modules\@redis\client\dist\lib\client\socket.js:194:118)
    at Object.onceWrapper (node:events:639:26)
    at Socket.emit (node:events:524:28)
    at TCP.<anonymous> (node:net:351:12)
2026-05-07 00:56:42 [ERROR]: Redis error: Socket closed unexpectedly
Error: Socket closed unexpectedly
    at Socket.<anonymous> (C:\Users\kajal\OneDrive\Desktop\subscription\backend\node_modules\@redis\client\dist\lib\client\socket.js:194:118)
    at Object.onceWrapper (node:events:639:26)
    at Socket.emit (node:events:524:28)
    at TCP.<anonymous> (node:net:351:12)
2026-05-07 00:56:42 [ERROR]: Redis error: Socket closed unexpectedly
Error: Socket closed unexpectedly
    at Socket.<anonymous> (C:\Users\kajal\OneDrive\Desktop\subscription\backend\node_modules\@redis\client\dist\lib\client\socket.js:194:118)
    at Object.onceWrapper (node:events:639:26)
    at Socket.emit (node:events:524:28)
    at TCP.<anonymous> (node:net:351:12)
2026-05-07 00:56:43 [ERROR]: Redis error: Socket closed unexpectedly
Error: Socket closed unexpectedly
    at Socket.<anonymous> (C:\Users\kajal\OneDrive\Desktop\subscription\backend\node_modules\@redis\client\dist\lib\client\socket.js:194:118)
    at Object.onceWrapper (node:events:639:26)
    at Socket.emit (node:events:524:28)
    at TCP.<anonymous> (node:net:351:12)
2026-05-07 00:56:43 [ERROR]: Redis error: Socket closed unexpectedly
Error: Socket closed unexpectedly
    at Socket.<anonymous> (C:\Users\kajal\OneDrive\Desktop\subscription\backend\node_modules\@redis\client\dist\lib\client\socket.js:194:118)
    at Object.onceWrapper (node:events:639:26)
    at Socket.emit (node:events:524:28)
    at TCP.<anonymous> (node:net:351:12)
2026-05-07 00:56:44 [ERROR]: Redis error: Socket closed unexpectedly
Error: Socket closed unexpectedly
    at Socket.<anonymous> (C:\Users\kajal\OneDrive\Desktop\subscription\backend\node_modules\@redis\client\dist\lib\client\socket.js:194:118)
    at Object.onceWrapper (node:events:639:26)
    at Socket.emit (node:events:524:28)
    at TCP.<anonymous> (node:net:351:12)
2026-05-07 00:56:44 [ERROR]: Redis error: Socket closed unexpectedly
Error: Socket closed unexpectedly
    at Socket.<anonymous> (C:\Users\kajal\OneDrive\Desktop\subscription\backend\node_modules\@redis\client\dist\lib\client\socket.js:194:118)
    at Object.onceWrapper (node:events:639:26)
    at Socket.emit (node:events:524:28)
    at TCP.<anonymous> (node:net:351:12)
2026-05-07 00:56:44 [ERROR]: Redis error: Socket closed unexpectedly
Error: Socket closed unexpectedly
    at Socket.<anonymous> (C:\Users\kajal\OneDrive\Desktop\subscription\backend\node_modules\@redis\client\dist\lib\client\socket.js:194:118)
    at Object.onceWrapper (node:events:639:26)
    at Socket.emit (node:events:524:28)
    at TCP.<anonymous> (node:net:351:12)
2026-05-07 00:56:44 [ERROR]: Redis error: Socket closed unexpectedly
Error: Socket closed unexpectedly
    at Socket.<anonymous> (C:\Users\kajal\OneDrive\Desktop\subscription\backend\node_modules\@redis\client\dist\lib\client\socket.js:194:118)
    at Object.onceWrapper (node:events:639:26)
    at Socket.emit (node:events:524:28)
    at TCP.<anonymous> (node:net:351:12)
2026-05-07 00:56:45 [ERROR]: Redis error: Socket closed unexpectedly
Error: Socket closed unexpectedly
    at Socket.<anonymous> (C:\Users\kajal\OneDrive\Desktop\subscription\backend\node_modules\@redis\client\dist\lib\client\socket.js:194:118)
    at Object.onceWrapper (node:events:639:26)
    at Socket.emit (node:events:524:28)
    at TCP.<anonymous> (node:net:351:12)
2026-05-07 00:56:45 [ERROR]: Redis error: Socket closed unexpectedly
Error: Socket closed unexpectedly
    at Socket.<anonymous> (C:\Users\kajal\OneDrive\Desktop\subscription\backend\node_modules\@redis\client\dist\lib\client\socket.js:194:118)
    at Object.onceWrapper (node:events:639:26)
    at Socket.emit (node:events:524:28)
    at TCP.<anonymous> (node:net:351:12)
2026-05-07 00:56:46 [ERROR]: Redis error: Socket closed unexpectedly
Error: Socket closed unexpectedly
    at Socket.<anonymous> (C:\Users\kajal\OneDrive\Desktop\subscription\backend\node_modules\@redis\client\dist\lib\client\socket.js:194:118)
    at Object.onceWrapper (node:events:639:26)
    at Socket.emit (node:events:524:28)
    at TCP.<anonymous> (node:net:351:12)
2026-05-07 00:56:46 [ERROR]: Redis error: Socket closed unexpectedly
Error: Socket closed unexpectedly
    at Socket.<anonymous> (C:\Users\kajal\OneDrive\Desktop\subscription\backend\node_modules\@redis\client\dist\lib\client\socket.js:194:118)
    at Object.onceWrapper (node:events:639:26)
    at Socket.emit (node:events:524:28)
    at TCP.<anonymous> (node:net:351:12)
2026-05-07 00:56:46 [ERROR]: Redis error: Socket closed unexpectedly
Error: Socket closed unexpectedly
    at Socket.<anonymous> (C:\Users\kajal\OneDrive\Desktop\subscription\backend\node_modules\@redis\client\dist\lib\client\socket.js:194:118)
    at Object.onceWrapper (node:events:639:26)
    at Socket.emit (node:events:524:28)
    at TCP.<anonymous> (node:net:351:12)
2026-05-07 00:56:46 [ERROR]: Redis error: Socket closed unexpectedly
Error: Socket closed unexpectedly
    at Socket.<anonymous> (C:\Users\kajal\OneDrive\Desktop\subscription\backend\node_modules\@redis\client\dist\lib\client\socket.js:194:118)
    at Object.onceWrapper (node:events:639:26)
    at Socket.emit (node:events:524:28)
    at TCP.<anonymous> (node:net:351:12)
2026-05-07 00:56:47 [ERROR]: Redis error: Socket closed unexpectedly
Error: Socket closed unexpectedly
    at Socket.<anonymous> (C:\Users\kajal\OneDrive\Desktop\subscription\backend\node_modules\@redis\client\dist\lib\client\socket.js:194:118)
    at Object.onceWrapper (node:events:639:26)
    at Socket.emit (node:events:524:28)
    at TCP.<anonymous> (node:net:351:12)
2026-05-07 00:56:47 [ERROR]: Redis error: Socket closed unexpectedly
Error: Socket closed unexpectedly
    at Socket.<anonymous> (C:\Users\kajal\OneDrive\Desktop\subscription\backend\node_modules\@redis\client\dist\lib\client\socket.js:194:118)
    at Object.onceWrapper (node:events:639:26)
    at Socket.emit (node:events:524:28)
    at TCP.<anonymous> (node:net:351:12)
2026-05-07 00:56:47 [ERROR]: Redis error: Socket closed unexpectedly
Error: Socket closed unexpectedly
    at Socket.<anonymous> (C:\Users\kajal\OneDrive\Desktop\subscription\backend\node_modules\@redis\client\dist\lib\client\socket.js:194:118)
    at Object.onceWrapper (node:events:639:26)
    at Socket.emit (node:events:524:28)
    at TCP.<anonymous> (node:net:351:12)
2026-05-07 00:56:47 [ERROR]: Redis error: Socket closed unexpectedly
Error: Socket closed unexpectedly
    at Socket.<anonymous> (C:\Users\kajal\OneDrive\Desktop\subscription\backend\node_modules\@redis\client\dist\lib\client\socket.js:194:118)
    at Object.onceWrapper (node:events:639:26)
    at Socket.emit (node:events:524:28)
    at TCP.<anonymous> (node:net:351:12)
2026-05-07 00:56:48 [ERROR]: Redis error: Socket closed unexpectedly
Error: Socket closed unexpectedly
    at Socket.<anonymous> (C:\Users\kajal\OneDrive\Desktop\subscription\backend\node_modules\@redis\client\dist\lib\client\socket.js:194:118)
    at Object.onceWrapper (node:events:639:26)
    at Socket.emit (node:events:524:28)
    at TCP.<anonymous> (node:net:351:12)
2026-05-07 00:56:48 [ERROR]: Redis error: Socket closed unexpectedly
Error: Socket closed unexpectedly
    at Socket.<anonymous> (C:\Users\kajal\OneDrive\Desktop\subscription\backend\node_modules\@redis\client\dist\lib\client\socket.js:194:118)
    at Object.onceWrapper (node:events:639:26)
    at Socket.emit (node:events:524:28)
    at TCP.<anonymous> (node:net:351:12)
2026-05-07 00:57:12 [ERROR]: Redis error: Socket closed unexpectedly
Error: Socket closed unexpectedly
    at Socket.<anonymous> (C:\Users\kajal\OneDrive\Desktop\subscription\backend\node_modules\@redis\client\dist\lib\client\socket.js:194:118)
    at Object.onceWrapper (node:events:639:26)
    at Socket.emit (node:events:524:28)
    at TCP.<anonymous> (node:net:351:12)
2026-05-07 00:57:12 [ERROR]: Redis error: Socket closed unexpectedly
Error: Socket closed unexpectedly
    at Socket.<anonymous> (C:\Users\kajal\OneDrive\Desktop\subscription\backend\node_modules\@redis\client\dist\lib\client\socket.js:194:118)
    at Object.onceWrapper (node:events:639:26)
    at Socket.emit (node:events:524:28)
    at TCP.<anonymous> (node:net:351:12)
2026-05-07 00:57:12 [ERROR]: Redis error: Socket closed unexpectedly
Error: Socket closed unexpectedly
    at Socket.<anonymous> (C:\Users\kajal\OneDrive\Desktop\subscription\backend\node_modules\@redis\client\dist\lib\client\socket.js:194:118)
    at Object.onceWrapper (node:events:639:26)
    at Socket.emit (node:events:524:28)
    at TCP.<anonymous> (node:net:351:12)
2026-05-07 00:57:12 [ERROR]: Redis error: Socket closed unexpectedly
Error: Socket closed unexpectedly
    at Socket.<anonymous> (C:\Users\kajal\OneDrive\Desktop\subscription\backend\node_modules\@redis\client\dist\lib\client\socket.js:194:118)
    at Object.onceWrapper (node:events:639:26)
    at Socket.emit (node:events:524:28)
    at TCP.<anonymous> (node:net:351:12)
2026-05-07 00:57:12 [ERROR]: Redis error: Socket closed unexpectedly
Error: Socket closed unexpectedly
    at Socket.<anonymous> (C:\Users\kajal\OneDrive\Desktop\subscription\backend\node_modules\@redis\client\dist\lib\client\socket.js:194:118)
    at Object.onceWrapper (node:events:639:26)
    at Socket.emit (node:events:524:28)
    at TCP.<anonymous> (node:net:351:12)
2026-05-07 00:57:12 [ERROR]: Redis error: Socket closed unexpectedly
Error: Socket closed unexpectedly
    at Socket.<anonymous> (C:\Users\kajal\OneDrive\Desktop\subscription\backend\node_modules\@redis\client\dist\lib\client\socket.js:194:118)
    at Object.onceWrapper (node:events:639:26)
    at Socket.emit (node:events:524:28)
    at TCP.<anonymous> (node:net:351:12)
2026-05-07 00:57:13 [ERROR]: Redis error: Socket closed unexpectedly
Error: Socket closed unexpectedly
    at Socket.<anonymous> (C:\Users\kajal\OneDrive\Desktop\subscription\backend\node_modules\@redis\client\dist\lib\client\socket.js:194:118)
    at Object.onceWrapper (node:events:639:26)
    at Socket.emit (node:events:524:28)
    at TCP.<anonymous> (node:net:351:12)
2026-05-07 00:57:13 [ERROR]: Redis error: Socket closed unexpectedly
Error: Socket closed unexpectedly
    at Socket.<anonymous> (C:\Users\kajal\OneDrive\Desktop\subscription\backend\node_modules\@redis\client\dist\lib\client\socket.js:194:118)
    at Object.onceWrapper (node:events:639:26)
    at Socket.emit (node:events:524:28)
    at TCP.<anonymous> (node:net:351:12)
2026-05-07 00:57:13 [ERROR]: Redis error: Socket closed unexpectedly
Error: Socket closed unexpectedly
    at Socket.<anonymous> (C:\Users\kajal\OneDrive\Desktop\subscription\backend\node_modules\@redis\client\dist\lib\client\socket.js:194:118)
    at Object.onceWrapper (node:events:639:26)
    at Socket.emit (node:events:524:28)
    at TCP.<anonymous> (node:net:351:12)
2026-05-07 00:57:13 [ERROR]: Redis error: Socket closed unexpectedly
Error: Socket closed unexpectedly
    at Socket.<anonymous> (C:\Users\kajal\OneDrive\Desktop\subscription\backend\node_modules\@redis\client\dist\lib\client\socket.js:194:118)
    at Object.onceWrapper (node:events:639:26)
    at Socket.emit (node:events:524:28)
    at TCP.<anonymous> (node:net:351:12)
2026-05-07 01:02:46 [ERROR]: Database query error {"text":"SELECT m.*, mc.name AS category_name, w.name AS warehouse_name,\n              s.name AS supplier_name, s.contact_person AS supplier_contact\n       FROM materials m\n       LEFT JOIN material_categories mc ON m.category_id = mc.id\n       LEFT JOIN warehouses w ON m.warehouse_id = w.id\n       LEFT JOIN suppliers s ON m.supplier_id = s.id\n       WHERE m.id = $1 AND m.company_id = $2 AND m.deleted_at IS NULL","error":"invalid input syntax for type uuid: \"transactions\""}
2026-05-07 01:02:46 [ERROR]: Error: invalid input syntax for type uuid: "transactions" {"url":"/api/materials/transactions","method":"GET","userId":"00000000-0000-0000-0000-000000000002","companyId":"00000000-0000-0000-0000-000000000001"}
error: invalid input syntax for type uuid: "transactions"
    at C:\Users\kajal\OneDrive\Desktop\subscription\backend\node_modules\pg-pool\index.js:45:11
    at process.processTicksAndRejections (node:internal/process/task_queues:105:5)
    at async query (C:\Users\kajal\OneDrive\Desktop\subscription\backend\src\config\database.js:27:17)
    at async getOne (C:\Users\kajal\OneDrive\Desktop\subscription\backend\src\controllers\material.controller.js:53:20)
2026-05-07 01:02:47 [ERROR]: Database query error {"text":"SELECT m.*, mc.name AS category_name, w.name AS warehouse_name,\n              s.name AS supplier_name, s.contact_person AS supplier_contact\n       FROM materials m\n       LEFT JOIN material_categories mc ON m.category_id = mc.id\n       LEFT JOIN warehouses w ON m.warehouse_id = w.id\n       LEFT JOIN suppliers s ON m.supplier_id = s.id\n       WHERE m.id = $1 AND m.company_id = $2 AND m.deleted_at IS NULL","error":"invalid input syntax for type uuid: \"transactions\""}
2026-05-07 01:02:47 [ERROR]: Error: invalid input syntax for type uuid: "transactions" {"url":"/api/materials/transactions","method":"GET","userId":"00000000-0000-0000-0000-000000000002","companyId":"00000000-0000-0000-0000-000000000001"}
error: invalid input syntax for type uuid: "transactions"
    at C:\Users\kajal\OneDrive\Desktop\subscription\backend\node_modules\pg-pool\index.js:45:11
    at process.processTicksAndRejections (node:internal/process/task_queues:105:5)
    at async query (C:\Users\kajal\OneDrive\Desktop\subscription\backend\src\config\database.js:27:17)
    at async getOne (C:\Users\kajal\OneDrive\Desktop\subscription\backend\src\controllers\material.controller.js:53:20)
2026-05-07 01:02:55 [ERROR]: Database query error {"text":"SELECT m.*, mc.name AS category_name, w.name AS warehouse_name,\n              s.name AS supplier_name, s.contact_person AS supplier_contact\n       FROM materials m\n       LEFT JOIN material_categories mc ON m.category_id = mc.id\n       LEFT JOIN warehouses w ON m.warehouse_id = w.id\n       LEFT JOIN suppliers s ON m.supplier_id = s.id\n       WHERE m.id = $1 AND m.company_id = $2 AND m.deleted_at IS NULL","error":"invalid input syntax for type uuid: \"transactions\""}
2026-05-07 01:02:55 [ERROR]: Error: invalid input syntax for type uuid: "transactions" {"url":"/api/materials/transactions","method":"GET","userId":"00000000-0000-0000-0000-000000000002","companyId":"00000000-0000-0000-0000-000000000001"}
error: invalid input syntax for type uuid: "transactions"
    at C:\Users\kajal\OneDrive\Desktop\subscription\backend\node_modules\pg-pool\index.js:45:11
    at process.processTicksAndRejections (node:internal/process/task_queues:105:5)
    at async query (C:\Users\kajal\OneDrive\Desktop\subscription\backend\src\config\database.js:27:17)
    at async getOne (C:\Users\kajal\OneDrive\Desktop\subscription\backend\src\controllers\material.controller.js:53:20)
2026-05-07 01:02:56 [ERROR]: Database query error {"text":"SELECT m.*, mc.name AS category_name, w.name AS warehouse_name,\n              s.name AS supplier_name, s.contact_person AS supplier_contact\n       FROM materials m\n       LEFT JOIN material_categories mc ON m.category_id = mc.id\n       LEFT JOIN warehouses w ON m.warehouse_id = w.id\n       LEFT JOIN suppliers s ON m.supplier_id = s.id\n       WHERE m.id = $1 AND m.company_id = $2 AND m.deleted_at IS NULL","error":"invalid input syntax for type uuid: \"transactions\""}
2026-05-07 01:02:56 [ERROR]: Error: invalid input syntax for type uuid: "transactions" {"url":"/api/materials/transactions","method":"GET","userId":"00000000-0000-0000-0000-000000000002","companyId":"00000000-0000-0000-0000-000000000001"}
error: invalid input syntax for type uuid: "transactions"
    at C:\Users\kajal\OneDrive\Desktop\subscription\backend\node_modules\pg-pool\index.js:45:11
    at process.processTicksAndRejections (node:internal/process/task_queues:105:5)
    at async query (C:\Users\kajal\OneDrive\Desktop\subscription\backend\src\config\database.js:27:17)
    at async getOne (C:\Users\kajal\OneDrive\Desktop\subscription\backend\src\controllers\material.controller.js:53:20)
2026-05-07 01:02:59 [ERROR]: Database query error {"text":"SELECT m.*, mc.name AS category_name, w.name AS warehouse_name,\n              s.name AS supplier_name, s.contact_person AS supplier_contact\n       FROM materials m\n       LEFT JOIN material_categories mc ON m.category_id = mc.id\n       LEFT JOIN warehouses w ON m.warehouse_id = w.id\n       LEFT JOIN suppliers s ON m.supplier_id = s.id\n       WHERE m.id = $1 AND m.company_id = $2 AND m.deleted_at IS NULL","error":"invalid input syntax for type uuid: \"grn\""}
2026-05-07 01:02:59 [ERROR]: Error: invalid input syntax for type uuid: "grn" {"url":"/api/materials/grn","method":"GET","userId":"00000000-0000-0000-0000-000000000002","companyId":"00000000-0000-0000-0000-000000000001"}
error: invalid input syntax for type uuid: "grn"
    at C:\Users\kajal\OneDrive\Desktop\subscription\backend\node_modules\pg-pool\index.js:45:11
    at process.processTicksAndRejections (node:internal/process/task_queues:105:5)
    at async query (C:\Users\kajal\OneDrive\Desktop\subscription\backend\src\config\database.js:27:17)
    at async getOne (C:\Users\kajal\OneDrive\Desktop\subscription\backend\src\controllers\material.controller.js:53:20)
2026-05-07 01:03:01 [ERROR]: Database query error {"text":"SELECT m.*, mc.name AS category_name, w.name AS warehouse_name,\n              s.name AS supplier_name, s.contact_person AS supplier_contact\n       FROM materials m\n       LEFT JOIN material_categories mc ON m.category_id = mc.id\n       LEFT JOIN warehouses w ON m.warehouse_id = w.id\n       LEFT JOIN suppliers s ON m.supplier_id = s.id\n       WHERE m.id = $1 AND m.company_id = $2 AND m.deleted_at IS NULL","error":"invalid input syntax for type uuid: \"grn\""}
2026-05-07 01:03:01 [ERROR]: Error: invalid input syntax for type uuid: "grn" {"url":"/api/materials/grn","method":"GET","userId":"00000000-0000-0000-0000-000000000002","companyId":"00000000-0000-0000-0000-000000000001"}
error: invalid input syntax for type uuid: "grn"
    at C:\Users\kajal\OneDrive\Desktop\subscription\backend\node_modules\pg-pool\index.js:45:11
    at process.processTicksAndRejections (node:internal/process/task_queues:105:5)
    at async query (C:\Users\kajal\OneDrive\Desktop\subscription\backend\src\config\database.js:27:17)
    at async getOne (C:\Users\kajal\OneDrive\Desktop\subscription\backend\src\controllers\material.controller.js:53:20)
2026-05-07 01:05:44 [ERROR]: Error: Invalid email or password {"url":"/api/auth/login","method":"POST"}
Error: Invalid email or password
    at AuthService.login (C:\Users\kajal\OneDrive\Desktop\subscription\backend\src\services\auth.service.js:41:22)
    at process.processTicksAndRejections (node:internal/process/task_queues:105:5)
    at async login (C:\Users\kajal\OneDrive\Desktop\subscription\backend\src\controllers\auth.controller.js:30:20)
2026-05-07 01:06:15 [ERROR]: Database query error {"text":"SELECT m.*, mc.name AS category_name, w.name AS warehouse_name,\n              s.name AS supplier_name, s.contact_person AS supplier_contact\n       FROM materials m\n       LEFT JOIN material_categories mc ON m.category_id = mc.id\n       LEFT JOIN warehouses w ON m.warehouse_id = w.id\n       LEFT JOIN suppliers s ON m.supplier_id = s.id\n       WHERE m.id = $1 AND m.company_id = $2 AND m.deleted_at IS NULL","error":"invalid input syntax for type uuid: \"transactions\""}
2026-05-07 01:06:15 [ERROR]: Error: invalid input syntax for type uuid: "transactions" {"url":"/api/materials/transactions","method":"GET","userId":"00000000-0000-0000-0000-000000000011","companyId":"00000000-0000-0000-0000-000000000010"}
error: invalid input syntax for type uuid: "transactions"
    at C:\Users\kajal\OneDrive\Desktop\subscription\backend\node_modules\pg-pool\index.js:45:11
    at process.processTicksAndRejections (node:internal/process/task_queues:105:5)
    at async query (C:\Users\kajal\OneDrive\Desktop\subscription\backend\src\config\database.js:27:17)
    at async getOne (C:\Users\kajal\OneDrive\Desktop\subscription\backend\src\controllers\material.controller.js:53:20)
2026-05-07 01:06:16 [ERROR]: Database query error {"text":"SELECT m.*, mc.name AS category_name, w.name AS warehouse_name,\n              s.name AS supplier_name, s.contact_person AS supplier_contact\n       FROM materials m\n       LEFT JOIN material_categories mc ON m.category_id = mc.id\n       LEFT JOIN warehouses w ON m.warehouse_id = w.id\n       LEFT JOIN suppliers s ON m.supplier_id = s.id\n       WHERE m.id = $1 AND m.company_id = $2 AND m.deleted_at IS NULL","error":"invalid input syntax for type uuid: \"transactions\""}
2026-05-07 01:06:16 [ERROR]: Error: invalid input syntax for type uuid: "transactions" {"url":"/api/materials/transactions","method":"GET","userId":"00000000-0000-0000-0000-000000000011","companyId":"00000000-0000-0000-0000-000000000010"}
error: invalid input syntax for type uuid: "transactions"
    at C:\Users\kajal\OneDrive\Desktop\subscription\backend\node_modules\pg-pool\index.js:45:11
    at process.processTicksAndRejections (node:internal/process/task_queues:105:5)
    at async query (C:\Users\kajal\OneDrive\Desktop\subscription\backend\src\config\database.js:27:17)
    at async getOne (C:\Users\kajal\OneDrive\Desktop\subscription\backend\src\controllers\material.controller.js:53:20)
2026-05-07 01:06:24 [ERROR]: Database query error {"text":"SELECT m.*, mc.name AS category_name, w.name AS warehouse_name,\n              s.name AS supplier_name, s.contact_person AS supplier_contact\n       FROM materials m\n       LEFT JOIN material_categories mc ON m.category_id = mc.id\n       LEFT JOIN warehouses w ON m.warehouse_id = w.id\n       LEFT JOIN suppliers s ON m.supplier_id = s.id\n       WHERE m.id = $1 AND m.company_id = $2 AND m.deleted_at IS NULL","error":"invalid input syntax for type uuid: \"grn\""}
2026-05-07 01:06:24 [ERROR]: Error: invalid input syntax for type uuid: "grn" {"url":"/api/materials/grn","method":"GET","userId":"00000000-0000-0000-0000-000000000011","companyId":"00000000-0000-0000-0000-000000000010"}
error: invalid input syntax for type uuid: "grn"
    at C:\Users\kajal\OneDrive\Desktop\subscription\backend\node_modules\pg-pool\index.js:45:11
    at process.processTicksAndRejections (node:internal/process/task_queues:105:5)
    at async query (C:\Users\kajal\OneDrive\Desktop\subscription\backend\src\config\database.js:27:17)
    at async getOne (C:\Users\kajal\OneDrive\Desktop\subscription\backend\src\controllers\material.controller.js:53:20)
2026-05-07 01:06:26 [ERROR]: Database query error {"text":"SELECT m.*, mc.name AS category_name, w.name AS warehouse_name,\n              s.name AS supplier_name, s.contact_person AS supplier_contact\n       FROM materials m\n       LEFT JOIN material_categories mc ON m.category_id = mc.id\n       LEFT JOIN warehouses w ON m.warehouse_id = w.id\n       LEFT JOIN suppliers s ON m.supplier_id = s.id\n       WHERE m.id = $1 AND m.company_id = $2 AND m.deleted_at IS NULL","error":"invalid input syntax for type uuid: \"grn\""}
2026-05-07 01:06:26 [ERROR]: Error: invalid input syntax for type uuid: "grn" {"url":"/api/materials/grn","method":"GET","userId":"00000000-0000-0000-0000-000000000011","companyId":"00000000-0000-0000-0000-000000000010"}
error: invalid input syntax for type uuid: "grn"
    at C:\Users\kajal\OneDrive\Desktop\subscription\backend\node_modules\pg-pool\index.js:45:11
    at process.processTicksAndRejections (node:internal/process/task_queues:105:5)
    at async query (C:\Users\kajal\OneDrive\Desktop\subscription\backend\src\config\database.js:27:17)
    at async getOne (C:\Users\kajal\OneDrive\Desktop\subscription\backend\src\controllers\material.controller.js:53:20)
2026-05-07 01:11:03 [ERROR]: Error: Invalid email or password {"url":"/api/auth/login","method":"POST"}
Error: Invalid email or password
    at AuthService.login (C:\Users\kajal\OneDrive\Desktop\subscription\backend\src\services\auth.service.js:59:13)
    at process.processTicksAndRejections (node:internal/process/task_queues:105:5)
    at async login (C:\Users\kajal\OneDrive\Desktop\subscription\backend\src\controllers\auth.controller.js:30:20)
2026-05-07 01:11:57 [ERROR]: Error: Invalid email or password {"url":"/api/auth/login","method":"POST"}
Error: Invalid email or password
    at AuthService.login (C:\Users\kajal\OneDrive\Desktop\subscription\backend\src\services\auth.service.js:59:13)
    at process.processTicksAndRejections (node:internal/process/task_queues:105:5)
    at async login (C:\Users\kajal\OneDrive\Desktop\subscription\backend\src\controllers\auth.controller.js:30:20)
2026-05-07 01:12:13 [ERROR]: Error: Invalid email or password {"url":"/api/auth/login","method":"POST"}
Error: Invalid email or password
    at AuthService.login (C:\Users\kajal\OneDrive\Desktop\subscription\backend\src\services\auth.service.js:59:13)
    at process.processTicksAndRejections (node:internal/process/task_queues:105:5)
    at async login (C:\Users\kajal\OneDrive\Desktop\subscription\backend\src\controllers\auth.controller.js:30:20)
2026-05-07 01:14:37 [ERROR]: Database query error {"text":"SELECT m.*, mc.name AS category_name, w.name AS warehouse_name,\n              s.name AS supplier_name, s.contact_person AS supplier_contact\n       FROM materials m\n       LEFT JOIN material_categories mc ON m.category_id = mc.id\n       LEFT JOIN warehouses w ON m.warehouse_id = w.id\n       LEFT JOIN suppliers s ON m.supplier_id = s.id\n       WHERE m.id = $1 AND m.company_id = $2 AND m.deleted_at IS NULL","error":"invalid input syntax for type uuid: \"transactions\""}
2026-05-07 01:14:37 [ERROR]: Error: invalid input syntax for type uuid: "transactions" {"url":"/api/materials/transactions","method":"GET","userId":"00000000-0000-0000-0000-000000000014","companyId":"00000000-0000-0000-0000-000000000010"}
error: invalid input syntax for type uuid: "transactions"
    at C:\Users\kajal\OneDrive\Desktop\subscription\backend\node_modules\pg-pool\index.js:45:11
    at process.processTicksAndRejections (node:internal/process/task_queues:105:5)
    at async query (C:\Users\kajal\OneDrive\Desktop\subscription\backend\src\config\database.js:27:17)
    at async getOne (C:\Users\kajal\OneDrive\Desktop\subscription\backend\src\controllers\material.controller.js:53:20)
2026-05-07 01:14:39 [ERROR]: Database query error {"text":"SELECT m.*, mc.name AS category_name, w.name AS warehouse_name,\n              s.name AS supplier_name, s.contact_person AS supplier_contact\n       FROM materials m\n       LEFT JOIN material_categories mc ON m.category_id = mc.id\n       LEFT JOIN warehouses w ON m.warehouse_id = w.id\n       LEFT JOIN suppliers s ON m.supplier_id = s.id\n       WHERE m.id = $1 AND m.company_id = $2 AND m.deleted_at IS NULL","error":"invalid input syntax for type uuid: \"transactions\""}
2026-05-07 01:14:39 [ERROR]: Error: invalid input syntax for type uuid: "transactions" {"url":"/api/materials/transactions","method":"GET","userId":"00000000-0000-0000-0000-000000000014","companyId":"00000000-0000-0000-0000-000000000010"}
error: invalid input syntax for type uuid: "transactions"
    at C:\Users\kajal\OneDrive\Desktop\subscription\backend\node_modules\pg-pool\index.js:45:11
    at process.processTicksAndRejections (node:internal/process/task_queues:105:5)
    at async query (C:\Users\kajal\OneDrive\Desktop\subscription\backend\src\config\database.js:27:17)
    at async getOne (C:\Users\kajal\OneDrive\Desktop\subscription\backend\src\controllers\material.controller.js:53:20)
2026-05-07 01:14:47 [ERROR]: Database query error {"text":"SELECT di.*, m.name AS material_name, m.code AS material_code\n         FROM dispatch_items di\n         LEFT JOIN materials m ON di.material_id = m.id\n         WHERE di.dispatch_id = $1","error":"invalid input syntax for type uuid: \"track\""}
2026-05-07 01:14:47 [ERROR]: Error: invalid input syntax for type uuid: "track" {"url":"/api/dispatches/track","method":"GET","userId":"00000000-0000-0000-0000-000000000014","companyId":"00000000-0000-0000-0000-000000000010"}
error: invalid input syntax for type uuid: "track"
    at C:\Users\kajal\OneDrive\Desktop\subscription\backend\node_modules\pg-pool\index.js:45:11
    at process.processTicksAndRejections (node:internal/process/task_queues:105:5)
    at async query (C:\Users\kajal\OneDrive\Desktop\subscription\backend\src\config\database.js:27:17)
    at async Promise.all (index 1)
    at async getOne (C:\Users\kajal\OneDrive\Desktop\subscription\backend\src\controllers\dispatch.controller.js:51:44)
2026-05-07 01:14:47 [ERROR]: Database query error {"text":"SELECT d.*, c.name AS customer_name, c.gst_number AS customer_gst,\n                c.address_line1 AS customer_address, i.invoice_number,\n                w.name AS warehouse_name\n         FROM dispatches d\n         LEFT JOIN customers c ON d.customer_id = c.id\n         LEFT JOIN invoices i ON d.invoice_id = i.id\n         LEFT JOIN warehouses w ON d.warehouse_id = w.id\n         WHERE d.id = $1 AND d.company_id = $2 AND d.deleted_at IS NULL","error":"invalid input syntax for type uuid: \"track\""}
2026-05-07 01:14:49 [ERROR]: Database query error {"text":"SELECT dt.*, u.first_name || ' ' || u.last_name AS updated_by_name\n         FROM dispatch_tracking dt\n         LEFT JOIN users u ON dt.updated_by = u.id\n         WHERE dt.dispatch_id = $1\n         ORDER BY dt.created_at DESC","error":"invalid input syntax for type uuid: \"track\""}
2026-05-07 01:14:50 [ERROR]: Database query error {"text":"SELECT d.*, c.name AS customer_name, c.gst_number AS customer_gst,\n                c.address_line1 AS customer_address, i.invoice_number,\n                w.name AS warehouse_name\n         FROM dispatches d\n         LEFT JOIN customers c ON d.customer_id = c.id\n         LEFT JOIN invoices i ON d.invoice_id = i.id\n         LEFT JOIN warehouses w ON d.warehouse_id = w.id\n         WHERE d.id = $1 AND d.company_id = $2 AND d.deleted_at IS NULL","error":"invalid input syntax for type uuid: \"track\""}
2026-05-07 01:14:50 [ERROR]: Error: invalid input syntax for type uuid: "track" {"url":"/api/dispatches/track","method":"GET","userId":"00000000-0000-0000-0000-000000000014","companyId":"00000000-0000-0000-0000-000000000010"}
error: invalid input syntax for type uuid: "track"
    at C:\Users\kajal\OneDrive\Desktop\subscription\backend\node_modules\pg-pool\index.js:45:11
    at process.processTicksAndRejections (node:internal/process/task_queues:105:5)
    at async query (C:\Users\kajal\OneDrive\Desktop\subscription\backend\src\config\database.js:27:17)
    at async Promise.all (index 0)
    at async getOne (C:\Users\kajal\OneDrive\Desktop\subscription\backend\src\controllers\dispatch.controller.js:51:44)
2026-05-07 01:14:52 [ERROR]: Database query error {"text":"SELECT di.*, m.name AS material_name, m.code AS material_code\n         FROM dispatch_items di\n         LEFT JOIN materials m ON di.material_id = m.id\n         WHERE di.dispatch_id = $1","error":"invalid input syntax for type uuid: \"track\""}
2026-05-07 01:14:52 [ERROR]: Database query error {"text":"SELECT dt.*, u.first_name || ' ' || u.last_name AS updated_by_name\n         FROM dispatch_tracking dt\n         LEFT JOIN users u ON dt.updated_by = u.id\n         WHERE dt.dispatch_id = $1\n         ORDER BY dt.created_at DESC","error":"invalid input syntax for type uuid: \"track\""}
2026-05-07 11:14:26 [ERROR]: Database query error {"text":"SELECT u.id, u.company_id, u.email, u.first_name, u.last_name,\n              u.role, u.department, u.is_active, u.notification_preferences,\n              c.name AS company_name, c.subscription_plan, c.subscription_expires_at,\n              c.is_active AS company_active\n       FROM users u\n       LEFT JOIN companies c ON u.company_id = c.id\n       WHERE u.id = $1 AND u.deleted_at IS NULL","error":"Connection terminated due to connection timeout"}
2026-05-07 11:14:26 [ERROR]: Error: Connection terminated due to connection timeout {"url":"/api/materials/categories","method":"GET"}
Error: Connection terminated due to connection timeout
    at C:\Users\kajal\OneDrive\Desktop\subscription\backend\node_modules\pg-pool\index.js:45:11
    at process.processTicksAndRejections (node:internal/process/task_queues:105:5)
    at async query (C:\Users\kajal\OneDrive\Desktop\subscription\backend\src\config\database.js:27:17)
    at async authenticate (C:\Users\kajal\OneDrive\Desktop\subscription\backend\src\middleware\auth.js:15:20)
